{ 
    "_id" : ObjectId("5ae96dadae3bb145f0103c2f"), 
    "createdAt" : "2018-05-02T07:50:05.907Z", 
    "updatedAt" : "2018-05-02T07:50:05.907Z", 
    "dateOfEntry" : "2018-05-02", 
    "comments" : "created new project", 
    "projectId" : ObjectId("5ae96dadae3bb145f0103c2e"), 
    "userId" : ObjectId("5adedafd58c28575101c8aea"), 
    "taskId" : null
}
{ 
    "_id" : ObjectId("5ae96daeae3bb145f0103c30"), 
    "createdAt" : "2018-05-02T07:50:06.082Z", 
    "updatedAt" : "2018-05-02T07:50:06.082Z", 
    "dateOfEntry" : "2018-05-02", 
    "comments" : "updated the project details name:RoadRunnerSports (RRS) desc:RRS is a retailer who sells sports related goods online. It is a privately held company based out of San Diego. They have physical stores in different locations of USA. state:2", 
    "projectId" : ObjectId("5ae96dadae3bb145f0103c2e"), 
    "userId" : ObjectId("5adedafd58c28575101c8aea"), 
    "taskId" : null
}
{ 
    "_id" : ObjectId("5ae96dfbae3bb145f0103c32"), 
    "createdAt" : "2018-05-02T07:51:23.508Z", 
    "updatedAt" : "2018-05-02T07:51:23.508Z", 
    "dateOfEntry" : "2018-05-02", 
    "comments" : "created new project", 
    "projectId" : ObjectId("5ae96dfbae3bb145f0103c31"), 
    "userId" : ObjectId("5adedafd58c28575101c8aea"), 
    "taskId" : null
}
{ 
    "_id" : ObjectId("5ae96dfbae3bb145f0103c33"), 
    "createdAt" : "2018-05-02T07:51:23.593Z", 
    "updatedAt" : "2018-05-02T07:51:23.593Z", 
    "dateOfEntry" : "2018-05-02", 
    "comments" : "updated the project details name:LizzardTech Salesforce desc:We are performing development for a Salesforce integrator based out of USA state:2", 
    "projectId" : ObjectId("5ae96dfbae3bb145f0103c31"), 
    "userId" : ObjectId("5adedafd58c28575101c8aea"), 
    "taskId" : null
}
{ 
    "_id" : ObjectId("5ae9709eae3bb145f0103c3d"), 
    "createdAt" : "2018-05-02T08:02:38.514Z", 
    "updatedAt" : "2018-05-02T08:02:38.514Z", 
    "dateOfEntry" : "2018-05-02", 
    "comments" : "new task Apple Pay Mobile Issue fixes is add to the Project", 
    "projectId" : ObjectId("5ae96dadae3bb145f0103c2e"), 
    "userId" : ObjectId("5adedafd58c28575101c8aea"), 
    "taskId" : ObjectId("5ae9709eae3bb145f0103c3b")
}
{ 
    "_id" : ObjectId("5ae9709fae3bb145f0103c3f"), 
    "createdAt" : "2018-05-02T08:02:39.328Z", 
    "updatedAt" : "2018-05-02T08:02:39.328Z", 
    "dateOfEntry" : "2018-05-02", 
    "comments" : " task: 5ae9709eae3bb145f0103c3b is updated with value name:Apple Pay Mobile Issue fixes", 
    "projectId" : ObjectId("5ae96dadae3bb145f0103c2e"), 
    "userId" : ObjectId("5adedafd58c28575101c8aea"), 
    "taskId" : ObjectId("5ae9709eae3bb145f0103c3b")
}
{ 
    "_id" : ObjectId("5ae970aaae3bb145f0103c41"), 
    "createdAt" : "2018-05-02T08:02:50.778Z", 
    "updatedAt" : "2018-05-02T08:02:50.778Z", 
    "dateOfEntry" : "2018-05-02", 
    "comments" : "added Anantharaj M to this project", 
    "projectId" : ObjectId("5ae96dadae3bb145f0103c2e"), 
    "userId" : ObjectId("5adedafd58c28575101c8aea"), 
    "taskId" : null
}
{ 
    "_id" : ObjectId("5ae97d3320dcc2132c376a98"), 
    "createdAt" : "2018-05-02T08:56:19.339Z", 
    "updatedAt" : "2018-05-02T08:56:19.339Z", 
    "dateOfEntry" : "2018-05-02", 
    "comments" : "created new project", 
    "projectId" : ObjectId("5ae97d3320dcc2132c376a97"), 
    "userId" : ObjectId("5adedab158c28575101c8ae6"), 
    "taskId" : null
}
{ 
    "_id" : ObjectId("5ae97d3320dcc2132c376a99"), 
    "createdAt" : "2018-05-02T08:56:19.423Z", 
    "updatedAt" : "2018-05-02T08:56:19.423Z", 
    "dateOfEntry" : "2018-05-02", 
    "comments" : "updated the project details name:General Activities desc:General Activities state:2", 
    "projectId" : ObjectId("5ae97d3320dcc2132c376a97"), 
    "userId" : ObjectId("5adedab158c28575101c8ae6"), 
    "taskId" : null
}
{ 
    "_id" : ObjectId("5ae97d4e20dcc2132c376a9b"), 
    "createdAt" : "2018-05-02T08:56:46.242Z", 
    "updatedAt" : "2018-05-02T08:56:46.242Z", 
    "dateOfEntry" : "2018-05-02", 
    "comments" : "added Rahul S to this project", 
    "projectId" : ObjectId("5ae97d3320dcc2132c376a97"), 
    "userId" : ObjectId("5adedab158c28575101c8ae6"), 
    "taskId" : null
}
{ 
    "_id" : ObjectId("5ae97d4e20dcc2132c376a9d"), 
    "createdAt" : "2018-05-02T08:56:46.258Z", 
    "updatedAt" : "2018-05-02T08:56:46.258Z", 
    "dateOfEntry" : "2018-05-02", 
    "comments" : "added Ramesh to this project", 
    "projectId" : ObjectId("5ae97d3320dcc2132c376a97"), 
    "userId" : ObjectId("5adedab158c28575101c8ae6"), 
    "taskId" : null
}
{ 
    "_id" : ObjectId("5ae97d4e20dcc2132c376a9f"), 
    "createdAt" : "2018-05-02T08:56:46.276Z", 
    "updatedAt" : "2018-05-02T08:56:46.276Z", 
    "dateOfEntry" : "2018-05-02", 
    "comments" : "added Ramesh kumar to this project", 
    "projectId" : ObjectId("5ae97d3320dcc2132c376a97"), 
    "userId" : ObjectId("5adedab158c28575101c8ae6"), 
    "taskId" : null
}
{ 
    "_id" : ObjectId("5ae97d4e20dcc2132c376aa1"), 
    "createdAt" : "2018-05-02T08:56:46.290Z", 
    "updatedAt" : "2018-05-02T08:56:46.290Z", 
    "dateOfEntry" : "2018-05-02", 
    "comments" : "added Test23232 to this project", 
    "projectId" : ObjectId("5ae97d3320dcc2132c376a97"), 
    "userId" : ObjectId("5adedab158c28575101c8ae6"), 
    "taskId" : null
}
{ 
    "_id" : ObjectId("5ae97d4e20dcc2132c376aa3"), 
    "createdAt" : "2018-05-02T08:56:46.309Z", 
    "updatedAt" : "2018-05-02T08:56:46.309Z", 
    "dateOfEntry" : "2018-05-02", 
    "comments" : "added Swetha to this project", 
    "projectId" : ObjectId("5ae97d3320dcc2132c376a97"), 
    "userId" : ObjectId("5adedab158c28575101c8ae6"), 
    "taskId" : null
}
{ 
    "_id" : ObjectId("5ae97d4e20dcc2132c376aa5"), 
    "createdAt" : "2018-05-02T08:56:46.325Z", 
    "updatedAt" : "2018-05-02T08:56:46.325Z", 
    "dateOfEntry" : "2018-05-02", 
    "comments" : "added Tasneem Arief to this project", 
    "projectId" : ObjectId("5ae97d3320dcc2132c376a97"), 
    "userId" : ObjectId("5adedab158c28575101c8ae6"), 
    "taskId" : null
}
{ 
    "_id" : ObjectId("5ae97d4e20dcc2132c376aa7"), 
    "createdAt" : "2018-05-02T08:56:46.344Z", 
    "updatedAt" : "2018-05-02T08:56:46.344Z", 
    "dateOfEntry" : "2018-05-02", 
    "comments" : "added Akilan E to this project", 
    "projectId" : ObjectId("5ae97d3320dcc2132c376a97"), 
    "userId" : ObjectId("5adedab158c28575101c8ae6"), 
    "taskId" : null
}
{ 
    "_id" : ObjectId("5ae97d4e20dcc2132c376aa9"), 
    "createdAt" : "2018-05-02T08:56:46.361Z", 
    "updatedAt" : "2018-05-02T08:56:46.361Z", 
    "dateOfEntry" : "2018-05-02", 
    "comments" : "added Anantharaj M to this project", 
    "projectId" : ObjectId("5ae97d3320dcc2132c376a97"), 
    "userId" : ObjectId("5adedab158c28575101c8ae6"), 
    "taskId" : null
}
{ 
    "_id" : ObjectId("5ae97d4e20dcc2132c376aab"), 
    "createdAt" : "2018-05-02T08:56:46.377Z", 
    "updatedAt" : "2018-05-02T08:56:46.377Z", 
    "dateOfEntry" : "2018-05-02", 
    "comments" : "added Arunprasad S to this project", 
    "projectId" : ObjectId("5ae97d3320dcc2132c376a97"), 
    "userId" : ObjectId("5adedab158c28575101c8ae6"), 
    "taskId" : null
}
{ 
    "_id" : ObjectId("5ae97d4e20dcc2132c376aad"), 
    "createdAt" : "2018-05-02T08:56:46.401Z", 
    "updatedAt" : "2018-05-02T08:56:46.401Z", 
    "dateOfEntry" : "2018-05-02", 
    "comments" : "added Gayathri to this project", 
    "projectId" : ObjectId("5ae97d3320dcc2132c376a97"), 
    "userId" : ObjectId("5adedab158c28575101c8ae6"), 
    "taskId" : null
}
{ 
    "_id" : ObjectId("5ae97d4e20dcc2132c376aaf"), 
    "createdAt" : "2018-05-02T08:56:46.427Z", 
    "updatedAt" : "2018-05-02T08:56:46.427Z", 
    "dateOfEntry" : "2018-05-02", 
    "comments" : "added Isaac to this project", 
    "projectId" : ObjectId("5ae97d3320dcc2132c376a97"), 
    "userId" : ObjectId("5adedab158c28575101c8ae6"), 
    "taskId" : null
}
{ 
    "_id" : ObjectId("5ae97d4e20dcc2132c376ab1"), 
    "createdAt" : "2018-05-02T08:56:46.450Z", 
    "updatedAt" : "2018-05-02T08:56:46.450Z", 
    "dateOfEntry" : "2018-05-02", 
    "comments" : "added Jayanthi to this project", 
    "projectId" : ObjectId("5ae97d3320dcc2132c376a97"), 
    "userId" : ObjectId("5adedab158c28575101c8ae6"), 
    "taskId" : null
}
{ 
    "_id" : ObjectId("5ae97d4e20dcc2132c376ab3"), 
    "createdAt" : "2018-05-02T08:56:46.463Z", 
    "updatedAt" : "2018-05-02T08:56:46.463Z", 
    "dateOfEntry" : "2018-05-02", 
    "comments" : "added Malarvizhi to this project", 
    "projectId" : ObjectId("5ae97d3320dcc2132c376a97"), 
    "userId" : ObjectId("5adedab158c28575101c8ae6"), 
    "taskId" : null
}
{ 
    "_id" : ObjectId("5ae97d4e20dcc2132c376ab5"), 
    "createdAt" : "2018-05-02T08:56:46.482Z", 
    "updatedAt" : "2018-05-02T08:56:46.482Z", 
    "dateOfEntry" : "2018-05-02", 
    "comments" : "added Mani Adhiyaman to this project", 
    "projectId" : ObjectId("5ae97d3320dcc2132c376a97"), 
    "userId" : ObjectId("5adedab158c28575101c8ae6"), 
    "taskId" : null
}
{ 
    "_id" : ObjectId("5ae97d4e20dcc2132c376ab7"), 
    "createdAt" : "2018-05-02T08:56:46.495Z", 
    "updatedAt" : "2018-05-02T08:56:46.495Z", 
    "dateOfEntry" : "2018-05-02", 
    "comments" : "added Manikandan T to this project", 
    "projectId" : ObjectId("5ae97d3320dcc2132c376a97"), 
    "userId" : ObjectId("5adedab158c28575101c8ae6"), 
    "taskId" : null
}
{ 
    "_id" : ObjectId("5ae97d4e20dcc2132c376ab9"), 
    "createdAt" : "2018-05-02T08:56:46.515Z", 
    "updatedAt" : "2018-05-02T08:56:46.515Z", 
    "dateOfEntry" : "2018-05-02", 
    "comments" : "added Mohanlal to this project", 
    "projectId" : ObjectId("5ae97d3320dcc2132c376a97"), 
    "userId" : ObjectId("5adedab158c28575101c8ae6"), 
    "taskId" : null
}
{ 
    "_id" : ObjectId("5ae97d4e20dcc2132c376abb"), 
    "createdAt" : "2018-05-02T08:56:46.539Z", 
    "updatedAt" : "2018-05-02T08:56:46.539Z", 
    "dateOfEntry" : "2018-05-02", 
    "comments" : "added Mukesh to this project", 
    "projectId" : ObjectId("5ae97d3320dcc2132c376a97"), 
    "userId" : ObjectId("5adedab158c28575101c8ae6"), 
    "taskId" : null
}
{ 
    "_id" : ObjectId("5ae97d4e20dcc2132c376abd"), 
    "createdAt" : "2018-05-02T08:56:46.553Z", 
    "updatedAt" : "2018-05-02T08:56:46.553Z", 
    "dateOfEntry" : "2018-05-02", 
    "comments" : "added Nirmala to this project", 
    "projectId" : ObjectId("5ae97d3320dcc2132c376a97"), 
    "userId" : ObjectId("5adedab158c28575101c8ae6"), 
    "taskId" : null
}
{ 
    "_id" : ObjectId("5ae97d4e20dcc2132c376abf"), 
    "createdAt" : "2018-05-02T08:56:46.571Z", 
    "updatedAt" : "2018-05-02T08:56:46.571Z", 
    "dateOfEntry" : "2018-05-02", 
    "comments" : "added Sabarinathan M to this project", 
    "projectId" : ObjectId("5ae97d3320dcc2132c376a97"), 
    "userId" : ObjectId("5adedab158c28575101c8ae6"), 
    "taskId" : null
}
{ 
    "_id" : ObjectId("5ae97d4e20dcc2132c376ac1"), 
    "createdAt" : "2018-05-02T08:56:46.588Z", 
    "updatedAt" : "2018-05-02T08:56:46.588Z", 
    "dateOfEntry" : "2018-05-02", 
    "comments" : "added Saran C to this project", 
    "projectId" : ObjectId("5ae97d3320dcc2132c376a97"), 
    "userId" : ObjectId("5adedab158c28575101c8ae6"), 
    "taskId" : null
}
{ 
    "_id" : ObjectId("5ae97d4e20dcc2132c376ac3"), 
    "createdAt" : "2018-05-02T08:56:46.605Z", 
    "updatedAt" : "2018-05-02T08:56:46.605Z", 
    "dateOfEntry" : "2018-05-02", 
    "comments" : "added Hadassa Praisy to this project", 
    "projectId" : ObjectId("5ae97d3320dcc2132c376a97"), 
    "userId" : ObjectId("5adedab158c28575101c8ae6"), 
    "taskId" : null
}
{ 
    "_id" : ObjectId("5ae97d4e20dcc2132c376ac5"), 
    "createdAt" : "2018-05-02T08:56:46.633Z", 
    "updatedAt" : "2018-05-02T08:56:46.633Z", 
    "dateOfEntry" : "2018-05-02", 
    "comments" : "added Sathish M to this project", 
    "projectId" : ObjectId("5ae97d3320dcc2132c376a97"), 
    "userId" : ObjectId("5adedab158c28575101c8ae6"), 
    "taskId" : null
}
{ 
    "_id" : ObjectId("5ae97d4e20dcc2132c376ac7"), 
    "createdAt" : "2018-05-02T08:56:46.654Z", 
    "updatedAt" : "2018-05-02T08:56:46.654Z", 
    "dateOfEntry" : "2018-05-02", 
    "comments" : "added Senthil Kumar.N to this project", 
    "projectId" : ObjectId("5ae97d3320dcc2132c376a97"), 
    "userId" : ObjectId("5adedab158c28575101c8ae6"), 
    "taskId" : null
}
{ 
    "_id" : ObjectId("5ae97d4e20dcc2132c376ac9"), 
    "createdAt" : "2018-05-02T08:56:46.671Z", 
    "updatedAt" : "2018-05-02T08:56:46.671Z", 
    "dateOfEntry" : "2018-05-02", 
    "comments" : "added Srinivasan S to this project", 
    "projectId" : ObjectId("5ae97d3320dcc2132c376a97"), 
    "userId" : ObjectId("5adedab158c28575101c8ae6"), 
    "taskId" : null
}
{ 
    "_id" : ObjectId("5ae97d4e20dcc2132c376acb"), 
    "createdAt" : "2018-05-02T08:56:46.694Z", 
    "updatedAt" : "2018-05-02T08:56:46.694Z", 
    "dateOfEntry" : "2018-05-02", 
    "comments" : "added Vigna Priyanka Kumarasamy to this project", 
    "projectId" : ObjectId("5ae97d3320dcc2132c376a97"), 
    "userId" : ObjectId("5adedab158c28575101c8ae6"), 
    "taskId" : null
}
{ 
    "_id" : ObjectId("5ae97d4e20dcc2132c376acd"), 
    "createdAt" : "2018-05-02T08:56:46.720Z", 
    "updatedAt" : "2018-05-02T08:56:46.720Z", 
    "dateOfEntry" : "2018-05-02", 
    "comments" : "added Yeswanth P to this project", 
    "projectId" : ObjectId("5ae97d3320dcc2132c376a97"), 
    "userId" : ObjectId("5adedab158c28575101c8ae6"), 
    "taskId" : null
}
{ 
    "_id" : ObjectId("5ae97d4e20dcc2132c376acf"), 
    "createdAt" : "2018-05-02T08:56:46.738Z", 
    "updatedAt" : "2018-05-02T08:56:46.738Z", 
    "dateOfEntry" : "2018-05-02", 
    "comments" : "added Kumar Shanmugam to this project", 
    "projectId" : ObjectId("5ae97d3320dcc2132c376a97"), 
    "userId" : ObjectId("5adedab158c28575101c8ae6"), 
    "taskId" : null
}
{ 
    "_id" : ObjectId("5ae97d4e20dcc2132c376ad1"), 
    "createdAt" : "2018-05-02T08:56:46.808Z", 
    "updatedAt" : "2018-05-02T08:56:46.808Z", 
    "dateOfEntry" : "2018-05-02", 
    "comments" : "added Rohit Mukherjee to this project", 
    "projectId" : ObjectId("5ae97d3320dcc2132c376a97"), 
    "userId" : ObjectId("5adedab158c28575101c8ae6"), 
    "taskId" : null
}
{ 
    "_id" : ObjectId("5ae97d4e20dcc2132c376ad3"), 
    "createdAt" : "2018-05-02T08:56:46.822Z", 
    "updatedAt" : "2018-05-02T08:56:46.822Z", 
    "dateOfEntry" : "2018-05-02", 
    "comments" : "added Prakash Raj to this project", 
    "projectId" : ObjectId("5ae97d3320dcc2132c376a97"), 
    "userId" : ObjectId("5adedab158c28575101c8ae6"), 
    "taskId" : null
}
{ 
    "_id" : ObjectId("5ae97d4e20dcc2132c376ad5"), 
    "createdAt" : "2018-05-02T08:56:46.839Z", 
    "updatedAt" : "2018-05-02T08:56:46.839Z", 
    "dateOfEntry" : "2018-05-02", 
    "comments" : "added Arul Bernard to this project", 
    "projectId" : ObjectId("5ae97d3320dcc2132c376a97"), 
    "userId" : ObjectId("5adedab158c28575101c8ae6"), 
    "taskId" : null
}
{ 
    "_id" : ObjectId("5ae97d4e20dcc2132c376ad7"), 
    "createdAt" : "2018-05-02T08:56:46.861Z", 
    "updatedAt" : "2018-05-02T08:56:46.861Z", 
    "dateOfEntry" : "2018-05-02", 
    "comments" : "added Suriya Narayanan to this project", 
    "projectId" : ObjectId("5ae97d3320dcc2132c376a97"), 
    "userId" : ObjectId("5adedab158c28575101c8ae6"), 
    "taskId" : null
}
{ 
    "_id" : ObjectId("5ae97d4e20dcc2132c376ad9"), 
    "createdAt" : "2018-05-02T08:56:46.880Z", 
    "updatedAt" : "2018-05-02T08:56:46.880Z", 
    "dateOfEntry" : "2018-05-02", 
    "comments" : "added Mithun Ganesh to this project", 
    "projectId" : ObjectId("5ae97d3320dcc2132c376a97"), 
    "userId" : ObjectId("5adedab158c28575101c8ae6"), 
    "taskId" : null
}
{ 
    "_id" : ObjectId("5ae97d4e20dcc2132c376adb"), 
    "createdAt" : "2018-05-02T08:56:46.896Z", 
    "updatedAt" : "2018-05-02T08:56:46.896Z", 
    "dateOfEntry" : "2018-05-02", 
    "comments" : "added Hetesh Mohan to this project", 
    "projectId" : ObjectId("5ae97d3320dcc2132c376a97"), 
    "userId" : ObjectId("5adedab158c28575101c8ae6"), 
    "taskId" : null
}
{ 
    "_id" : ObjectId("5ae97d4e20dcc2132c376add"), 
    "createdAt" : "2018-05-02T08:56:46.913Z", 
    "updatedAt" : "2018-05-02T08:56:46.913Z", 
    "dateOfEntry" : "2018-05-02", 
    "comments" : "added Gokulraj Alagesan to this project", 
    "projectId" : ObjectId("5ae97d3320dcc2132c376a97"), 
    "userId" : ObjectId("5adedab158c28575101c8ae6"), 
    "taskId" : null
}
{ 
    "_id" : ObjectId("5ae97d4e20dcc2132c376adf"), 
    "createdAt" : "2018-05-02T08:56:46.928Z", 
    "updatedAt" : "2018-05-02T08:56:46.928Z", 
    "dateOfEntry" : "2018-05-02", 
    "comments" : "added Ramesh kumar to this project", 
    "projectId" : ObjectId("5ae97d3320dcc2132c376a97"), 
    "userId" : ObjectId("5adedab158c28575101c8ae6"), 
    "taskId" : null
}
{ 
    "_id" : ObjectId("5ae97d4e20dcc2132c376ae1"), 
    "createdAt" : "2018-05-02T08:56:46.951Z", 
    "updatedAt" : "2018-05-02T08:56:46.951Z", 
    "dateOfEntry" : "2018-05-02", 
    "comments" : "added Soundarapandian to this project", 
    "projectId" : ObjectId("5ae97d3320dcc2132c376a97"), 
    "userId" : ObjectId("5adedab158c28575101c8ae6"), 
    "taskId" : null
}
{ 
    "_id" : ObjectId("5ae97d6820dcc2132c376ae4"), 
    "createdAt" : "2018-05-02T08:57:12.126Z", 
    "updatedAt" : "2018-05-02T08:57:12.126Z", 
    "dateOfEntry" : "2018-05-02", 
    "comments" : "new task Leave is add to the Project", 
    "projectId" : ObjectId("5ae97d3320dcc2132c376a97"), 
    "userId" : ObjectId("5adedab158c28575101c8ae6"), 
    "taskId" : ObjectId("5ae97d6820dcc2132c376ae2")
}
{ 
    "_id" : ObjectId("5ae97d6920dcc2132c376b2e"), 
    "createdAt" : "2018-05-02T08:57:13.313Z", 
    "updatedAt" : "2018-05-02T08:57:13.313Z", 
    "dateOfEntry" : "2018-05-02", 
    "comments" : " task: 5ae97d6820dcc2132c376ae2 is updated with value name:Leave", 
    "projectId" : ObjectId("5ae97d3320dcc2132c376a97"), 
    "userId" : ObjectId("5adedab158c28575101c8ae6"), 
    "taskId" : ObjectId("5ae97d6820dcc2132c376ae2")
}
{ 
    "_id" : ObjectId("5ae97d9920dcc2132c376b31"), 
    "createdAt" : "2018-05-02T08:58:01.177Z", 
    "updatedAt" : "2018-05-02T08:58:01.177Z", 
    "dateOfEntry" : "2018-05-02", 
    "comments" : "new task Company Meeting  - Address is add to the Project", 
    "projectId" : ObjectId("5ae97d3320dcc2132c376a97"), 
    "userId" : ObjectId("5adedab158c28575101c8ae6"), 
    "taskId" : ObjectId("5ae97d9920dcc2132c376b2f")
}
{ 
    "_id" : ObjectId("5ae97d9b20dcc2132c376b7b"), 
    "createdAt" : "2018-05-02T08:58:03.161Z", 
    "updatedAt" : "2018-05-02T08:58:03.161Z", 
    "dateOfEntry" : "2018-05-02", 
    "comments" : " task: 5ae97d9920dcc2132c376b2f is updated with value name:Company Meeting  - Address", 
    "projectId" : ObjectId("5ae97d3320dcc2132c376a97"), 
    "userId" : ObjectId("5adedab158c28575101c8ae6"), 
    "taskId" : ObjectId("5ae97d9920dcc2132c376b2f")
}
{ 
    "_id" : ObjectId("5ae97dba20dcc2132c376b7e"), 
    "createdAt" : "2018-05-02T08:58:34.501Z", 
    "updatedAt" : "2018-05-02T08:58:34.501Z", 
    "dateOfEntry" : "2018-05-02", 
    "comments" : "new task Training - New Technologies is add to the Project", 
    "projectId" : ObjectId("5ae97d3320dcc2132c376a97"), 
    "userId" : ObjectId("5adedab158c28575101c8ae6"), 
    "taskId" : ObjectId("5ae97dba20dcc2132c376b7c")
}
{ 
    "_id" : ObjectId("5ae97dbd20dcc2132c376bc8"), 
    "createdAt" : "2018-05-02T08:58:37.056Z", 
    "updatedAt" : "2018-05-02T08:58:37.056Z", 
    "dateOfEntry" : "2018-05-02", 
    "comments" : " task: 5ae97dba20dcc2132c376b7c is updated with value name:Training - New Technologies", 
    "projectId" : ObjectId("5ae97d3320dcc2132c376a97"), 
    "userId" : ObjectId("5adedab158c28575101c8ae6"), 
    "taskId" : ObjectId("5ae97dba20dcc2132c376b7c")
}
{ 
    "_id" : ObjectId("5ae97de620dcc2132c376bca"), 
    "createdAt" : "2018-05-02T08:59:18.580Z", 
    "updatedAt" : "2018-05-02T08:59:18.580Z", 
    "dateOfEntry" : "2018-05-02", 
    "comments" : "created new project", 
    "projectId" : ObjectId("5ae97de620dcc2132c376bc9"), 
    "userId" : ObjectId("5adedab158c28575101c8ae6"), 
    "taskId" : null
}
{ 
    "_id" : ObjectId("5ae97de620dcc2132c376bcb"), 
    "createdAt" : "2018-05-02T08:59:18.644Z", 
    "updatedAt" : "2018-05-02T08:59:18.644Z", 
    "dateOfEntry" : "2018-05-02", 
    "comments" : "updated the project details name:SODIMAC WCS desc:Sodimac WCS state:2", 
    "projectId" : ObjectId("5ae97de620dcc2132c376bc9"), 
    "userId" : ObjectId("5adedab158c28575101c8ae6"), 
    "taskId" : null
}
{ 
    "_id" : ObjectId("5ae97e1020dcc2132c376bcd"), 
    "createdAt" : "2018-05-02T09:00:00.310Z", 
    "updatedAt" : "2018-05-02T09:00:00.310Z", 
    "dateOfEntry" : "2018-05-02", 
    "comments" : "added Ramesh to this project", 
    "projectId" : ObjectId("5ae97de620dcc2132c376bc9"), 
    "userId" : ObjectId("5adedab158c28575101c8ae6"), 
    "taskId" : null
}
{ 
    "_id" : ObjectId("5ae97e1020dcc2132c376bcf"), 
    "createdAt" : "2018-05-02T09:00:00.340Z", 
    "updatedAt" : "2018-05-02T09:00:00.340Z", 
    "dateOfEntry" : "2018-05-02", 
    "comments" : "added Nirmala to this project", 
    "projectId" : ObjectId("5ae97de620dcc2132c376bc9"), 
    "userId" : ObjectId("5adedab158c28575101c8ae6"), 
    "taskId" : null
}
{ 
    "_id" : ObjectId("5ae97e1020dcc2132c376bd1"), 
    "createdAt" : "2018-05-02T09:00:00.368Z", 
    "updatedAt" : "2018-05-02T09:00:00.368Z", 
    "dateOfEntry" : "2018-05-02", 
    "comments" : "added Saran C to this project", 
    "projectId" : ObjectId("5ae97de620dcc2132c376bc9"), 
    "userId" : ObjectId("5adedab158c28575101c8ae6"), 
    "taskId" : null
}
{ 
    "_id" : ObjectId("5ae97e1020dcc2132c376bd3"), 
    "createdAt" : "2018-05-02T09:00:00.380Z", 
    "updatedAt" : "2018-05-02T09:00:00.380Z", 
    "dateOfEntry" : "2018-05-02", 
    "comments" : "added Hadassa Praisy to this project", 
    "projectId" : ObjectId("5ae97de620dcc2132c376bc9"), 
    "userId" : ObjectId("5adedab158c28575101c8ae6"), 
    "taskId" : null
}
{ 
    "_id" : ObjectId("5ae97e1020dcc2132c376bd5"), 
    "createdAt" : "2018-05-02T09:00:00.401Z", 
    "updatedAt" : "2018-05-02T09:00:00.401Z", 
    "dateOfEntry" : "2018-05-02", 
    "comments" : "added Gokulraj Alagesan to this project", 
    "projectId" : ObjectId("5ae97de620dcc2132c376bc9"), 
    "userId" : ObjectId("5adedab158c28575101c8ae6"), 
    "taskId" : null
}
{ 
    "_id" : ObjectId("5ae97e1920dcc2132c376bd7"), 
    "createdAt" : "2018-05-02T09:00:09.239Z", 
    "updatedAt" : "2018-05-02T09:00:09.239Z", 
    "dateOfEntry" : "2018-05-02", 
    "comments" : "added Jayanthi to this project", 
    "projectId" : ObjectId("5ae97de620dcc2132c376bc9"), 
    "userId" : ObjectId("5adedab158c28575101c8ae6"), 
    "taskId" : null
}
{ 
    "_id" : ObjectId("5ae97e1d20dcc2132c376bd9"), 
    "createdAt" : "2018-05-02T09:00:13.396Z", 
    "updatedAt" : "2018-05-02T09:00:13.396Z", 
    "dateOfEntry" : "2018-05-02", 
    "comments" : "added Swetha to this project", 
    "projectId" : ObjectId("5ae97de620dcc2132c376bc9"), 
    "userId" : ObjectId("5adedab158c28575101c8ae6"), 
    "taskId" : null
}
{ 
    "_id" : ObjectId("5ae97e2c20dcc2132c376bdb"), 
    "createdAt" : "2018-05-02T09:00:28.064Z", 
    "updatedAt" : "2018-05-02T09:00:28.064Z", 
    "dateOfEntry" : "2018-05-02", 
    "comments" : "added Akilan E to this project", 
    "projectId" : ObjectId("5ae97de620dcc2132c376bc9"), 
    "userId" : ObjectId("5adedab158c28575101c8ae6"), 
    "taskId" : null
}
{ 
    "_id" : ObjectId("5ae97e4720dcc2132c376bde"), 
    "createdAt" : "2018-05-02T09:00:55.920Z", 
    "updatedAt" : "2018-05-02T09:00:55.920Z", 
    "dateOfEntry" : "2018-05-02", 
    "comments" : "new task Development is add to the Project", 
    "projectId" : ObjectId("5ae97de620dcc2132c376bc9"), 
    "userId" : ObjectId("5adedab158c28575101c8ae6"), 
    "taskId" : ObjectId("5ae97e4720dcc2132c376bdc")
}
{ 
    "_id" : ObjectId("5ae97e4820dcc2132c376bee"), 
    "createdAt" : "2018-05-02T09:00:56.215Z", 
    "updatedAt" : "2018-05-02T09:00:56.215Z", 
    "dateOfEntry" : "2018-05-02", 
    "comments" : " task: 5ae97e4720dcc2132c376bdc is updated with value name:Development", 
    "projectId" : ObjectId("5ae97de620dcc2132c376bc9"), 
    "userId" : ObjectId("5adedab158c28575101c8ae6"), 
    "taskId" : ObjectId("5ae97e4720dcc2132c376bdc")
}
{ 
    "_id" : ObjectId("5ae97e9320dcc2132c376bf1"), 
    "createdAt" : "2018-05-02T09:02:11.770Z", 
    "updatedAt" : "2018-05-02T09:02:11.770Z", 
    "dateOfEntry" : "2018-05-02", 
    "comments" : "new task Documentation is add to the Project", 
    "projectId" : ObjectId("5ae97de620dcc2132c376bc9"), 
    "userId" : ObjectId("5adedab158c28575101c8ae6"), 
    "taskId" : ObjectId("5ae97e9320dcc2132c376bef")
}
{ 
    "_id" : ObjectId("5ae97e9420dcc2132c376c03"), 
    "createdAt" : "2018-05-02T09:02:12.296Z", 
    "updatedAt" : "2018-05-02T09:02:12.296Z", 
    "dateOfEntry" : "2018-05-02", 
    "comments" : " task: 5ae97e9320dcc2132c376bef is updated with value name:Documentation", 
    "projectId" : ObjectId("5ae97de620dcc2132c376bc9"), 
    "userId" : ObjectId("5adedab158c28575101c8ae6"), 
    "taskId" : ObjectId("5ae97e9320dcc2132c376bef")
}
{ 
    "_id" : ObjectId("5ae97eb620dcc2132c376c06"), 
    "createdAt" : "2018-05-02T09:02:46.063Z", 
    "updatedAt" : "2018-05-02T09:02:46.063Z", 
    "dateOfEntry" : "2018-05-02", 
    "comments" : "new task Training is add to the Project", 
    "projectId" : ObjectId("5ae97de620dcc2132c376bc9"), 
    "userId" : ObjectId("5adedab158c28575101c8ae6"), 
    "taskId" : ObjectId("5ae97eb620dcc2132c376c04")
}
{ 
    "_id" : ObjectId("5ae97eb620dcc2132c376c16"), 
    "createdAt" : "2018-05-02T09:02:46.767Z", 
    "updatedAt" : "2018-05-02T09:02:46.767Z", 
    "dateOfEntry" : "2018-05-02", 
    "comments" : " task: 5ae97eb620dcc2132c376c04 is updated with value name:Training", 
    "projectId" : ObjectId("5ae97de620dcc2132c376bc9"), 
    "userId" : ObjectId("5adedab158c28575101c8ae6"), 
    "taskId" : ObjectId("5ae97eb620dcc2132c376c04")
}
{ 
    "_id" : ObjectId("5ae9814d3f06e716ae55bb51"), 
    "projectId" : ObjectId("5ae97de620dcc2132c376bc9"), 
    "dateOfEntry" : "2018-05-02", 
    "userId" : ObjectId("5adedab158c28575101c8ae6"), 
    "comments" : "new task Meeting is add to the Project", 
    "taskId" : ObjectId("5ae9814d3f06e716ae55bb4f"), 
    "createdAt" : "2018-05-02T09:13:49.893Z", 
    "updatedAt" : "2018-05-02T09:13:49.893Z"
}
{ 
    "_id" : ObjectId("5ae9814f3f06e716ae55bb63"), 
    "projectId" : ObjectId("5ae97de620dcc2132c376bc9"), 
    "dateOfEntry" : "2018-05-02", 
    "userId" : ObjectId("5adedab158c28575101c8ae6"), 
    "comments" : " task: 5ae9814d3f06e716ae55bb4f is updated with value name:Meeting", 
    "taskId" : ObjectId("5ae9814d3f06e716ae55bb4f"), 
    "createdAt" : "2018-05-02T09:13:51.935Z", 
    "updatedAt" : "2018-05-02T09:13:51.935Z"
}
{ 
    "_id" : ObjectId("5ae987383f06e716ae55bb6b"), 
    "projectId" : ObjectId("5ae97de620dcc2132c376bc9"), 
    "dateOfEntry" : "2018-05-02", 
    "userId" : ObjectId("5adedab158c28575101c8ae6"), 
    "comments" : "new task Testing is add to the Project", 
    "taskId" : ObjectId("5ae987383f06e716ae55bb69"), 
    "createdAt" : "2018-05-02T09:39:04.940Z", 
    "updatedAt" : "2018-05-02T09:39:04.940Z"
}
{ 
    "_id" : ObjectId("5ae987393f06e716ae55bb6f"), 
    "projectId" : ObjectId("5ae97de620dcc2132c376bc9"), 
    "dateOfEntry" : "2018-05-02", 
    "userId" : ObjectId("5adedab158c28575101c8ae6"), 
    "comments" : " task: 5ae987383f06e716ae55bb69 is updated with value name:Testing", 
    "taskId" : ObjectId("5ae987383f06e716ae55bb69"), 
    "createdAt" : "2018-05-02T09:39:05.957Z", 
    "updatedAt" : "2018-05-02T09:39:05.957Z"
}
{ 
    "_id" : ObjectId("5ae9876c3f06e716ae55bb72"), 
    "projectId" : ObjectId("5ae97d3320dcc2132c376a97"), 
    "dateOfEntry" : "2018-05-02", 
    "userId" : ObjectId("5adedab158c28575101c8ae6"), 
    "comments" : "new task DBA Activities is add to the Project", 
    "taskId" : ObjectId("5ae9876c3f06e716ae55bb70"), 
    "createdAt" : "2018-05-02T09:39:56.583Z", 
    "updatedAt" : "2018-05-02T09:39:56.583Z"
}
{ 
    "_id" : ObjectId("5ae9876f3f06e716ae55bb76"), 
    "projectId" : ObjectId("5ae97d3320dcc2132c376a97"), 
    "dateOfEntry" : "2018-05-02", 
    "userId" : ObjectId("5adedab158c28575101c8ae6"), 
    "comments" : " task: 5ae9876c3f06e716ae55bb70 is updated with value name:DBA Activities", 
    "taskId" : ObjectId("5ae9876c3f06e716ae55bb70"), 
    "createdAt" : "2018-05-02T09:39:59.407Z", 
    "updatedAt" : "2018-05-02T09:39:59.407Z"
}
{ 
    "_id" : ObjectId("5ae9877e3f06e716ae55bb78"), 
    "projectId" : ObjectId("5ae97d3320dcc2132c376a97"), 
    "dateOfEntry" : "2018-05-02", 
    "userId" : ObjectId("5adedab158c28575101c8ae6"), 
    "comments" : "added Sathish M to this project", 
    "createdAt" : "2018-05-02T09:40:14.662Z", 
    "updatedAt" : "2018-05-02T09:40:14.662Z", 
    "taskId" : null
}
{ 
    "_id" : ObjectId("5ae988e93f06e716ae55bb7a"), 
    "projectId" : ObjectId("5ae988e93f06e716ae55bb79"), 
    "dateOfEntry" : "2018-05-02", 
    "userId" : ObjectId("5adedab158c28575101c8ae6"), 
    "comments" : "created new project", 
    "createdAt" : "2018-05-02T09:46:17.868Z", 
    "updatedAt" : "2018-05-02T09:46:17.868Z", 
    "taskId" : null
}
{ 
    "_id" : ObjectId("5ae988ea3f06e716ae55bb7b"), 
    "projectId" : ObjectId("5ae988e93f06e716ae55bb79"), 
    "dateOfEntry" : "2018-05-02", 
    "userId" : ObjectId("5adedab158c28575101c8ae6"), 
    "comments" : "updated the project details name:OWP (Oracle WebCenter Portal) desc:OWP (Oracle WebCenter Portal) state:2", 
    "createdAt" : "2018-05-02T09:46:18.178Z", 
    "updatedAt" : "2018-05-02T09:46:18.178Z", 
    "taskId" : null
}
{ 
    "_id" : ObjectId("5ae988f83f06e716ae55bb7d"), 
    "projectId" : ObjectId("5ae988e93f06e716ae55bb79"), 
    "dateOfEntry" : "2018-05-02", 
    "userId" : ObjectId("5adedab158c28575101c8ae6"), 
    "comments" : "added Gokulraj Alagesan to this project", 
    "createdAt" : "2018-05-02T09:46:32.120Z", 
    "updatedAt" : "2018-05-02T09:46:32.120Z", 
    "taskId" : null
}
{ 
    "_id" : ObjectId("5ae989003f06e716ae55bb7f"), 
    "projectId" : ObjectId("5ae988e93f06e716ae55bb79"), 
    "dateOfEntry" : "2018-05-02", 
    "userId" : ObjectId("5adedab158c28575101c8ae6"), 
    "comments" : "added Nirmala to this project", 
    "createdAt" : "2018-05-02T09:46:40.931Z", 
    "updatedAt" : "2018-05-02T09:46:40.931Z", 
    "taskId" : null
}
{ 
    "_id" : ObjectId("5ae989093f06e716ae55bb81"), 
    "projectId" : ObjectId("5ae988e93f06e716ae55bb79"), 
    "dateOfEntry" : "2018-05-02", 
    "userId" : ObjectId("5adedab158c28575101c8ae6"), 
    "comments" : "added Arunprasad S to this project", 
    "createdAt" : "2018-05-02T09:46:49.804Z", 
    "updatedAt" : "2018-05-02T09:46:49.804Z", 
    "taskId" : null
}
{ 
    "_id" : ObjectId("5ae989103f06e716ae55bb83"), 
    "projectId" : ObjectId("5ae988e93f06e716ae55bb79"), 
    "dateOfEntry" : "2018-05-02", 
    "userId" : ObjectId("5adedab158c28575101c8ae6"), 
    "comments" : "added Vigna Priyanka Kumarasamy to this project", 
    "createdAt" : "2018-05-02T09:46:56.886Z", 
    "updatedAt" : "2018-05-02T09:46:56.886Z", 
    "taskId" : null
}
{ 
    "_id" : ObjectId("5ae989233f06e716ae55bb86"), 
    "projectId" : ObjectId("5ae988e93f06e716ae55bb79"), 
    "dateOfEntry" : "2018-05-02", 
    "userId" : ObjectId("5adedab158c28575101c8ae6"), 
    "comments" : "new task Development is add to the Project", 
    "taskId" : ObjectId("5ae989233f06e716ae55bb84"), 
    "createdAt" : "2018-05-02T09:47:15.344Z", 
    "updatedAt" : "2018-05-02T09:47:15.344Z"
}
{ 
    "_id" : ObjectId("5ae989233f06e716ae55bb90"), 
    "projectId" : ObjectId("5ae988e93f06e716ae55bb79"), 
    "dateOfEntry" : "2018-05-02", 
    "userId" : ObjectId("5adedab158c28575101c8ae6"), 
    "comments" : " task: 5ae989233f06e716ae55bb84 is updated with value name:Development", 
    "taskId" : ObjectId("5ae989233f06e716ae55bb84"), 
    "createdAt" : "2018-05-02T09:47:15.670Z", 
    "updatedAt" : "2018-05-02T09:47:15.670Z"
}
{ 
    "_id" : ObjectId("5ae989393f06e716ae55bb93"), 
    "projectId" : ObjectId("5ae988e93f06e716ae55bb79"), 
    "dateOfEntry" : "2018-05-02", 
    "userId" : ObjectId("5adedab158c28575101c8ae6"), 
    "comments" : "new task Unit Test is add to the Project", 
    "taskId" : ObjectId("5ae989393f06e716ae55bb91"), 
    "createdAt" : "2018-05-02T09:47:37.382Z", 
    "updatedAt" : "2018-05-02T09:47:37.382Z"
}
{ 
    "_id" : ObjectId("5ae989393f06e716ae55bb9d"), 
    "projectId" : ObjectId("5ae988e93f06e716ae55bb79"), 
    "dateOfEntry" : "2018-05-02", 
    "userId" : ObjectId("5adedab158c28575101c8ae6"), 
    "comments" : " task: 5ae989393f06e716ae55bb91 is updated with value name:Unit Test", 
    "taskId" : ObjectId("5ae989393f06e716ae55bb91"), 
    "createdAt" : "2018-05-02T09:47:37.695Z", 
    "updatedAt" : "2018-05-02T09:47:37.695Z"
}
{ 
    "_id" : ObjectId("5ae9894a3f06e716ae55bba0"), 
    "projectId" : ObjectId("5ae988e93f06e716ae55bb79"), 
    "dateOfEntry" : "2018-05-02", 
    "userId" : ObjectId("5adedab158c28575101c8ae6"), 
    "comments" : "new task Bug Fixing is add to the Project", 
    "taskId" : ObjectId("5ae9894a3f06e716ae55bb9e"), 
    "createdAt" : "2018-05-02T09:47:54.625Z", 
    "updatedAt" : "2018-05-02T09:47:54.625Z"
}
{ 
    "_id" : ObjectId("5ae9894b3f06e716ae55bbaa"), 
    "projectId" : ObjectId("5ae988e93f06e716ae55bb79"), 
    "dateOfEntry" : "2018-05-02", 
    "userId" : ObjectId("5adedab158c28575101c8ae6"), 
    "comments" : " task: 5ae9894a3f06e716ae55bb9e is updated with value name:Bug Fixing", 
    "taskId" : ObjectId("5ae9894a3f06e716ae55bb9e"), 
    "createdAt" : "2018-05-02T09:47:55.108Z", 
    "updatedAt" : "2018-05-02T09:47:55.108Z"
}
{ 
    "_id" : ObjectId("5ae9897f3f06e716ae55bbad"), 
    "projectId" : ObjectId("5ae988e93f06e716ae55bb79"), 
    "dateOfEntry" : "2018-05-02", 
    "userId" : ObjectId("5adedab158c28575101c8ae6"), 
    "comments" : "new task Meeting is add to the Project", 
    "taskId" : ObjectId("5ae9897f3f06e716ae55bbab"), 
    "createdAt" : "2018-05-02T09:48:47.027Z", 
    "updatedAt" : "2018-05-02T09:48:47.027Z"
}
{ 
    "_id" : ObjectId("5ae9897f3f06e716ae55bbb7"), 
    "projectId" : ObjectId("5ae988e93f06e716ae55bb79"), 
    "dateOfEntry" : "2018-05-02", 
    "userId" : ObjectId("5adedab158c28575101c8ae6"), 
    "comments" : " task: 5ae9897f3f06e716ae55bbab is updated with value name:Meeting", 
    "taskId" : ObjectId("5ae9897f3f06e716ae55bbab"), 
    "createdAt" : "2018-05-02T09:48:47.708Z", 
    "updatedAt" : "2018-05-02T09:48:47.708Z"
}
{ 
    "_id" : ObjectId("5ae989923f06e716ae55bbba"), 
    "projectId" : ObjectId("5ae988e93f06e716ae55bb79"), 
    "dateOfEntry" : "2018-05-02", 
    "userId" : ObjectId("5adedab158c28575101c8ae6"), 
    "comments" : "new task Analysis is add to the Project", 
    "taskId" : ObjectId("5ae989923f06e716ae55bbb8"), 
    "createdAt" : "2018-05-02T09:49:06.576Z", 
    "updatedAt" : "2018-05-02T09:49:06.576Z"
}
{ 
    "_id" : ObjectId("5ae989933f06e716ae55bbc4"), 
    "projectId" : ObjectId("5ae988e93f06e716ae55bb79"), 
    "dateOfEntry" : "2018-05-02", 
    "userId" : ObjectId("5adedab158c28575101c8ae6"), 
    "comments" : " task: 5ae989923f06e716ae55bbb8 is updated with value name:Analysis", 
    "taskId" : ObjectId("5ae989923f06e716ae55bbb8"), 
    "createdAt" : "2018-05-02T09:49:07.365Z", 
    "updatedAt" : "2018-05-02T09:49:07.365Z"
}
{ 
    "_id" : ObjectId("5ae989a23f06e716ae55bbc8"), 
    "projectId" : ObjectId("5ae988e93f06e716ae55bb79"), 
    "dateOfEntry" : "2018-05-02", 
    "userId" : ObjectId("5adedab158c28575101c8ae6"), 
    "comments" : "new task Documentation is add to the Project", 
    "taskId" : ObjectId("5ae989a23f06e716ae55bbc6"), 
    "createdAt" : "2018-05-02T09:49:22.833Z", 
    "updatedAt" : "2018-05-02T09:49:22.833Z"
}
{ 
    "_id" : ObjectId("5ae989a33f06e716ae55bbd2"), 
    "projectId" : ObjectId("5ae988e93f06e716ae55bb79"), 
    "dateOfEntry" : "2018-05-02", 
    "userId" : ObjectId("5adedab158c28575101c8ae6"), 
    "comments" : " task: 5ae989a23f06e716ae55bbc6 is updated with value name:Documentation", 
    "taskId" : ObjectId("5ae989a23f06e716ae55bbc6"), 
    "createdAt" : "2018-05-02T09:49:23.574Z", 
    "updatedAt" : "2018-05-02T09:49:23.574Z"
}
{ 
    "_id" : ObjectId("5ae989b33f06e716ae55bbd5"), 
    "projectId" : ObjectId("5ae988e93f06e716ae55bb79"), 
    "dateOfEntry" : "2018-05-02", 
    "userId" : ObjectId("5adedab158c28575101c8ae6"), 
    "comments" : "new task Training is add to the Project", 
    "taskId" : ObjectId("5ae989b33f06e716ae55bbd3"), 
    "createdAt" : "2018-05-02T09:49:39.328Z", 
    "updatedAt" : "2018-05-02T09:49:39.328Z"
}
{ 
    "_id" : ObjectId("5ae989b43f06e716ae55bbdf"), 
    "projectId" : ObjectId("5ae988e93f06e716ae55bb79"), 
    "dateOfEntry" : "2018-05-02", 
    "userId" : ObjectId("5adedab158c28575101c8ae6"), 
    "comments" : " task: 5ae989b33f06e716ae55bbd3 is updated with value name:Training", 
    "taskId" : ObjectId("5ae989b33f06e716ae55bbd3"), 
    "createdAt" : "2018-05-02T09:49:40.345Z", 
    "updatedAt" : "2018-05-02T09:49:40.345Z"
}
{ 
    "_id" : ObjectId("5ae989d43f06e716ae55bbe3"), 
    "projectId" : ObjectId("5ae989d43f06e716ae55bbe2"), 
    "dateOfEntry" : "2018-05-02", 
    "userId" : ObjectId("5adedab158c28575101c8ae6"), 
    "comments" : "created new project", 
    "createdAt" : "2018-05-02T09:50:12.984Z", 
    "updatedAt" : "2018-05-02T09:50:12.984Z", 
    "taskId" : null
}
{ 
    "_id" : ObjectId("5ae989d53f06e716ae55bbe4"), 
    "projectId" : ObjectId("5ae989d43f06e716ae55bbe2"), 
    "dateOfEntry" : "2018-05-02", 
    "userId" : ObjectId("5adedab158c28575101c8ae6"), 
    "comments" : "updated the project details name:OWCC(Oracle WebCenter Content) desc:OWCC(Oracle WebCenter Content) state:2", 
    "createdAt" : "2018-05-02T09:50:13.144Z", 
    "updatedAt" : "2018-05-02T09:50:13.144Z", 
    "taskId" : null
}
{ 
    "_id" : ObjectId("5ae989e23f06e716ae55bbe6"), 
    "projectId" : ObjectId("5ae989d43f06e716ae55bbe2"), 
    "dateOfEntry" : "2018-05-02", 
    "userId" : ObjectId("5adedab158c28575101c8ae6"), 
    "comments" : "added Gokulraj Alagesan to this project", 
    "createdAt" : "2018-05-02T09:50:26.572Z", 
    "updatedAt" : "2018-05-02T09:50:26.572Z", 
    "taskId" : null
}
{ 
    "_id" : ObjectId("5ae989e83f06e716ae55bbe8"), 
    "projectId" : ObjectId("5ae989d43f06e716ae55bbe2"), 
    "dateOfEntry" : "2018-05-02", 
    "userId" : ObjectId("5adedab158c28575101c8ae6"), 
    "comments" : "added Arunprasad S to this project", 
    "createdAt" : "2018-05-02T09:50:32.603Z", 
    "updatedAt" : "2018-05-02T09:50:32.603Z", 
    "taskId" : null
}
{ 
    "_id" : ObjectId("5ae989ec3f06e716ae55bbea"), 
    "projectId" : ObjectId("5ae989d43f06e716ae55bbe2"), 
    "dateOfEntry" : "2018-05-02", 
    "userId" : ObjectId("5adedab158c28575101c8ae6"), 
    "comments" : "added Saran C to this project", 
    "createdAt" : "2018-05-02T09:50:36.923Z", 
    "updatedAt" : "2018-05-02T09:50:36.923Z", 
    "taskId" : null
}
{ 
    "_id" : ObjectId("5ae989ff3f06e716ae55bbed"), 
    "projectId" : ObjectId("5ae989d43f06e716ae55bbe2"), 
    "dateOfEntry" : "2018-05-02", 
    "userId" : ObjectId("5adedab158c28575101c8ae6"), 
    "comments" : "new task Development is add to the Project", 
    "taskId" : ObjectId("5ae989ff3f06e716ae55bbeb"), 
    "createdAt" : "2018-05-02T09:50:55.847Z", 
    "updatedAt" : "2018-05-02T09:50:55.847Z"
}
{ 
    "_id" : ObjectId("5ae98a003f06e716ae55bbf5"), 
    "projectId" : ObjectId("5ae989d43f06e716ae55bbe2"), 
    "dateOfEntry" : "2018-05-02", 
    "userId" : ObjectId("5adedab158c28575101c8ae6"), 
    "comments" : " task: 5ae989ff3f06e716ae55bbeb is updated with value name:Development", 
    "taskId" : ObjectId("5ae989ff3f06e716ae55bbeb"), 
    "createdAt" : "2018-05-02T09:50:56.137Z", 
    "updatedAt" : "2018-05-02T09:50:56.137Z"
}
{ 
    "_id" : ObjectId("5ae98a353f06e716ae55bbf9"), 
    "projectId" : ObjectId("5ae989d43f06e716ae55bbe2"), 
    "dateOfEntry" : "2018-05-02", 
    "userId" : ObjectId("5adedab158c28575101c8ae6"), 
    "comments" : "new task Unit Test is add to the Project", 
    "taskId" : ObjectId("5ae98a353f06e716ae55bbf7"), 
    "createdAt" : "2018-05-02T09:51:49.920Z", 
    "updatedAt" : "2018-05-02T09:51:49.920Z"
}
{ 
    "_id" : ObjectId("5ae98a363f06e716ae55bc01"), 
    "projectId" : ObjectId("5ae989d43f06e716ae55bbe2"), 
    "dateOfEntry" : "2018-05-02", 
    "userId" : ObjectId("5adedab158c28575101c8ae6"), 
    "comments" : " task: 5ae98a353f06e716ae55bbf7 is updated with value name:Unit Test", 
    "taskId" : ObjectId("5ae98a353f06e716ae55bbf7"), 
    "createdAt" : "2018-05-02T09:51:50.303Z", 
    "updatedAt" : "2018-05-02T09:51:50.303Z"
}
{ 
    "_id" : ObjectId("5ae98a473f06e716ae55bc04"), 
    "projectId" : ObjectId("5ae989d43f06e716ae55bbe2"), 
    "dateOfEntry" : "2018-05-02", 
    "userId" : ObjectId("5adedab158c28575101c8ae6"), 
    "comments" : "new task Bug Fixing is add to the Project", 
    "taskId" : ObjectId("5ae98a463f06e716ae55bc02"), 
    "createdAt" : "2018-05-02T09:52:07.004Z", 
    "updatedAt" : "2018-05-02T09:52:07.004Z"
}
{ 
    "_id" : ObjectId("5ae98a473f06e716ae55bc0c"), 
    "projectId" : ObjectId("5ae989d43f06e716ae55bbe2"), 
    "dateOfEntry" : "2018-05-02", 
    "userId" : ObjectId("5adedab158c28575101c8ae6"), 
    "comments" : " task: 5ae98a463f06e716ae55bc02 is updated with value name:Bug Fixing", 
    "taskId" : ObjectId("5ae98a463f06e716ae55bc02"), 
    "createdAt" : "2018-05-02T09:52:07.464Z", 
    "updatedAt" : "2018-05-02T09:52:07.464Z"
}
{ 
    "_id" : ObjectId("5ae98a593f06e716ae55bc0f"), 
    "projectId" : ObjectId("5ae989d43f06e716ae55bbe2"), 
    "dateOfEntry" : "2018-05-02", 
    "userId" : ObjectId("5adedab158c28575101c8ae6"), 
    "comments" : "new task Meeting is add to the Project", 
    "taskId" : ObjectId("5ae98a593f06e716ae55bc0d"), 
    "createdAt" : "2018-05-02T09:52:25.494Z", 
    "updatedAt" : "2018-05-02T09:52:25.494Z"
}
{ 
    "_id" : ObjectId("5ae98a5a3f06e716ae55bc17"), 
    "projectId" : ObjectId("5ae989d43f06e716ae55bbe2"), 
    "dateOfEntry" : "2018-05-02", 
    "userId" : ObjectId("5adedab158c28575101c8ae6"), 
    "comments" : " task: 5ae98a593f06e716ae55bc0d is updated with value name:Meeting", 
    "taskId" : ObjectId("5ae98a593f06e716ae55bc0d"), 
    "createdAt" : "2018-05-02T09:52:26.275Z", 
    "updatedAt" : "2018-05-02T09:52:26.275Z"
}
{ 
    "_id" : ObjectId("5ae98a673f06e716ae55bc1a"), 
    "projectId" : ObjectId("5ae989d43f06e716ae55bbe2"), 
    "dateOfEntry" : "2018-05-02", 
    "userId" : ObjectId("5adedab158c28575101c8ae6"), 
    "comments" : "new task Analysis is add to the Project", 
    "taskId" : ObjectId("5ae98a673f06e716ae55bc18"), 
    "createdAt" : "2018-05-02T09:52:39.605Z", 
    "updatedAt" : "2018-05-02T09:52:39.605Z"
}
{ 
    "_id" : ObjectId("5ae98a683f06e716ae55bc22"), 
    "projectId" : ObjectId("5ae989d43f06e716ae55bbe2"), 
    "dateOfEntry" : "2018-05-02", 
    "userId" : ObjectId("5adedab158c28575101c8ae6"), 
    "comments" : " task: 5ae98a673f06e716ae55bc18 is updated with value name:Analysis", 
    "taskId" : ObjectId("5ae98a673f06e716ae55bc18"), 
    "createdAt" : "2018-05-02T09:52:40.121Z", 
    "updatedAt" : "2018-05-02T09:52:40.121Z"
}
{ 
    "_id" : ObjectId("5ae98a783f06e716ae55bc25"), 
    "projectId" : ObjectId("5ae989d43f06e716ae55bbe2"), 
    "dateOfEntry" : "2018-05-02", 
    "userId" : ObjectId("5adedab158c28575101c8ae6"), 
    "comments" : "new task Documentation is add to the Project", 
    "taskId" : ObjectId("5ae98a783f06e716ae55bc23"), 
    "createdAt" : "2018-05-02T09:52:56.471Z", 
    "updatedAt" : "2018-05-02T09:52:56.471Z"
}
{ 
    "_id" : ObjectId("5ae98a793f06e716ae55bc2d"), 
    "projectId" : ObjectId("5ae989d43f06e716ae55bbe2"), 
    "dateOfEntry" : "2018-05-02", 
    "userId" : ObjectId("5adedab158c28575101c8ae6"), 
    "comments" : " task: 5ae98a783f06e716ae55bc23 is updated with value name:Documentation", 
    "taskId" : ObjectId("5ae98a783f06e716ae55bc23"), 
    "createdAt" : "2018-05-02T09:52:57.191Z", 
    "updatedAt" : "2018-05-02T09:52:57.191Z"
}
{ 
    "_id" : ObjectId("5ae98a893f06e716ae55bc30"), 
    "projectId" : ObjectId("5ae989d43f06e716ae55bbe2"), 
    "dateOfEntry" : "2018-05-02", 
    "userId" : ObjectId("5adedab158c28575101c8ae6"), 
    "comments" : "new task Training is add to the Project", 
    "taskId" : ObjectId("5ae98a893f06e716ae55bc2e"), 
    "createdAt" : "2018-05-02T09:53:13.054Z", 
    "updatedAt" : "2018-05-02T09:53:13.054Z"
}
{ 
    "_id" : ObjectId("5ae98a893f06e716ae55bc38"), 
    "projectId" : ObjectId("5ae989d43f06e716ae55bbe2"), 
    "dateOfEntry" : "2018-05-02", 
    "userId" : ObjectId("5adedab158c28575101c8ae6"), 
    "comments" : " task: 5ae98a893f06e716ae55bc2e is updated with value name:Training", 
    "taskId" : ObjectId("5ae98a893f06e716ae55bc2e"), 
    "createdAt" : "2018-05-02T09:53:13.863Z", 
    "updatedAt" : "2018-05-02T09:53:13.863Z"
}
{ 
    "_id" : ObjectId("5ae98ab63f06e716ae55bc3a"), 
    "projectId" : ObjectId("5ae98ab63f06e716ae55bc39"), 
    "dateOfEntry" : "2018-05-02", 
    "userId" : ObjectId("5adedab158c28575101c8ae6"), 
    "comments" : "created new project", 
    "createdAt" : "2018-05-02T09:53:58.687Z", 
    "updatedAt" : "2018-05-02T09:53:58.687Z", 
    "taskId" : null
}
{ 
    "_id" : ObjectId("5ae98ab63f06e716ae55bc3b"), 
    "projectId" : ObjectId("5ae98ab63f06e716ae55bc39"), 
    "dateOfEntry" : "2018-05-02", 
    "userId" : ObjectId("5adedab158c28575101c8ae6"), 
    "comments" : "updated the project details name:ATG (Sodimac) desc:ATG (Sodimac) state:2", 
    "createdAt" : "2018-05-02T09:53:58.755Z", 
    "updatedAt" : "2018-05-02T09:53:58.755Z", 
    "taskId" : null
}
{ 
    "_id" : ObjectId("5ae98ac33f06e716ae55bc3d"), 
    "projectId" : ObjectId("5ae98ab63f06e716ae55bc39"), 
    "dateOfEntry" : "2018-05-02", 
    "userId" : ObjectId("5adedab158c28575101c8ae6"), 
    "comments" : "added Gokulraj Alagesan to this project", 
    "createdAt" : "2018-05-02T09:54:11.518Z", 
    "updatedAt" : "2018-05-02T09:54:11.518Z", 
    "taskId" : null
}
{ 
    "_id" : ObjectId("5ae98ac83f06e716ae55bc3f"), 
    "projectId" : ObjectId("5ae98ab63f06e716ae55bc39"), 
    "dateOfEntry" : "2018-05-02", 
    "userId" : ObjectId("5adedab158c28575101c8ae6"), 
    "comments" : "added Mukesh to this project", 
    "createdAt" : "2018-05-02T09:54:16.176Z", 
    "updatedAt" : "2018-05-02T09:54:16.176Z", 
    "taskId" : null
}
{ 
    "_id" : ObjectId("5ae98ad53f06e716ae55bc42"), 
    "projectId" : ObjectId("5ae98ab63f06e716ae55bc39"), 
    "dateOfEntry" : "2018-05-02", 
    "userId" : ObjectId("5adedab158c28575101c8ae6"), 
    "comments" : "new task Analysis is add to the Project", 
    "taskId" : ObjectId("5ae98ad53f06e716ae55bc40"), 
    "createdAt" : "2018-05-02T09:54:29.705Z", 
    "updatedAt" : "2018-05-02T09:54:29.705Z"
}
{ 
    "_id" : ObjectId("5ae98ad53f06e716ae55bc48"), 
    "projectId" : ObjectId("5ae98ab63f06e716ae55bc39"), 
    "dateOfEntry" : "2018-05-02", 
    "userId" : ObjectId("5adedab158c28575101c8ae6"), 
    "comments" : " task: 5ae98ad53f06e716ae55bc40 is updated with value name:Analysis", 
    "taskId" : ObjectId("5ae98ad53f06e716ae55bc40"), 
    "createdAt" : "2018-05-02T09:54:29.980Z", 
    "updatedAt" : "2018-05-02T09:54:29.980Z"
}
{ 
    "_id" : ObjectId("5ae98ae43f06e716ae55bc4c"), 
    "projectId" : ObjectId("5ae98ab63f06e716ae55bc39"), 
    "dateOfEntry" : "2018-05-02", 
    "userId" : ObjectId("5adedab158c28575101c8ae6"), 
    "comments" : "new task Development is add to the Project", 
    "taskId" : ObjectId("5ae98ae43f06e716ae55bc4a"), 
    "createdAt" : "2018-05-02T09:54:44.558Z", 
    "updatedAt" : "2018-05-02T09:54:44.558Z"
}
{ 
    "_id" : ObjectId("5ae98ae43f06e716ae55bc52"), 
    "projectId" : ObjectId("5ae98ab63f06e716ae55bc39"), 
    "dateOfEntry" : "2018-05-02", 
    "userId" : ObjectId("5adedab158c28575101c8ae6"), 
    "comments" : " task: 5ae98ae43f06e716ae55bc4a is updated with value name:Development", 
    "taskId" : ObjectId("5ae98ae43f06e716ae55bc4a"), 
    "createdAt" : "2018-05-02T09:54:44.906Z", 
    "updatedAt" : "2018-05-02T09:54:44.906Z"
}
{ 
    "_id" : ObjectId("5ae98af33f06e716ae55bc58"), 
    "projectId" : ObjectId("5ae98ab63f06e716ae55bc39"), 
    "dateOfEntry" : "2018-05-02", 
    "userId" : ObjectId("5adedab158c28575101c8ae6"), 
    "comments" : "new task Unit Test is add to the Project", 
    "taskId" : ObjectId("5ae98af33f06e716ae55bc56"), 
    "createdAt" : "2018-05-02T09:54:59.225Z", 
    "updatedAt" : "2018-05-02T09:54:59.225Z"
}
{ 
    "_id" : ObjectId("5ae98af33f06e716ae55bc5e"), 
    "projectId" : ObjectId("5ae98ab63f06e716ae55bc39"), 
    "dateOfEntry" : "2018-05-02", 
    "userId" : ObjectId("5adedab158c28575101c8ae6"), 
    "comments" : " task: 5ae98af33f06e716ae55bc56 is updated with value name:Unit Test", 
    "taskId" : ObjectId("5ae98af33f06e716ae55bc56"), 
    "createdAt" : "2018-05-02T09:54:59.736Z", 
    "updatedAt" : "2018-05-02T09:54:59.736Z"
}
{ 
    "_id" : ObjectId("5ae98b043f06e716ae55bc61"), 
    "projectId" : ObjectId("5ae98ab63f06e716ae55bc39"), 
    "dateOfEntry" : "2018-05-02", 
    "userId" : ObjectId("5adedab158c28575101c8ae6"), 
    "comments" : "new task Bug Fixing is add to the Project", 
    "taskId" : ObjectId("5ae98b043f06e716ae55bc5f"), 
    "createdAt" : "2018-05-02T09:55:16.131Z", 
    "updatedAt" : "2018-05-02T09:55:16.131Z"
}
{ 
    "_id" : ObjectId("5ae98b043f06e716ae55bc67"), 
    "projectId" : ObjectId("5ae98ab63f06e716ae55bc39"), 
    "dateOfEntry" : "2018-05-02", 
    "userId" : ObjectId("5adedab158c28575101c8ae6"), 
    "comments" : " task: 5ae98b043f06e716ae55bc5f is updated with value name:Bug Fixing", 
    "taskId" : ObjectId("5ae98b043f06e716ae55bc5f"), 
    "createdAt" : "2018-05-02T09:55:16.521Z", 
    "updatedAt" : "2018-05-02T09:55:16.521Z"
}
{ 
    "_id" : ObjectId("5ae98b123f06e716ae55bc6b"), 
    "projectId" : ObjectId("5ae98ab63f06e716ae55bc39"), 
    "dateOfEntry" : "2018-05-02", 
    "userId" : ObjectId("5adedab158c28575101c8ae6"), 
    "comments" : "new task Meeting is add to the Project", 
    "taskId" : ObjectId("5ae98b123f06e716ae55bc69"), 
    "createdAt" : "2018-05-02T09:55:30.659Z", 
    "updatedAt" : "2018-05-02T09:55:30.659Z"
}
{ 
    "_id" : ObjectId("5ae98b133f06e716ae55bc71"), 
    "projectId" : ObjectId("5ae98ab63f06e716ae55bc39"), 
    "dateOfEntry" : "2018-05-02", 
    "userId" : ObjectId("5adedab158c28575101c8ae6"), 
    "comments" : " task: 5ae98b123f06e716ae55bc69 is updated with value name:Meeting", 
    "taskId" : ObjectId("5ae98b123f06e716ae55bc69"), 
    "createdAt" : "2018-05-02T09:55:31.177Z", 
    "updatedAt" : "2018-05-02T09:55:31.177Z"
}
{ 
    "_id" : ObjectId("5ae98b2c3f06e716ae55bc74"), 
    "projectId" : ObjectId("5ae98ab63f06e716ae55bc39"), 
    "dateOfEntry" : "2018-05-02", 
    "userId" : ObjectId("5adedab158c28575101c8ae6"), 
    "comments" : "new task Documentation is add to the Project", 
    "taskId" : ObjectId("5ae98b2c3f06e716ae55bc72"), 
    "createdAt" : "2018-05-02T09:55:56.380Z", 
    "updatedAt" : "2018-05-02T09:55:56.380Z"
}
{ 
    "_id" : ObjectId("5ae98b2c3f06e716ae55bc7a"), 
    "projectId" : ObjectId("5ae98ab63f06e716ae55bc39"), 
    "dateOfEntry" : "2018-05-02", 
    "userId" : ObjectId("5adedab158c28575101c8ae6"), 
    "comments" : " task: 5ae98b2c3f06e716ae55bc72 is updated with value name:Documentation", 
    "taskId" : ObjectId("5ae98b2c3f06e716ae55bc72"), 
    "createdAt" : "2018-05-02T09:55:56.855Z", 
    "updatedAt" : "2018-05-02T09:55:56.855Z"
}
{ 
    "_id" : ObjectId("5ae98b3e3f06e716ae55bc7d"), 
    "projectId" : ObjectId("5ae98ab63f06e716ae55bc39"), 
    "dateOfEntry" : "2018-05-02", 
    "userId" : ObjectId("5adedab158c28575101c8ae6"), 
    "comments" : "new task Training is add to the Project", 
    "taskId" : ObjectId("5ae98b3e3f06e716ae55bc7b"), 
    "createdAt" : "2018-05-02T09:56:14.429Z", 
    "updatedAt" : "2018-05-02T09:56:14.429Z"
}
{ 
    "_id" : ObjectId("5ae98b3f3f06e716ae55bc83"), 
    "projectId" : ObjectId("5ae98ab63f06e716ae55bc39"), 
    "dateOfEntry" : "2018-05-02", 
    "userId" : ObjectId("5adedab158c28575101c8ae6"), 
    "comments" : " task: 5ae98b3e3f06e716ae55bc7b is updated with value name:Training", 
    "taskId" : ObjectId("5ae98b3e3f06e716ae55bc7b"), 
    "createdAt" : "2018-05-02T09:56:15.077Z", 
    "updatedAt" : "2018-05-02T09:56:15.077Z"
}
{ 
    "_id" : ObjectId("5ae98b663f06e716ae55bc85"), 
    "projectId" : ObjectId("5ae98b663f06e716ae55bc84"), 
    "dateOfEntry" : "2018-05-02", 
    "userId" : ObjectId("5adedab158c28575101c8ae6"), 
    "comments" : "created new project", 
    "createdAt" : "2018-05-02T09:56:54.634Z", 
    "updatedAt" : "2018-05-02T09:56:54.634Z", 
    "taskId" : null
}
{ 
    "_id" : ObjectId("5ae98b663f06e716ae55bc86"), 
    "projectId" : ObjectId("5ae98b663f06e716ae55bc84"), 
    "dateOfEntry" : "2018-05-02", 
    "userId" : ObjectId("5adedab158c28575101c8ae6"), 
    "comments" : "updated the project details name:OWCC Scanning Project(Imaging and Capture) desc:OWCC Scanning Project(Imaging and Capture) state:2", 
    "createdAt" : "2018-05-02T09:56:54.710Z", 
    "updatedAt" : "2018-05-02T09:56:54.710Z", 
    "taskId" : null
}
{ 
    "_id" : ObjectId("5ae98b6f3f06e716ae55bc88"), 
    "projectId" : ObjectId("5ae98b663f06e716ae55bc84"), 
    "dateOfEntry" : "2018-05-02", 
    "userId" : ObjectId("5adedab158c28575101c8ae6"), 
    "comments" : "added Gokulraj Alagesan to this project", 
    "createdAt" : "2018-05-02T09:57:03.591Z", 
    "updatedAt" : "2018-05-02T09:57:03.591Z", 
    "taskId" : null
}
{ 
    "_id" : ObjectId("5ae98b753f06e716ae55bc8a"), 
    "projectId" : ObjectId("5ae98b663f06e716ae55bc84"), 
    "dateOfEntry" : "2018-05-02", 
    "userId" : ObjectId("5adedab158c28575101c8ae6"), 
    "comments" : "added Arunprasad S to this project", 
    "createdAt" : "2018-05-02T09:57:09.483Z", 
    "updatedAt" : "2018-05-02T09:57:09.483Z", 
    "taskId" : null
}
{ 
    "_id" : ObjectId("5ae98b863f06e716ae55bc8d"), 
    "projectId" : ObjectId("5ae98b663f06e716ae55bc84"), 
    "dateOfEntry" : "2018-05-02", 
    "userId" : ObjectId("5adedab158c28575101c8ae6"), 
    "comments" : "new task Development is add to the Project", 
    "taskId" : ObjectId("5ae98b863f06e716ae55bc8b"), 
    "createdAt" : "2018-05-02T09:57:26.857Z", 
    "updatedAt" : "2018-05-02T09:57:26.857Z"
}
{ 
    "_id" : ObjectId("5ae98b873f06e716ae55bc93"), 
    "projectId" : ObjectId("5ae98b663f06e716ae55bc84"), 
    "dateOfEntry" : "2018-05-02", 
    "userId" : ObjectId("5adedab158c28575101c8ae6"), 
    "comments" : " task: 5ae98b863f06e716ae55bc8b is updated with value name:Development", 
    "taskId" : ObjectId("5ae98b863f06e716ae55bc8b"), 
    "createdAt" : "2018-05-02T09:57:27.033Z", 
    "updatedAt" : "2018-05-02T09:57:27.033Z"
}
{ 
    "_id" : ObjectId("5ae98b923f06e716ae55bc96"), 
    "projectId" : ObjectId("5ae98b663f06e716ae55bc84"), 
    "dateOfEntry" : "2018-05-02", 
    "userId" : ObjectId("5adedab158c28575101c8ae6"), 
    "comments" : "new task Analysis is add to the Project", 
    "taskId" : ObjectId("5ae98b923f06e716ae55bc94"), 
    "createdAt" : "2018-05-02T09:57:38.960Z", 
    "updatedAt" : "2018-05-02T09:57:38.960Z"
}
{ 
    "_id" : ObjectId("5ae98b933f06e716ae55bc9c"), 
    "projectId" : ObjectId("5ae98b663f06e716ae55bc84"), 
    "dateOfEntry" : "2018-05-02", 
    "userId" : ObjectId("5adedab158c28575101c8ae6"), 
    "comments" : " task: 5ae98b923f06e716ae55bc94 is updated with value name:Analysis", 
    "taskId" : ObjectId("5ae98b923f06e716ae55bc94"), 
    "createdAt" : "2018-05-02T09:57:39.224Z", 
    "updatedAt" : "2018-05-02T09:57:39.224Z"
}
{ 
    "_id" : ObjectId("5ae98ba23f06e716ae55bc9f"), 
    "projectId" : ObjectId("5ae98b663f06e716ae55bc84"), 
    "dateOfEntry" : "2018-05-02", 
    "userId" : ObjectId("5adedab158c28575101c8ae6"), 
    "comments" : "new task Documentation is add to the Project", 
    "taskId" : ObjectId("5ae98ba23f06e716ae55bc9d"), 
    "createdAt" : "2018-05-02T09:57:54.956Z", 
    "updatedAt" : "2018-05-02T09:57:54.956Z"
}
{ 
    "_id" : ObjectId("5ae98ba33f06e716ae55bca5"), 
    "projectId" : ObjectId("5ae98b663f06e716ae55bc84"), 
    "dateOfEntry" : "2018-05-02", 
    "userId" : ObjectId("5adedab158c28575101c8ae6"), 
    "comments" : " task: 5ae98ba23f06e716ae55bc9d is updated with value name:Documentation", 
    "taskId" : ObjectId("5ae98ba23f06e716ae55bc9d"), 
    "createdAt" : "2018-05-02T09:57:55.258Z", 
    "updatedAt" : "2018-05-02T09:57:55.258Z"
}
{ 
    "_id" : ObjectId("5ae98bb43f06e716ae55bca8"), 
    "projectId" : ObjectId("5ae98b663f06e716ae55bc84"), 
    "dateOfEntry" : "2018-05-02", 
    "userId" : ObjectId("5adedab158c28575101c8ae6"), 
    "comments" : "new task Bug Fixing is add to the Project", 
    "taskId" : ObjectId("5ae98bb43f06e716ae55bca6"), 
    "createdAt" : "2018-05-02T09:58:12.324Z", 
    "updatedAt" : "2018-05-02T09:58:12.324Z"
}
{ 
    "_id" : ObjectId("5ae98bb43f06e716ae55bcae"), 
    "projectId" : ObjectId("5ae98b663f06e716ae55bc84"), 
    "dateOfEntry" : "2018-05-02", 
    "userId" : ObjectId("5adedab158c28575101c8ae6"), 
    "comments" : " task: 5ae98bb43f06e716ae55bca6 is updated with value name:Bug Fixing", 
    "taskId" : ObjectId("5ae98bb43f06e716ae55bca6"), 
    "createdAt" : "2018-05-02T09:58:12.656Z", 
    "updatedAt" : "2018-05-02T09:58:12.656Z"
}
{ 
    "_id" : ObjectId("5ae98bcc3f06e716ae55bcb1"), 
    "projectId" : ObjectId("5ae98b663f06e716ae55bc84"), 
    "dateOfEntry" : "2018-05-02", 
    "userId" : ObjectId("5adedab158c28575101c8ae6"), 
    "comments" : "new task Meeting is add to the Project", 
    "taskId" : ObjectId("5ae98bcc3f06e716ae55bcaf"), 
    "createdAt" : "2018-05-02T09:58:36.272Z", 
    "updatedAt" : "2018-05-02T09:58:36.272Z"
}
{ 
    "_id" : ObjectId("5ae98bcc3f06e716ae55bcb7"), 
    "projectId" : ObjectId("5ae98b663f06e716ae55bc84"), 
    "dateOfEntry" : "2018-05-02", 
    "userId" : ObjectId("5adedab158c28575101c8ae6"), 
    "comments" : " task: 5ae98bcc3f06e716ae55bcaf is updated with value name:Meeting", 
    "taskId" : ObjectId("5ae98bcc3f06e716ae55bcaf"), 
    "createdAt" : "2018-05-02T09:58:36.643Z", 
    "updatedAt" : "2018-05-02T09:58:36.643Z"
}
{ 
    "_id" : ObjectId("5ae98bdd3f06e716ae55bcbb"), 
    "projectId" : ObjectId("5ae98b663f06e716ae55bc84"), 
    "dateOfEntry" : "2018-05-02", 
    "userId" : ObjectId("5adedab158c28575101c8ae6"), 
    "comments" : "new task Unit Test is add to the Project", 
    "taskId" : ObjectId("5ae98bdd3f06e716ae55bcb9"), 
    "createdAt" : "2018-05-02T09:58:53.013Z", 
    "updatedAt" : "2018-05-02T09:58:53.013Z"
}
{ 
    "_id" : ObjectId("5ae98bdd3f06e716ae55bcc1"), 
    "projectId" : ObjectId("5ae98b663f06e716ae55bc84"), 
    "dateOfEntry" : "2018-05-02", 
    "userId" : ObjectId("5adedab158c28575101c8ae6"), 
    "comments" : " task: 5ae98bdd3f06e716ae55bcb9 is updated with value name:Unit Test", 
    "taskId" : ObjectId("5ae98bdd3f06e716ae55bcb9"), 
    "createdAt" : "2018-05-02T09:58:53.543Z", 
    "updatedAt" : "2018-05-02T09:58:53.543Z"
}
{ 
    "_id" : ObjectId("5ae98bfe3f06e716ae55bcc4"), 
    "projectId" : ObjectId("5ae98b663f06e716ae55bc84"), 
    "dateOfEntry" : "2018-05-02", 
    "userId" : ObjectId("5adedab158c28575101c8ae6"), 
    "comments" : "new task Training is add to the Project", 
    "taskId" : ObjectId("5ae98bfe3f06e716ae55bcc2"), 
    "createdAt" : "2018-05-02T09:59:26.248Z", 
    "updatedAt" : "2018-05-02T09:59:26.248Z"
}
{ 
    "_id" : ObjectId("5ae98bfe3f06e716ae55bcca"), 
    "projectId" : ObjectId("5ae98b663f06e716ae55bc84"), 
    "dateOfEntry" : "2018-05-02", 
    "userId" : ObjectId("5adedab158c28575101c8ae6"), 
    "comments" : " task: 5ae98bfe3f06e716ae55bcc2 is updated with value name:Training", 
    "taskId" : ObjectId("5ae98bfe3f06e716ae55bcc2"), 
    "createdAt" : "2018-05-02T09:59:26.724Z", 
    "updatedAt" : "2018-05-02T09:59:26.724Z"
}
{ 
    "_id" : ObjectId("5ae98c1a3f06e716ae55bccc"), 
    "projectId" : ObjectId("5ae98c1a3f06e716ae55bccb"), 
    "dateOfEntry" : "2018-05-02", 
    "userId" : ObjectId("5adedab158c28575101c8ae6"), 
    "comments" : "created new project", 
    "createdAt" : "2018-05-02T09:59:54.958Z", 
    "updatedAt" : "2018-05-02T09:59:54.958Z", 
    "taskId" : null
}
{ 
    "_id" : ObjectId("5ae98c1b3f06e716ae55bccd"), 
    "projectId" : ObjectId("5ae98c1a3f06e716ae55bccb"), 
    "dateOfEntry" : "2018-05-02", 
    "userId" : ObjectId("5adedab158c28575101c8ae6"), 
    "comments" : "updated the project details name:Time-Sheet App desc:Time-Sheet App state:2", 
    "createdAt" : "2018-05-02T09:59:55.037Z", 
    "updatedAt" : "2018-05-02T09:59:55.037Z", 
    "taskId" : null
}
{ 
    "_id" : ObjectId("5aeae2473f06e716ae55bd44"), 
    "projectId" : ObjectId("5ae96dadae3bb145f0103c2e"), 
    "dateOfEntry" : "2018-05-03", 
    "userId" : ObjectId("5adedafd58c28575101c8aea"), 
    "comments" : "added Mohanlal to this project", 
    "createdAt" : "2018-05-03T10:19:51.079Z", 
    "updatedAt" : "2018-05-03T10:19:51.079Z", 
    "taskId" : null
}
{ 
    "_id" : ObjectId("5aeae24d3f06e716ae55bd46"), 
    "projectId" : ObjectId("5ae96dadae3bb145f0103c2e"), 
    "dateOfEntry" : "2018-05-03", 
    "userId" : ObjectId("5adedafd58c28575101c8aea"), 
    "comments" : "added Malarvizhi to this project", 
    "createdAt" : "2018-05-03T10:19:57.872Z", 
    "updatedAt" : "2018-05-03T10:19:57.872Z", 
    "taskId" : null
}
{ 
    "_id" : ObjectId("5aeae2553f06e716ae55bd48"), 
    "projectId" : ObjectId("5ae96dadae3bb145f0103c2e"), 
    "dateOfEntry" : "2018-05-03", 
    "userId" : ObjectId("5adedafd58c28575101c8aea"), 
    "comments" : "added Gayathri to this project", 
    "createdAt" : "2018-05-03T10:20:05.670Z", 
    "updatedAt" : "2018-05-03T10:20:05.670Z", 
    "taskId" : null
}
{ 
    "_id" : ObjectId("5aeae25b3f06e716ae55bd4a"), 
    "projectId" : ObjectId("5ae96dadae3bb145f0103c2e"), 
    "dateOfEntry" : "2018-05-03", 
    "userId" : ObjectId("5adedafd58c28575101c8aea"), 
    "comments" : "added Yeswanth P to this project", 
    "createdAt" : "2018-05-03T10:20:11.940Z", 
    "updatedAt" : "2018-05-03T10:20:11.940Z", 
    "taskId" : null
}
{ 
    "_id" : ObjectId("5aeae26c3f06e716ae55bd4c"), 
    "projectId" : ObjectId("5ae96dadae3bb145f0103c2e"), 
    "dateOfEntry" : "2018-05-03", 
    "userId" : ObjectId("5adedafd58c28575101c8aea"), 
    "comments" : "added Mani Adhiyaman to this project", 
    "createdAt" : "2018-05-03T10:20:28.624Z", 
    "updatedAt" : "2018-05-03T10:20:28.624Z", 
    "taskId" : null
}
{ 
    "_id" : ObjectId("5aeae2853f06e716ae55bd4e"), 
    "projectId" : ObjectId("5ae96dadae3bb145f0103c2e"), 
    "dateOfEntry" : "2018-05-03", 
    "userId" : ObjectId("5adedafd58c28575101c8aea"), 
    "comments" : "added Arun to this project", 
    "createdAt" : "2018-05-03T10:20:53.101Z", 
    "updatedAt" : "2018-05-03T10:20:53.101Z", 
    "taskId" : null
}
{ 
    "_id" : ObjectId("5aeae2853f06e716ae55bd50"), 
    "projectId" : ObjectId("5ae96dadae3bb145f0103c2e"), 
    "dateOfEntry" : "2018-05-03", 
    "userId" : ObjectId("5adedafd58c28575101c8aea"), 
    "comments" : "added Arun to this project", 
    "createdAt" : "2018-05-03T10:20:53.761Z", 
    "updatedAt" : "2018-05-03T10:20:53.761Z", 
    "taskId" : null
}
{ 
    "_id" : ObjectId("5aeae2ce3f06e716ae55bd53"), 
    "projectId" : ObjectId("5ae96dadae3bb145f0103c2e"), 
    "dateOfEntry" : "2018-05-03", 
    "userId" : ObjectId("5adedafd58c28575101c8aea"), 
    "comments" : "new task RR Kids Google Enhanced Ecommerce -> Development is add to the Project", 
    "taskId" : ObjectId("5aeae2ce3f06e716ae55bd51"), 
    "createdAt" : "2018-05-03T10:22:06.351Z", 
    "updatedAt" : "2018-05-03T10:22:06.351Z"
}
{ 
    "_id" : ObjectId("5aeae2ce3f06e716ae55bd57"), 
    "projectId" : ObjectId("5ae96dadae3bb145f0103c2e"), 
    "dateOfEntry" : "2018-05-03", 
    "userId" : ObjectId("5adedafd58c28575101c8aea"), 
    "comments" : " task: 5aeae2ce3f06e716ae55bd51 is updated with value name:RR Kids Google Enhanced Ecommerce -> Development", 
    "taskId" : ObjectId("5aeae2ce3f06e716ae55bd51"), 
    "createdAt" : "2018-05-03T10:22:06.581Z", 
    "updatedAt" : "2018-05-03T10:22:06.581Z"
}
{ 
    "_id" : ObjectId("5aeae3493f06e716ae55bd5a"), 
    "projectId" : ObjectId("5ae96dadae3bb145f0103c2e"), 
    "dateOfEntry" : "2018-05-03", 
    "userId" : ObjectId("5adedafd58c28575101c8aea"), 
    "comments" : "new task RS checkout issue -> Development is add to the Project", 
    "taskId" : ObjectId("5aeae3493f06e716ae55bd58"), 
    "createdAt" : "2018-05-03T10:24:09.756Z", 
    "updatedAt" : "2018-05-03T10:24:09.756Z"
}
{ 
    "_id" : ObjectId("5aeae3493f06e716ae55bd5e"), 
    "projectId" : ObjectId("5ae96dadae3bb145f0103c2e"), 
    "dateOfEntry" : "2018-05-03", 
    "userId" : ObjectId("5adedafd58c28575101c8aea"), 
    "comments" : " task: 5aeae3493f06e716ae55bd58 is updated with value name:RS checkout issue -> Development", 
    "taskId" : ObjectId("5aeae3493f06e716ae55bd58"), 
    "createdAt" : "2018-05-03T10:24:09.970Z", 
    "updatedAt" : "2018-05-03T10:24:09.970Z"
}
{ 
    "_id" : ObjectId("5aeae39b3f06e716ae55bd61"), 
    "projectId" : ObjectId("5ae96dadae3bb145f0103c2e"), 
    "dateOfEntry" : "2018-05-03", 
    "userId" : ObjectId("5adedafd58c28575101c8aea"), 
    "comments" : "new task Apple Pay Mobile -> Testing is add to the Project", 
    "taskId" : ObjectId("5aeae39b3f06e716ae55bd5f"), 
    "createdAt" : "2018-05-03T10:25:31.422Z", 
    "updatedAt" : "2018-05-03T10:25:31.422Z"
}
{ 
    "_id" : ObjectId("5aeae39b3f06e716ae55bd65"), 
    "projectId" : ObjectId("5ae96dadae3bb145f0103c2e"), 
    "dateOfEntry" : "2018-05-03", 
    "userId" : ObjectId("5adedafd58c28575101c8aea"), 
    "comments" : " task: 5aeae39b3f06e716ae55bd5f is updated with value name:Apple Pay Mobile -> Testing", 
    "taskId" : ObjectId("5aeae39b3f06e716ae55bd5f"), 
    "createdAt" : "2018-05-03T10:25:31.861Z", 
    "updatedAt" : "2018-05-03T10:25:31.861Z"
}
{ 
    "_id" : ObjectId("5aeae3a03f06e716ae55bd67"), 
    "projectId" : ObjectId("5ae96dadae3bb145f0103c2e"), 
    "dateOfEntry" : "2018-05-03", 
    "userId" : ObjectId("5adedafd58c28575101c8aea"), 
    "comments" : "added Swetha to this project", 
    "createdAt" : "2018-05-03T10:25:36.331Z", 
    "updatedAt" : "2018-05-03T10:25:36.331Z", 
    "taskId" : null
}
{ 
    "_id" : ObjectId("5aeae3ce3f06e716ae55bd6a"), 
    "projectId" : ObjectId("5ae96dadae3bb145f0103c2e"), 
    "dateOfEntry" : "2018-05-03", 
    "userId" : ObjectId("5adedafd58c28575101c8aea"), 
    "comments" : "new task RRS Kids- pagination issue -> Issue fixes is add to the Project", 
    "taskId" : ObjectId("5aeae3ce3f06e716ae55bd68"), 
    "createdAt" : "2018-05-03T10:26:22.836Z", 
    "updatedAt" : "2018-05-03T10:26:22.836Z"
}
{ 
    "_id" : ObjectId("5aeae3cf3f06e716ae55bd6e"), 
    "projectId" : ObjectId("5ae96dadae3bb145f0103c2e"), 
    "dateOfEntry" : "2018-05-03", 
    "userId" : ObjectId("5adedafd58c28575101c8aea"), 
    "comments" : " task: 5aeae3ce3f06e716ae55bd68 is updated with value name:RRS Kids- pagination issue -> Issue fixes", 
    "taskId" : ObjectId("5aeae3ce3f06e716ae55bd68"), 
    "createdAt" : "2018-05-03T10:26:23.104Z", 
    "updatedAt" : "2018-05-03T10:26:23.104Z"
}
{ 
    "_id" : ObjectId("5aeae3e43f06e716ae55bd71"), 
    "projectId" : ObjectId("5ae96dadae3bb145f0103c2e"), 
    "dateOfEntry" : "2018-05-03", 
    "userId" : ObjectId("5adedafd58c28575101c8aea"), 
    "comments" : "new task RRS Kids- pagination issue -> Testing is add to the Project", 
    "taskId" : ObjectId("5aeae3e43f06e716ae55bd6f"), 
    "createdAt" : "2018-05-03T10:26:44.099Z", 
    "updatedAt" : "2018-05-03T10:26:44.099Z"
}
{ 
    "_id" : ObjectId("5aeae3e43f06e716ae55bd75"), 
    "projectId" : ObjectId("5ae96dadae3bb145f0103c2e"), 
    "dateOfEntry" : "2018-05-03", 
    "userId" : ObjectId("5adedafd58c28575101c8aea"), 
    "comments" : " task: 5aeae3e43f06e716ae55bd6f is updated with value name:RRS Kids- pagination issue -> Testing", 
    "taskId" : ObjectId("5aeae3e43f06e716ae55bd6f"), 
    "createdAt" : "2018-05-03T10:26:44.438Z", 
    "updatedAt" : "2018-05-03T10:26:44.438Z"
}
{ 
    "_id" : ObjectId("5aeae45a3f06e716ae55bd78"), 
    "projectId" : ObjectId("5ae96dadae3bb145f0103c2e"), 
    "dateOfEntry" : "2018-05-03", 
    "userId" : ObjectId("5adedafd58c28575101c8aea"), 
    "comments" : "new task Heads up for potential site issues -> Log and root cause analysis & solution is add to the Project", 
    "taskId" : ObjectId("5aeae45a3f06e716ae55bd76"), 
    "createdAt" : "2018-05-03T10:28:42.430Z", 
    "updatedAt" : "2018-05-03T10:28:42.430Z"
}
{ 
    "_id" : ObjectId("5aeae45a3f06e716ae55bd7c"), 
    "projectId" : ObjectId("5ae96dadae3bb145f0103c2e"), 
    "dateOfEntry" : "2018-05-03", 
    "userId" : ObjectId("5adedafd58c28575101c8aea"), 
    "comments" : " task: 5aeae45a3f06e716ae55bd76 is updated with value name:Heads up for potential site issues -> Log and root cause analysis & solution", 
    "taskId" : ObjectId("5aeae45a3f06e716ae55bd76"), 
    "createdAt" : "2018-05-03T10:28:42.805Z", 
    "updatedAt" : "2018-05-03T10:28:42.805Z"
}
{ 
    "_id" : ObjectId("5aeb0af83f06e716ae55bd8c"), 
    "projectId" : ObjectId("5aeb0af83f06e716ae55bd8b"), 
    "dateOfEntry" : "2018-05-03", 
    "userId" : ObjectId("5adedab158c28575101c8ae6"), 
    "comments" : "created new project", 
    "createdAt" : "2018-05-03T13:13:28.154Z", 
    "updatedAt" : "2018-05-03T13:13:28.154Z", 
    "taskId" : null
}
{ 
    "_id" : ObjectId("5aeb0af93f06e716ae55bd8d"), 
    "projectId" : ObjectId("5aeb0af83f06e716ae55bd8b"), 
    "dateOfEntry" : "2018-05-03", 
    "userId" : ObjectId("5adedab158c28575101c8ae6"), 
    "comments" : "updated the project details name:Graphics Design desc:Graphics Design, UX, UI and others state:2", 
    "createdAt" : "2018-05-03T13:13:29.040Z", 
    "updatedAt" : "2018-05-03T13:13:29.040Z", 
    "taskId" : null
}
{ 
    "_id" : ObjectId("5aeb0b0a3f06e716ae55bd8f"), 
    "projectId" : ObjectId("5aeb0af83f06e716ae55bd8b"), 
    "dateOfEntry" : "2018-05-03", 
    "userId" : ObjectId("5adedab158c28575101c8ae6"), 
    "comments" : "added Soundarapandian to this project", 
    "createdAt" : "2018-05-03T13:13:46.914Z", 
    "updatedAt" : "2018-05-03T13:13:46.914Z", 
    "taskId" : null
}
{ 
    "_id" : ObjectId("5aeb0b343f06e716ae55bd92"), 
    "projectId" : ObjectId("5aeb0af83f06e716ae55bd8b"), 
    "dateOfEntry" : "2018-05-03", 
    "userId" : ObjectId("5adedab158c28575101c8ae6"), 
    "comments" : "new task Social Media Post is add to the Project", 
    "taskId" : ObjectId("5aeb0b343f06e716ae55bd90"), 
    "createdAt" : "2018-05-03T13:14:28.479Z", 
    "updatedAt" : "2018-05-03T13:14:28.479Z"
}
{ 
    "_id" : ObjectId("5aeb0b3b3f06e716ae55bd96"), 
    "projectId" : ObjectId("5aeb0af83f06e716ae55bd8b"), 
    "dateOfEntry" : "2018-05-03", 
    "userId" : ObjectId("5adedab158c28575101c8ae6"), 
    "comments" : " task: 5aeb0b343f06e716ae55bd90 is updated with value name:Social Media Post", 
    "taskId" : ObjectId("5aeb0b343f06e716ae55bd90"), 
    "createdAt" : "2018-05-03T13:14:35.920Z", 
    "updatedAt" : "2018-05-03T13:14:35.920Z"
}
{ 
    "_id" : ObjectId("5aeb0bcb3f06e716ae55bd99"), 
    "projectId" : ObjectId("5aeb0af83f06e716ae55bd8b"), 
    "dateOfEntry" : "2018-05-03", 
    "userId" : ObjectId("5adedab158c28575101c8ae6"), 
    "comments" : "new task Website Design is add to the Project", 
    "taskId" : ObjectId("5aeb0bcb3f06e716ae55bd97"), 
    "createdAt" : "2018-05-03T13:16:59.091Z", 
    "updatedAt" : "2018-05-03T13:16:59.091Z"
}
{ 
    "_id" : ObjectId("5aeb0bcb3f06e716ae55bd9d"), 
    "projectId" : ObjectId("5aeb0af83f06e716ae55bd8b"), 
    "dateOfEntry" : "2018-05-03", 
    "userId" : ObjectId("5adedab158c28575101c8ae6"), 
    "comments" : " task: 5aeb0bcb3f06e716ae55bd97 is updated with value name:Website Design", 
    "taskId" : ObjectId("5aeb0bcb3f06e716ae55bd97"), 
    "createdAt" : "2018-05-03T13:16:59.311Z", 
    "updatedAt" : "2018-05-03T13:16:59.311Z"
}
{ 
    "_id" : ObjectId("5aeb0c2f3f06e716ae55bda0"), 
    "projectId" : ObjectId("5aeb0af83f06e716ae55bd8b"), 
    "dateOfEntry" : "2018-05-03", 
    "userId" : ObjectId("5adedab158c28575101c8ae6"), 
    "comments" : "new task Blog Design is add to the Project", 
    "taskId" : ObjectId("5aeb0c2f3f06e716ae55bd9e"), 
    "createdAt" : "2018-05-03T13:18:39.424Z", 
    "updatedAt" : "2018-05-03T13:18:39.424Z"
}
{ 
    "_id" : ObjectId("5aeb0c2f3f06e716ae55bda4"), 
    "projectId" : ObjectId("5aeb0af83f06e716ae55bd8b"), 
    "dateOfEntry" : "2018-05-03", 
    "userId" : ObjectId("5adedab158c28575101c8ae6"), 
    "comments" : " task: 5aeb0c2f3f06e716ae55bd9e is updated with value name:Blog Design", 
    "taskId" : ObjectId("5aeb0c2f3f06e716ae55bd9e"), 
    "createdAt" : "2018-05-03T13:18:39.667Z", 
    "updatedAt" : "2018-05-03T13:18:39.667Z"
}
{ 
    "_id" : ObjectId("5aeb0c773f06e716ae55bda7"), 
    "projectId" : ObjectId("5aeb0af83f06e716ae55bd8b"), 
    "dateOfEntry" : "2018-05-03", 
    "userId" : ObjectId("5adedab158c28575101c8ae6"), 
    "comments" : "new task Template Design is add to the Project", 
    "taskId" : ObjectId("5aeb0c773f06e716ae55bda5"), 
    "createdAt" : "2018-05-03T13:19:51.357Z", 
    "updatedAt" : "2018-05-03T13:19:51.357Z"
}
{ 
    "_id" : ObjectId("5aeb0c773f06e716ae55bdab"), 
    "projectId" : ObjectId("5aeb0af83f06e716ae55bd8b"), 
    "dateOfEntry" : "2018-05-03", 
    "userId" : ObjectId("5adedab158c28575101c8ae6"), 
    "comments" : " task: 5aeb0c773f06e716ae55bda5 is updated with value name:Template Design", 
    "taskId" : ObjectId("5aeb0c773f06e716ae55bda5"), 
    "createdAt" : "2018-05-03T13:19:51.601Z", 
    "updatedAt" : "2018-05-03T13:19:51.601Z"
}
{ 
    "_id" : ObjectId("5aeb0c8a3f06e716ae55bdae"), 
    "projectId" : ObjectId("5aeb0af83f06e716ae55bd8b"), 
    "dateOfEntry" : "2018-05-03", 
    "userId" : ObjectId("5adedab158c28575101c8ae6"), 
    "comments" : "new task Video Creation is add to the Project", 
    "taskId" : ObjectId("5aeb0c8a3f06e716ae55bdac"), 
    "createdAt" : "2018-05-03T13:20:10.871Z", 
    "updatedAt" : "2018-05-03T13:20:10.871Z"
}
{ 
    "_id" : ObjectId("5aeb0c8b3f06e716ae55bdb2"), 
    "projectId" : ObjectId("5aeb0af83f06e716ae55bd8b"), 
    "dateOfEntry" : "2018-05-03", 
    "userId" : ObjectId("5adedab158c28575101c8ae6"), 
    "comments" : " task: 5aeb0c8a3f06e716ae55bdac is updated with value name:Video Creation", 
    "taskId" : ObjectId("5aeb0c8a3f06e716ae55bdac"), 
    "createdAt" : "2018-05-03T13:20:11.152Z", 
    "updatedAt" : "2018-05-03T13:20:11.152Z"
}
{ 
    "_id" : ObjectId("5aeb0cbd3f06e716ae55bdb5"), 
    "projectId" : ObjectId("5ae97d3320dcc2132c376a97"), 
    "dateOfEntry" : "2018-05-03", 
    "userId" : ObjectId("5adedab158c28575101c8ae6"), 
    "comments" : "new task Holiday is add to the Project", 
    "taskId" : ObjectId("5aeb0cbd3f06e716ae55bdb3"), 
    "createdAt" : "2018-05-03T13:21:01.189Z", 
    "updatedAt" : "2018-05-03T13:21:01.189Z"
}
{ 
    "_id" : ObjectId("5aeb0cc03f06e716ae55bdff"), 
    "projectId" : ObjectId("5ae97d3320dcc2132c376a97"), 
    "dateOfEntry" : "2018-05-03", 
    "userId" : ObjectId("5adedab158c28575101c8ae6"), 
    "comments" : " task: 5aeb0cbd3f06e716ae55bdb3 is updated with value name:Holiday", 
    "taskId" : ObjectId("5aeb0cbd3f06e716ae55bdb3"), 
    "createdAt" : "2018-05-03T13:21:04.601Z", 
    "updatedAt" : "2018-05-03T13:21:04.601Z"
}
{ 
    "_id" : ObjectId("5aebeca13f06e716ae55be0e"), 
    "projectId" : ObjectId("5ae98c1a3f06e716ae55bccb"), 
    "dateOfEntry" : "2018-05-04", 
    "userId" : ObjectId("5adedab158c28575101c8ae6"), 
    "comments" : "added Ramesh kumar to this project", 
    "createdAt" : "2018-05-04T05:16:17.573Z", 
    "updatedAt" : "2018-05-04T05:16:17.573Z", 
    "taskId" : null
}
{ 
    "_id" : ObjectId("5aebecad3f06e716ae55be10"), 
    "projectId" : ObjectId("5ae98c1a3f06e716ae55bccb"), 
    "dateOfEntry" : "2018-05-04", 
    "userId" : ObjectId("5adedab158c28575101c8ae6"), 
    "comments" : "added Rahul S to this project", 
    "createdAt" : "2018-05-04T05:16:29.428Z", 
    "updatedAt" : "2018-05-04T05:16:29.428Z", 
    "taskId" : null
}
{ 
    "_id" : ObjectId("5aebecb53f06e716ae55be12"), 
    "projectId" : ObjectId("5ae98c1a3f06e716ae55bccb"), 
    "dateOfEntry" : "2018-05-04", 
    "userId" : ObjectId("5adedab158c28575101c8ae6"), 
    "comments" : "added Tasneem Arief to this project", 
    "createdAt" : "2018-05-04T05:16:37.617Z", 
    "updatedAt" : "2018-05-04T05:16:37.617Z", 
    "taskId" : null
}
{ 
    "_id" : ObjectId("5aebecc63f06e716ae55be14"), 
    "projectId" : ObjectId("5ae98c1a3f06e716ae55bccb"), 
    "dateOfEntry" : "2018-05-04", 
    "userId" : ObjectId("5adedab158c28575101c8ae6"), 
    "comments" : "added Isaac to this project", 
    "createdAt" : "2018-05-04T05:16:54.720Z", 
    "updatedAt" : "2018-05-04T05:16:54.720Z", 
    "taskId" : null
}
{ 
    "_id" : ObjectId("5aebed333f06e716ae55be17"), 
    "projectId" : ObjectId("5ae97d3320dcc2132c376a97"), 
    "dateOfEntry" : "2018-05-04", 
    "userId" : ObjectId("5adedab158c28575101c8ae6"), 
    "comments" : "new task Infra Setup is add to the Project", 
    "taskId" : ObjectId("5aebed333f06e716ae55be15"), 
    "createdAt" : "2018-05-04T05:18:43.427Z", 
    "updatedAt" : "2018-05-04T05:18:43.427Z"
}
{ 
    "_id" : ObjectId("5aebed3d3f06e716ae55be1b"), 
    "projectId" : ObjectId("5ae97d3320dcc2132c376a97"), 
    "dateOfEntry" : "2018-05-04", 
    "userId" : ObjectId("5adedab158c28575101c8ae6"), 
    "comments" : " task: 5aebed333f06e716ae55be15 is updated with value name:Infra Setup", 
    "taskId" : ObjectId("5aebed333f06e716ae55be15"), 
    "createdAt" : "2018-05-04T05:18:53.422Z", 
    "updatedAt" : "2018-05-04T05:18:53.422Z"
}
{ 
    "_id" : ObjectId("5aebed5e3f06e716ae55be1e"), 
    "projectId" : ObjectId("5ae98c1a3f06e716ae55bccb"), 
    "dateOfEntry" : "2018-05-04", 
    "userId" : ObjectId("5adedab158c28575101c8ae6"), 
    "comments" : "new task API Creation is add to the Project", 
    "taskId" : ObjectId("5aebed5e3f06e716ae55be1c"), 
    "createdAt" : "2018-05-04T05:19:26.565Z", 
    "updatedAt" : "2018-05-04T05:19:26.565Z"
}
{ 
    "_id" : ObjectId("5aebed673f06e716ae55be22"), 
    "projectId" : ObjectId("5ae98c1a3f06e716ae55bccb"), 
    "dateOfEntry" : "2018-05-04", 
    "userId" : ObjectId("5adedab158c28575101c8ae6"), 
    "comments" : " task: 5aebed5e3f06e716ae55be1c is updated with value name:API Creation", 
    "taskId" : ObjectId("5aebed5e3f06e716ae55be1c"), 
    "createdAt" : "2018-05-04T05:19:35.374Z", 
    "updatedAt" : "2018-05-04T05:19:35.374Z"
}
{ 
    "_id" : ObjectId("5aebeda03f06e716ae55be25"), 
    "projectId" : ObjectId("5ae98c1a3f06e716ae55bccb"), 
    "dateOfEntry" : "2018-05-04", 
    "userId" : ObjectId("5adedab158c28575101c8ae6"), 
    "comments" : "new task Web App Development is add to the Project", 
    "taskId" : ObjectId("5aebeda03f06e716ae55be23"), 
    "createdAt" : "2018-05-04T05:20:32.360Z", 
    "updatedAt" : "2018-05-04T05:20:32.360Z"
}
{ 
    "_id" : ObjectId("5aebeda93f06e716ae55be29"), 
    "projectId" : ObjectId("5ae98c1a3f06e716ae55bccb"), 
    "dateOfEntry" : "2018-05-04", 
    "userId" : ObjectId("5adedab158c28575101c8ae6"), 
    "comments" : " task: 5aebeda03f06e716ae55be23 is updated with value name:Web App Development", 
    "taskId" : ObjectId("5aebeda03f06e716ae55be23"), 
    "createdAt" : "2018-05-04T05:20:41.231Z", 
    "updatedAt" : "2018-05-04T05:20:41.231Z"
}
{ 
    "_id" : ObjectId("5aebedce3f06e716ae55be2c"), 
    "projectId" : ObjectId("5ae98c1a3f06e716ae55bccb"), 
    "dateOfEntry" : "2018-05-04", 
    "userId" : ObjectId("5adedab158c28575101c8ae6"), 
    "comments" : "new task Time Sheets - Mobile App -  Development is add to the Project", 
    "taskId" : ObjectId("5aebedce3f06e716ae55be2a"), 
    "createdAt" : "2018-05-04T05:21:18.718Z", 
    "updatedAt" : "2018-05-04T05:21:18.718Z"
}
{ 
    "_id" : ObjectId("5aebedd23f06e716ae55be30"), 
    "projectId" : ObjectId("5ae98c1a3f06e716ae55bccb"), 
    "dateOfEntry" : "2018-05-04", 
    "userId" : ObjectId("5adedab158c28575101c8ae6"), 
    "comments" : " task: 5aebedce3f06e716ae55be2a is updated with value name:Time Sheets - Mobile App -  Development", 
    "taskId" : ObjectId("5aebedce3f06e716ae55be2a"), 
    "createdAt" : "2018-05-04T05:21:22.863Z", 
    "updatedAt" : "2018-05-04T05:21:22.863Z"
}
{ 
    "_id" : ObjectId("5aebee213f06e716ae55be33"), 
    "projectId" : ObjectId("5ae98c1a3f06e716ae55bccb"), 
    "dateOfEntry" : "2018-05-04", 
    "userId" : ObjectId("5adedab158c28575101c8ae6"), 
    "comments" : "new task Testing is add to the Project", 
    "taskId" : ObjectId("5aebee213f06e716ae55be31"), 
    "createdAt" : "2018-05-04T05:22:41.650Z", 
    "updatedAt" : "2018-05-04T05:22:41.650Z"
}
{ 
    "_id" : ObjectId("5aebee303f06e716ae55be3d"), 
    "projectId" : ObjectId("5ae98c1a3f06e716ae55bccb"), 
    "dateOfEntry" : "2018-05-04", 
    "userId" : ObjectId("5adedab158c28575101c8ae6"), 
    "comments" : " task: 5aebee213f06e716ae55be31 is updated with value name:Testing", 
    "taskId" : ObjectId("5aebee213f06e716ae55be31"), 
    "createdAt" : "2018-05-04T05:22:56.689Z", 
    "updatedAt" : "2018-05-04T05:22:56.689Z"
}
{ 
    "_id" : ObjectId("5aebee9a3f06e716ae55be41"), 
    "projectId" : ObjectId("5aebee9a3f06e716ae55be40"), 
    "dateOfEntry" : "2018-05-04", 
    "userId" : ObjectId("5adedab158c28575101c8ae6"), 
    "comments" : "created new project", 
    "createdAt" : "2018-05-04T05:24:42.875Z", 
    "updatedAt" : "2018-05-04T05:24:42.875Z", 
    "taskId" : null
}
{ 
    "_id" : ObjectId("5aebee9a3f06e716ae55be42"), 
    "projectId" : ObjectId("5aebee9a3f06e716ae55be40"), 
    "dateOfEntry" : "2018-05-04", 
    "userId" : ObjectId("5adedab158c28575101c8ae6"), 
    "comments" : "updated the project details name:Magento Dev. Activities desc:Magento Dev. Activities, Themes, Apps Creation state:2", 
    "createdAt" : "2018-05-04T05:24:42.973Z", 
    "updatedAt" : "2018-05-04T05:24:42.973Z", 
    "taskId" : null
}
{ 
    "_id" : ObjectId("5aebeea23f06e716ae55be44"), 
    "projectId" : ObjectId("5aebee9a3f06e716ae55be40"), 
    "dateOfEntry" : "2018-05-04", 
    "userId" : ObjectId("5adedab158c28575101c8ae6"), 
    "comments" : "added Tasneem Arief to this project", 
    "createdAt" : "2018-05-04T05:24:50.340Z", 
    "updatedAt" : "2018-05-04T05:24:50.340Z", 
    "taskId" : null
}
{ 
    "_id" : ObjectId("5aebeeab3f06e716ae55be46"), 
    "projectId" : ObjectId("5aebee9a3f06e716ae55be40"), 
    "dateOfEntry" : "2018-05-04", 
    "userId" : ObjectId("5adedab158c28575101c8ae6"), 
    "comments" : "added Ramesh kumar to this project", 
    "createdAt" : "2018-05-04T05:24:59.080Z", 
    "updatedAt" : "2018-05-04T05:24:59.080Z", 
    "taskId" : null
}
{ 
    "_id" : ObjectId("5aebeeb43f06e716ae55be48"), 
    "projectId" : ObjectId("5aebee9a3f06e716ae55be40"), 
    "dateOfEntry" : "2018-05-04", 
    "userId" : ObjectId("5adedab158c28575101c8ae6"), 
    "comments" : "added Kumar Shanmugam to this project", 
    "createdAt" : "2018-05-04T05:25:08.179Z", 
    "updatedAt" : "2018-05-04T05:25:08.179Z", 
    "taskId" : null
}
{ 
    "_id" : ObjectId("5aebeecc3f06e716ae55be4b"), 
    "projectId" : ObjectId("5aebee9a3f06e716ae55be40"), 
    "dateOfEntry" : "2018-05-04", 
    "userId" : ObjectId("5adedab158c28575101c8ae6"), 
    "comments" : "new task Magento PoC Creation is add to the Project", 
    "taskId" : ObjectId("5aebeecc3f06e716ae55be49"), 
    "createdAt" : "2018-05-04T05:25:32.070Z", 
    "updatedAt" : "2018-05-04T05:25:32.070Z"
}
{ 
    "_id" : ObjectId("5aebeed63f06e716ae55be53"), 
    "projectId" : ObjectId("5aebee9a3f06e716ae55be40"), 
    "dateOfEntry" : "2018-05-04", 
    "userId" : ObjectId("5adedab158c28575101c8ae6"), 
    "comments" : " task: 5aebeecc3f06e716ae55be49 is updated with value name:Magento PoC Creation", 
    "taskId" : ObjectId("5aebeecc3f06e716ae55be49"), 
    "createdAt" : "2018-05-04T05:25:42.967Z", 
    "updatedAt" : "2018-05-04T05:25:42.967Z"
}
