{ 
    "_id" : ObjectId("5ae96e6cae3bb145f0103c34"), 
    "createdAt" : "2018-05-02T07:53:16.883Z", 
    "updatedAt" : "2018-05-02T08:01:49.300Z", 
    "name" : "Apple Pay Mobile development", 
    "startDate" : "", 
    "endDate" : "", 
    "state" : NumberInt(4), 
    "isTicket" : true, 
    "projectId" : null
}
{ 
    "_id" : ObjectId("5ae9709eae3bb145f0103c3b"), 
    "createdAt" : "2018-05-02T08:02:38.504Z", 
    "updatedAt" : "2018-05-02T08:02:38.747Z", 
    "name" : "Apple Pay Mobile Issue fixes", 
    "startDate" : "2018-05-02", 
    "endDate" : "2018-05-03", 
    "state" : NumberInt(2), 
    "isTicket" : false, 
    "projectId" : ObjectId("5ae96dadae3bb145f0103c2e")
}
{ 
    "_id" : ObjectId("5ae97110ae3bb145f0103c44"), 
    "createdAt" : "2018-05-02T08:04:32.744Z", 
    "updatedAt" : "2018-05-02T08:04:32.744Z", 
    "name" : "ADF Training", 
    "startDate" : "", 
    "endDate" : "", 
    "state" : NumberInt(1), 
    "isTicket" : true, 
    "projectId" : null
}
{ 
    "_id" : ObjectId("5ae972c720dcc2132c376a94"), 
    "createdAt" : "2018-05-02T08:11:51.481Z", 
    "updatedAt" : "2018-05-02T09:58:03.488Z", 
    "name" : "Nethaji Acadamy website work is in progress.", 
    "startDate" : "", 
    "endDate" : "", 
    "state" : NumberInt(1), 
    "isTicket" : true, 
    "projectId" : null
}
{ 
    "_id" : ObjectId("5ae97d6820dcc2132c376ae2"), 
    "createdAt" : "2018-05-02T08:57:12.123Z", 
    "updatedAt" : "2018-05-02T08:57:13.304Z", 
    "name" : "Leave", 
    "startDate" : "2018-05-02", 
    "endDate" : "2019-06-02", 
    "state" : NumberInt(2), 
    "isTicket" : false, 
    "projectId" : ObjectId("5ae97d3320dcc2132c376a97")
}
{ 
    "_id" : ObjectId("5ae97d9920dcc2132c376b2f"), 
    "createdAt" : "2018-05-02T08:58:01.174Z", 
    "updatedAt" : "2018-05-02T08:58:03.155Z", 
    "name" : "Company Meeting  - Address", 
    "startDate" : "2018-05-02", 
    "endDate" : "2019-06-02", 
    "state" : NumberInt(2), 
    "isTicket" : false, 
    "projectId" : ObjectId("5ae97d3320dcc2132c376a97")
}
{ 
    "_id" : ObjectId("5ae97dba20dcc2132c376b7c"), 
    "createdAt" : "2018-05-02T08:58:34.499Z", 
    "updatedAt" : "2018-05-02T08:58:37.050Z", 
    "name" : "Training - New Technologies", 
    "startDate" : "2018-05-02", 
    "endDate" : "2019-06-02", 
    "state" : NumberInt(2), 
    "isTicket" : false, 
    "projectId" : ObjectId("5ae97d3320dcc2132c376a97")
}
{ 
    "_id" : ObjectId("5ae97e4720dcc2132c376bdc"), 
    "createdAt" : "2018-05-02T09:00:55.914Z", 
    "updatedAt" : "2018-05-02T09:00:56.198Z", 
    "name" : "Development", 
    "startDate" : "2018-05-02", 
    "endDate" : "2019-02-01", 
    "state" : NumberInt(2), 
    "isTicket" : false, 
    "projectId" : ObjectId("5ae97de620dcc2132c376bc9")
}
{ 
    "_id" : ObjectId("5ae97e9320dcc2132c376bef"), 
    "createdAt" : "2018-05-02T09:02:11.766Z", 
    "updatedAt" : "2018-05-02T09:02:12.292Z", 
    "name" : "Documentation", 
    "startDate" : "2018-05-02", 
    "endDate" : "2019-02-01", 
    "state" : NumberInt(2), 
    "isTicket" : false, 
    "projectId" : ObjectId("5ae97de620dcc2132c376bc9")
}
{ 
    "_id" : ObjectId("5ae97eb620dcc2132c376c04"), 
    "createdAt" : "2018-05-02T09:02:46.051Z", 
    "updatedAt" : "2018-05-02T09:02:46.763Z", 
    "name" : "Training", 
    "startDate" : "2018-05-02", 
    "endDate" : "2019-01-01", 
    "state" : NumberInt(2), 
    "isTicket" : false, 
    "projectId" : ObjectId("5ae97de620dcc2132c376bc9")
}
{ 
    "_id" : ObjectId("5ae9814d3f06e716ae55bb4f"), 
    "name" : "Meeting", 
    "projectId" : ObjectId("5ae97de620dcc2132c376bc9"), 
    "startDate" : "2018-05-02", 
    "endDate" : "2019-02-01", 
    "createdAt" : "2018-05-02T09:13:49.878Z", 
    "updatedAt" : "2018-05-02T09:13:51.912Z", 
    "state" : NumberInt(2), 
    "isTicket" : false
}
{ 
    "_id" : ObjectId("5ae9869f3f06e716ae55bb64"), 
    "name" : "April Month Timesheet", 
    "state" : NumberInt(1), 
    "isTicket" : true, 
    "createdAt" : "2018-05-02T09:36:31.996Z", 
    "updatedAt" : "2018-05-02T09:36:31.996Z", 
    "projectId" : null, 
    "startDate" : "", 
    "endDate" : ""
}
{ 
    "_id" : ObjectId("5ae987383f06e716ae55bb69"), 
    "name" : "Testing", 
    "projectId" : ObjectId("5ae97de620dcc2132c376bc9"), 
    "startDate" : "2018-05-02", 
    "endDate" : "2019-02-01", 
    "createdAt" : "2018-05-02T09:39:04.938Z", 
    "updatedAt" : "2018-05-02T09:39:05.953Z", 
    "state" : NumberInt(2), 
    "isTicket" : false
}
{ 
    "_id" : ObjectId("5ae9876c3f06e716ae55bb70"), 
    "name" : "DBA Activities", 
    "projectId" : ObjectId("5ae97d3320dcc2132c376a97"), 
    "startDate" : "2018-05-02", 
    "endDate" : "2019-01-01", 
    "createdAt" : "2018-05-02T09:39:56.577Z", 
    "updatedAt" : "2018-05-02T09:39:59.398Z", 
    "state" : NumberInt(2), 
    "isTicket" : false
}
{ 
    "_id" : ObjectId("5ae989233f06e716ae55bb84"), 
    "name" : "Development", 
    "projectId" : ObjectId("5ae988e93f06e716ae55bb79"), 
    "startDate" : "2018-05-02", 
    "endDate" : "2018-12-01", 
    "createdAt" : "2018-05-02T09:47:15.342Z", 
    "updatedAt" : "2018-05-02T09:47:15.664Z", 
    "state" : NumberInt(2), 
    "isTicket" : false
}
{ 
    "_id" : ObjectId("5ae989393f06e716ae55bb91"), 
    "name" : "Unit Test", 
    "projectId" : ObjectId("5ae988e93f06e716ae55bb79"), 
    "startDate" : "2018-05-02", 
    "endDate" : "2018-12-01", 
    "createdAt" : "2018-05-02T09:47:37.378Z", 
    "updatedAt" : "2018-05-02T09:47:37.690Z", 
    "state" : NumberInt(2), 
    "isTicket" : false
}
{ 
    "_id" : ObjectId("5ae9894a3f06e716ae55bb9e"), 
    "name" : "Bug Fixing", 
    "projectId" : ObjectId("5ae988e93f06e716ae55bb79"), 
    "startDate" : "2018-05-02", 
    "endDate" : "2018-12-01", 
    "createdAt" : "2018-05-02T09:47:54.620Z", 
    "updatedAt" : "2018-05-02T09:47:55.102Z", 
    "state" : NumberInt(2), 
    "isTicket" : false
}
{ 
    "_id" : ObjectId("5ae9897f3f06e716ae55bbab"), 
    "name" : "Meeting", 
    "projectId" : ObjectId("5ae988e93f06e716ae55bb79"), 
    "startDate" : "2018-05-02", 
    "endDate" : "2018-12-01", 
    "createdAt" : "2018-05-02T09:48:47.023Z", 
    "updatedAt" : "2018-05-02T09:48:47.700Z", 
    "state" : NumberInt(2), 
    "isTicket" : false
}
{ 
    "_id" : ObjectId("5ae989923f06e716ae55bbb8"), 
    "name" : "Analysis", 
    "projectId" : ObjectId("5ae988e93f06e716ae55bb79"), 
    "startDate" : "2018-05-02", 
    "endDate" : "2018-12-01", 
    "createdAt" : "2018-05-02T09:49:06.573Z", 
    "updatedAt" : "2018-05-02T09:49:07.358Z", 
    "state" : NumberInt(2), 
    "isTicket" : false
}
{ 
    "_id" : ObjectId("5ae989a23f06e716ae55bbc6"), 
    "name" : "Documentation", 
    "projectId" : ObjectId("5ae988e93f06e716ae55bb79"), 
    "startDate" : "2018-05-02", 
    "endDate" : "2019-01-01", 
    "createdAt" : "2018-05-02T09:49:22.831Z", 
    "updatedAt" : "2018-05-02T09:49:23.566Z", 
    "state" : NumberInt(2), 
    "isTicket" : false
}
{ 
    "_id" : ObjectId("5ae989b33f06e716ae55bbd3"), 
    "name" : "Training", 
    "projectId" : ObjectId("5ae988e93f06e716ae55bb79"), 
    "startDate" : "2018-05-02", 
    "endDate" : "2018-12-01", 
    "createdAt" : "2018-05-02T09:49:39.326Z", 
    "updatedAt" : "2018-05-02T09:49:40.341Z", 
    "state" : NumberInt(2), 
    "isTicket" : false
}
{ 
    "_id" : ObjectId("5ae989ff3f06e716ae55bbeb"), 
    "name" : "Development", 
    "projectId" : ObjectId("5ae989d43f06e716ae55bbe2"), 
    "startDate" : "2018-05-02", 
    "endDate" : "2018-12-01", 
    "createdAt" : "2018-05-02T09:50:55.841Z", 
    "updatedAt" : "2018-05-02T09:50:56.131Z", 
    "state" : NumberInt(2), 
    "isTicket" : false
}
{ 
    "_id" : ObjectId("5ae98a353f06e716ae55bbf7"), 
    "name" : "Unit Test", 
    "projectId" : ObjectId("5ae989d43f06e716ae55bbe2"), 
    "startDate" : "2018-05-02", 
    "endDate" : "2018-12-01", 
    "createdAt" : "2018-05-02T09:51:49.914Z", 
    "updatedAt" : "2018-05-02T09:51:50.294Z", 
    "state" : NumberInt(2), 
    "isTicket" : false
}
{ 
    "_id" : ObjectId("5ae98a463f06e716ae55bc02"), 
    "name" : "Bug Fixing", 
    "projectId" : ObjectId("5ae989d43f06e716ae55bbe2"), 
    "startDate" : "2018-05-02", 
    "endDate" : "2019-01-01", 
    "createdAt" : "2018-05-02T09:52:06.999Z", 
    "updatedAt" : "2018-05-02T09:52:07.456Z", 
    "state" : NumberInt(2), 
    "isTicket" : false
}
{ 
    "_id" : ObjectId("5ae98a593f06e716ae55bc0d"), 
    "name" : "Meeting", 
    "projectId" : ObjectId("5ae989d43f06e716ae55bbe2"), 
    "startDate" : "2018-05-02", 
    "endDate" : "2019-01-01", 
    "createdAt" : "2018-05-02T09:52:25.491Z", 
    "updatedAt" : "2018-05-02T09:52:26.271Z", 
    "state" : NumberInt(2), 
    "isTicket" : false
}
{ 
    "_id" : ObjectId("5ae98a673f06e716ae55bc18"), 
    "name" : "Analysis", 
    "projectId" : ObjectId("5ae989d43f06e716ae55bbe2"), 
    "startDate" : "2018-05-02", 
    "endDate" : "2019-01-01", 
    "createdAt" : "2018-05-02T09:52:39.599Z", 
    "updatedAt" : "2018-05-02T09:52:40.116Z", 
    "state" : NumberInt(2), 
    "isTicket" : false
}
{ 
    "_id" : ObjectId("5ae98a783f06e716ae55bc23"), 
    "name" : "Documentation", 
    "projectId" : ObjectId("5ae989d43f06e716ae55bbe2"), 
    "startDate" : "2018-05-02", 
    "endDate" : "2019-01-01", 
    "createdAt" : "2018-05-02T09:52:56.467Z", 
    "updatedAt" : "2018-05-02T09:52:57.187Z", 
    "state" : NumberInt(2), 
    "isTicket" : false
}
{ 
    "_id" : ObjectId("5ae98a893f06e716ae55bc2e"), 
    "name" : "Training", 
    "projectId" : ObjectId("5ae989d43f06e716ae55bbe2"), 
    "startDate" : "2018-05-02", 
    "endDate" : "2019-01-01", 
    "createdAt" : "2018-05-02T09:53:13.051Z", 
    "updatedAt" : "2018-05-02T09:53:13.849Z", 
    "state" : NumberInt(2), 
    "isTicket" : false
}
{ 
    "_id" : ObjectId("5ae98ad53f06e716ae55bc40"), 
    "name" : "Analysis", 
    "projectId" : ObjectId("5ae98ab63f06e716ae55bc39"), 
    "startDate" : "2018-05-02", 
    "endDate" : "2019-01-01", 
    "createdAt" : "2018-05-02T09:54:29.695Z", 
    "updatedAt" : "2018-05-02T09:54:29.974Z", 
    "state" : NumberInt(2), 
    "isTicket" : false
}
{ 
    "_id" : ObjectId("5ae98ae43f06e716ae55bc4a"), 
    "name" : "Development", 
    "projectId" : ObjectId("5ae98ab63f06e716ae55bc39"), 
    "startDate" : "2018-05-02", 
    "endDate" : "2019-01-01", 
    "createdAt" : "2018-05-02T09:54:44.554Z", 
    "updatedAt" : "2018-05-02T09:54:44.899Z", 
    "state" : NumberInt(2), 
    "isTicket" : false
}
{ 
    "_id" : ObjectId("5ae98aeb3f06e716ae55bc53"), 
    "name" : "Social media post for magnus commerce", 
    "state" : NumberInt(1), 
    "isTicket" : true, 
    "createdAt" : "2018-05-02T09:54:51.918Z", 
    "updatedAt" : "2018-05-02T09:54:51.918Z", 
    "projectId" : null, 
    "startDate" : "", 
    "endDate" : ""
}
{ 
    "_id" : ObjectId("5ae98af33f06e716ae55bc56"), 
    "name" : "Unit Test", 
    "projectId" : ObjectId("5ae98ab63f06e716ae55bc39"), 
    "startDate" : "2018-05-02", 
    "endDate" : "2019-01-01", 
    "createdAt" : "2018-05-02T09:54:59.220Z", 
    "updatedAt" : "2018-05-02T09:54:59.732Z", 
    "state" : NumberInt(2), 
    "isTicket" : false
}
{ 
    "_id" : ObjectId("5ae98b043f06e716ae55bc5f"), 
    "name" : "Bug Fixing", 
    "projectId" : ObjectId("5ae98ab63f06e716ae55bc39"), 
    "startDate" : "2018-05-02", 
    "endDate" : "2019-01-01", 
    "createdAt" : "2018-05-02T09:55:16.128Z", 
    "updatedAt" : "2018-05-02T09:55:16.517Z", 
    "state" : NumberInt(2), 
    "isTicket" : false
}
{ 
    "_id" : ObjectId("5ae98b123f06e716ae55bc69"), 
    "name" : "Meeting", 
    "projectId" : ObjectId("5ae98ab63f06e716ae55bc39"), 
    "startDate" : "2018-05-02", 
    "endDate" : "2019-01-01", 
    "createdAt" : "2018-05-02T09:55:30.657Z", 
    "updatedAt" : "2018-05-02T09:55:31.168Z", 
    "state" : NumberInt(2), 
    "isTicket" : false
}
{ 
    "_id" : ObjectId("5ae98b2c3f06e716ae55bc72"), 
    "name" : "Documentation", 
    "projectId" : ObjectId("5ae98ab63f06e716ae55bc39"), 
    "startDate" : "2018-05-02", 
    "endDate" : "2019-01-01", 
    "createdAt" : "2018-05-02T09:55:56.377Z", 
    "updatedAt" : "2018-05-02T09:55:56.851Z", 
    "state" : NumberInt(2), 
    "isTicket" : false
}
{ 
    "_id" : ObjectId("5ae98b3e3f06e716ae55bc7b"), 
    "name" : "Training", 
    "projectId" : ObjectId("5ae98ab63f06e716ae55bc39"), 
    "startDate" : "2018-05-02", 
    "endDate" : "2019-01-01", 
    "createdAt" : "2018-05-02T09:56:14.426Z", 
    "updatedAt" : "2018-05-02T09:56:15.072Z", 
    "state" : NumberInt(2), 
    "isTicket" : false
}
{ 
    "_id" : ObjectId("5ae98b863f06e716ae55bc8b"), 
    "name" : "Development", 
    "projectId" : ObjectId("5ae98b663f06e716ae55bc84"), 
    "startDate" : "2018-05-02", 
    "endDate" : "2019-01-01", 
    "createdAt" : "2018-05-02T09:57:26.855Z", 
    "updatedAt" : "2018-05-02T09:57:27.028Z", 
    "state" : NumberInt(2), 
    "isTicket" : false
}
{ 
    "_id" : ObjectId("5ae98b923f06e716ae55bc94"), 
    "name" : "Analysis", 
    "projectId" : ObjectId("5ae98b663f06e716ae55bc84"), 
    "startDate" : "2018-05-02", 
    "endDate" : "2019-01-01", 
    "createdAt" : "2018-05-02T09:57:38.958Z", 
    "updatedAt" : "2018-05-02T09:57:39.220Z", 
    "state" : NumberInt(2), 
    "isTicket" : false
}
{ 
    "_id" : ObjectId("5ae98ba23f06e716ae55bc9d"), 
    "name" : "Documentation", 
    "projectId" : ObjectId("5ae98b663f06e716ae55bc84"), 
    "startDate" : "2018-05-02", 
    "endDate" : "2019-01-01", 
    "createdAt" : "2018-05-02T09:57:54.954Z", 
    "updatedAt" : "2018-05-02T09:57:55.245Z", 
    "state" : NumberInt(2), 
    "isTicket" : false
}
{ 
    "_id" : ObjectId("5ae98bb43f06e716ae55bca6"), 
    "name" : "Bug Fixing", 
    "projectId" : ObjectId("5ae98b663f06e716ae55bc84"), 
    "startDate" : "2018-05-02", 
    "endDate" : "2019-01-01", 
    "createdAt" : "2018-05-02T09:58:12.321Z", 
    "updatedAt" : "2018-05-02T09:58:12.650Z", 
    "state" : NumberInt(2), 
    "isTicket" : false
}
{ 
    "_id" : ObjectId("5ae98bcc3f06e716ae55bcaf"), 
    "name" : "Meeting", 
    "projectId" : ObjectId("5ae98b663f06e716ae55bc84"), 
    "startDate" : "2018-05-02", 
    "endDate" : "2019-01-01", 
    "createdAt" : "2018-05-02T09:58:36.270Z", 
    "updatedAt" : "2018-05-02T09:58:36.637Z", 
    "state" : NumberInt(2), 
    "isTicket" : false
}
{ 
    "_id" : ObjectId("5ae98bdd3f06e716ae55bcb9"), 
    "name" : "Unit Test", 
    "projectId" : ObjectId("5ae98b663f06e716ae55bc84"), 
    "startDate" : "2018-05-02", 
    "endDate" : "2019-01-01", 
    "createdAt" : "2018-05-02T09:58:53.010Z", 
    "updatedAt" : "2018-05-02T09:58:53.539Z", 
    "state" : NumberInt(2), 
    "isTicket" : false
}
{ 
    "_id" : ObjectId("5ae98bfe3f06e716ae55bcc2"), 
    "name" : "Training", 
    "projectId" : ObjectId("5ae98b663f06e716ae55bc84"), 
    "startDate" : "2018-05-02", 
    "endDate" : "2019-01-01", 
    "createdAt" : "2018-05-02T09:59:26.246Z", 
    "updatedAt" : "2018-05-02T09:59:26.721Z", 
    "state" : NumberInt(2), 
    "isTicket" : false
}
{ 
    "_id" : ObjectId("5ae997cc3f06e716ae55bcd0"), 
    "name" : "Generating lead for Magento", 
    "state" : NumberInt(1), 
    "isTicket" : true, 
    "createdAt" : "2018-05-02T10:49:48.783Z", 
    "updatedAt" : "2018-05-02T10:49:48.783Z", 
    "projectId" : null, 
    "startDate" : "", 
    "endDate" : ""
}
{ 
    "_id" : ObjectId("5ae9a1053f06e716ae55bcd4"), 
    "name" : "Suit CRM", 
    "state" : NumberInt(1), 
    "isTicket" : true, 
    "createdAt" : "2018-05-02T11:29:09.089Z", 
    "updatedAt" : "2018-05-02T11:29:09.089Z", 
    "projectId" : null, 
    "startDate" : "", 
    "endDate" : ""
}
{ 
    "_id" : ObjectId("5ae9b0b33f06e716ae55bcdc"), 
    "name" : "2nd May Task", 
    "state" : NumberInt(1), 
    "isTicket" : true, 
    "createdAt" : "2018-05-02T12:36:03.848Z", 
    "updatedAt" : "2018-05-02T12:38:44.803Z", 
    "projectId" : null, 
    "startDate" : "", 
    "endDate" : ""
}
{ 
    "_id" : ObjectId("5ae9b7f53f06e716ae55bce4"), 
    "name" : "Time Sheet", 
    "state" : NumberInt(1), 
    "isTicket" : true, 
    "createdAt" : "2018-05-02T13:07:01.231Z", 
    "updatedAt" : "2018-05-02T13:07:11.074Z", 
    "projectId" : null, 
    "startDate" : "", 
    "endDate" : ""
}
{ 
    "_id" : ObjectId("5ae9bde13f06e716ae55bce9"), 
    "name" : "April 02 Timesheet", 
    "state" : NumberInt(1), 
    "isTicket" : true, 
    "createdAt" : "2018-05-02T13:32:17.535Z", 
    "updatedAt" : "2018-05-02T13:32:17.535Z", 
    "projectId" : null, 
    "startDate" : "", 
    "endDate" : ""
}
{ 
    "_id" : ObjectId("5ae9be0f3f06e716ae55bcec"), 
    "name" : "April 03 Timesheet", 
    "state" : NumberInt(1), 
    "isTicket" : true, 
    "createdAt" : "2018-05-02T13:33:03.245Z", 
    "updatedAt" : "2018-05-02T13:33:03.245Z", 
    "projectId" : null, 
    "startDate" : "", 
    "endDate" : ""
}
{ 
    "_id" : ObjectId("5ae9be353f06e716ae55bcef"), 
    "name" : "April 04 Timesheet", 
    "state" : NumberInt(1), 
    "isTicket" : true, 
    "createdAt" : "2018-05-02T13:33:41.909Z", 
    "updatedAt" : "2018-05-02T13:33:41.909Z", 
    "projectId" : null, 
    "startDate" : "", 
    "endDate" : ""
}
{ 
    "_id" : ObjectId("5ae9be4c3f06e716ae55bcf2"), 
    "name" : "April 05 Timesheet", 
    "state" : NumberInt(1), 
    "isTicket" : true, 
    "createdAt" : "2018-05-02T13:34:04.585Z", 
    "updatedAt" : "2018-05-02T13:34:04.585Z", 
    "projectId" : null, 
    "startDate" : "", 
    "endDate" : ""
}
{ 
    "_id" : ObjectId("5ae9be6b3f06e716ae55bcf5"), 
    "name" : "April 06 Timesheet", 
    "state" : NumberInt(1), 
    "isTicket" : true, 
    "createdAt" : "2018-05-02T13:34:35.118Z", 
    "updatedAt" : "2018-05-02T13:34:35.118Z", 
    "projectId" : null, 
    "startDate" : "", 
    "endDate" : ""
}
{ 
    "_id" : ObjectId("5ae9be7f3f06e716ae55bcf8"), 
    "name" : "April 09 Timesheet", 
    "state" : NumberInt(1), 
    "isTicket" : true, 
    "createdAt" : "2018-05-02T13:34:55.157Z", 
    "updatedAt" : "2018-05-02T13:34:55.157Z", 
    "projectId" : null, 
    "startDate" : "", 
    "endDate" : ""
}
{ 
    "_id" : ObjectId("5ae9be913f06e716ae55bcfb"), 
    "name" : "April 10 Timesheet", 
    "state" : NumberInt(1), 
    "isTicket" : true, 
    "createdAt" : "2018-05-02T13:35:13.995Z", 
    "updatedAt" : "2018-05-02T13:35:13.995Z", 
    "projectId" : null, 
    "startDate" : "", 
    "endDate" : ""
}
{ 
    "_id" : ObjectId("5ae9bea43f06e716ae55bcfe"), 
    "name" : "April 11 Timesheet", 
    "state" : NumberInt(1), 
    "isTicket" : true, 
    "createdAt" : "2018-05-02T13:35:32.100Z", 
    "updatedAt" : "2018-05-02T13:35:32.100Z", 
    "projectId" : null, 
    "startDate" : "", 
    "endDate" : ""
}
{ 
    "_id" : ObjectId("5ae9bec23f06e716ae55bd01"), 
    "name" : "April 12 Timesheet", 
    "state" : NumberInt(1), 
    "isTicket" : true, 
    "createdAt" : "2018-05-02T13:36:02.428Z", 
    "updatedAt" : "2018-05-02T13:36:02.428Z", 
    "projectId" : null, 
    "startDate" : "", 
    "endDate" : ""
}
{ 
    "_id" : ObjectId("5ae9bee93f06e716ae55bd04"), 
    "name" : "April 13 Timesheet", 
    "state" : NumberInt(1), 
    "isTicket" : true, 
    "createdAt" : "2018-05-02T13:36:41.759Z", 
    "updatedAt" : "2018-05-02T13:36:41.759Z", 
    "projectId" : null, 
    "startDate" : "", 
    "endDate" : ""
}
{ 
    "_id" : ObjectId("5ae9befd3f06e716ae55bd07"), 
    "name" : "April 16 Timesheet", 
    "state" : NumberInt(1), 
    "isTicket" : true, 
    "createdAt" : "2018-05-02T13:37:01.703Z", 
    "updatedAt" : "2018-05-02T13:37:23.806Z", 
    "projectId" : null, 
    "startDate" : "", 
    "endDate" : ""
}
{ 
    "_id" : ObjectId("5ae9bf2b3f06e716ae55bd0a"), 
    "name" : "April 17 Timesheet", 
    "state" : NumberInt(1), 
    "isTicket" : true, 
    "createdAt" : "2018-05-02T13:37:47.747Z", 
    "updatedAt" : "2018-05-02T13:37:47.747Z", 
    "projectId" : null, 
    "startDate" : "", 
    "endDate" : ""
}
{ 
    "_id" : ObjectId("5ae9bf3e3f06e716ae55bd0d"), 
    "name" : "April 18 Timesheet", 
    "state" : NumberInt(1), 
    "isTicket" : true, 
    "createdAt" : "2018-05-02T13:38:06.791Z", 
    "updatedAt" : "2018-05-02T13:38:06.791Z", 
    "projectId" : null, 
    "startDate" : "", 
    "endDate" : ""
}
{ 
    "_id" : ObjectId("5ae9bf593f06e716ae55bd10"), 
    "name" : "April 19 Timesheet", 
    "state" : NumberInt(1), 
    "isTicket" : true, 
    "createdAt" : "2018-05-02T13:38:33.283Z", 
    "updatedAt" : "2018-05-02T13:38:33.283Z", 
    "projectId" : null, 
    "startDate" : "", 
    "endDate" : ""
}
{ 
    "_id" : ObjectId("5ae9bf7a3f06e716ae55bd13"), 
    "name" : "April 20 Timesheet", 
    "state" : NumberInt(1), 
    "isTicket" : true, 
    "createdAt" : "2018-05-02T13:39:06.506Z", 
    "updatedAt" : "2018-05-02T13:39:06.506Z", 
    "projectId" : null, 
    "startDate" : "", 
    "endDate" : ""
}
{ 
    "_id" : ObjectId("5ae9bfc53f06e716ae55bd16"), 
    "name" : "April 23 Timesheet", 
    "state" : NumberInt(1), 
    "isTicket" : true, 
    "createdAt" : "2018-05-02T13:40:21.097Z", 
    "updatedAt" : "2018-05-02T13:40:21.097Z", 
    "projectId" : null, 
    "startDate" : "", 
    "endDate" : ""
}
{ 
    "_id" : ObjectId("5ae9bfdf3f06e716ae55bd19"), 
    "name" : "April 24 Timesheet", 
    "state" : NumberInt(1), 
    "isTicket" : true, 
    "createdAt" : "2018-05-02T13:40:47.091Z", 
    "updatedAt" : "2018-05-02T13:40:47.091Z", 
    "projectId" : null, 
    "startDate" : "", 
    "endDate" : ""
}
{ 
    "_id" : ObjectId("5ae9c0043f06e716ae55bd1c"), 
    "name" : "April 25 Timesheet", 
    "state" : NumberInt(1), 
    "isTicket" : true, 
    "createdAt" : "2018-05-02T13:41:24.938Z", 
    "updatedAt" : "2018-05-02T13:41:24.938Z", 
    "projectId" : null, 
    "startDate" : "", 
    "endDate" : ""
}
{ 
    "_id" : ObjectId("5ae9c0273f06e716ae55bd1f"), 
    "name" : "April 26 Timesheet", 
    "state" : NumberInt(1), 
    "isTicket" : true, 
    "createdAt" : "2018-05-02T13:41:59.485Z", 
    "updatedAt" : "2018-05-02T13:41:59.485Z", 
    "projectId" : null, 
    "startDate" : "", 
    "endDate" : ""
}
{ 
    "_id" : ObjectId("5ae9c0433f06e716ae55bd22"), 
    "name" : "April 27 Timesheet", 
    "state" : NumberInt(1), 
    "isTicket" : true, 
    "createdAt" : "2018-05-02T13:42:27.699Z", 
    "updatedAt" : "2018-05-02T13:42:27.699Z", 
    "projectId" : null, 
    "startDate" : "", 
    "endDate" : ""
}
{ 
    "_id" : ObjectId("5ae9c0553f06e716ae55bd25"), 
    "name" : "April 30 Timesheet", 
    "state" : NumberInt(1), 
    "isTicket" : true, 
    "createdAt" : "2018-05-02T13:42:45.942Z", 
    "updatedAt" : "2018-05-02T13:42:45.942Z", 
    "projectId" : null, 
    "startDate" : "", 
    "endDate" : ""
}
{ 
    "_id" : ObjectId("5aeada973f06e716ae55bd31"), 
    "name" : "3rd May Task", 
    "state" : NumberInt(4), 
    "isTicket" : true, 
    "createdAt" : "2018-05-03T09:47:03.978Z", 
    "updatedAt" : "2018-05-04T05:10:58.837Z", 
    "projectId" : null, 
    "startDate" : "", 
    "endDate" : ""
}
{ 
    "_id" : ObjectId("5aeadf893f06e716ae55bd37"), 
    "name" : "Applepay testing", 
    "state" : NumberInt(1), 
    "isTicket" : true, 
    "createdAt" : "2018-05-03T10:08:09.423Z", 
    "updatedAt" : "2018-05-03T10:08:27.192Z", 
    "projectId" : null, 
    "startDate" : "", 
    "endDate" : ""
}
{ 
    "_id" : ObjectId("5aeadfc83f06e716ae55bd3a"), 
    "name" : "Pagination issue in kids - Testing", 
    "state" : NumberInt(1), 
    "isTicket" : true, 
    "createdAt" : "2018-05-03T10:09:12.238Z", 
    "updatedAt" : "2018-05-03T10:09:12.238Z", 
    "projectId" : null, 
    "startDate" : "", 
    "endDate" : ""
}
{ 
    "_id" : ObjectId("5aeadff33f06e716ae55bd3d"), 
    "name" : "WMCL-ServiceRunningEvidence -Daily Report", 
    "state" : NumberInt(1), 
    "isTicket" : true, 
    "createdAt" : "2018-05-03T10:09:55.039Z", 
    "updatedAt" : "2018-05-03T10:09:55.039Z", 
    "projectId" : null, 
    "startDate" : "", 
    "endDate" : ""
}
{ 
    "_id" : ObjectId("5aeae02a3f06e716ae55bd40"), 
    "name" : "Applepay testing in production desktop", 
    "state" : NumberInt(1), 
    "isTicket" : true, 
    "createdAt" : "2018-05-03T10:10:50.677Z", 
    "updatedAt" : "2018-05-03T10:10:50.677Z", 
    "projectId" : null, 
    "startDate" : "", 
    "endDate" : ""
}
{ 
    "_id" : ObjectId("5aeae2ce3f06e716ae55bd51"), 
    "name" : "RR Kids Google Enhanced Ecommerce -> Development", 
    "projectId" : ObjectId("5ae96dadae3bb145f0103c2e"), 
    "startDate" : "2018-05-02", 
    "endDate" : "2018-06-01", 
    "createdAt" : "2018-05-03T10:22:06.346Z", 
    "updatedAt" : "2018-05-03T10:22:06.562Z", 
    "state" : NumberInt(2), 
    "isTicket" : false
}
{ 
    "_id" : ObjectId("5aeae3493f06e716ae55bd58"), 
    "name" : "RS checkout issue -> Development", 
    "projectId" : ObjectId("5ae96dadae3bb145f0103c2e"), 
    "startDate" : "2018-05-02", 
    "endDate" : "2018-05-31", 
    "createdAt" : "2018-05-03T10:24:09.752Z", 
    "updatedAt" : "2018-05-03T10:24:09.961Z", 
    "state" : NumberInt(2), 
    "isTicket" : false
}
{ 
    "_id" : ObjectId("5aeae39b3f06e716ae55bd5f"), 
    "name" : "Apple Pay Mobile -> Testing", 
    "projectId" : ObjectId("5ae96dadae3bb145f0103c2e"), 
    "startDate" : "2018-05-02", 
    "endDate" : "2018-05-31", 
    "createdAt" : "2018-05-03T10:25:31.418Z", 
    "updatedAt" : "2018-05-03T10:25:31.856Z", 
    "state" : NumberInt(2), 
    "isTicket" : false
}
{ 
    "_id" : ObjectId("5aeae3ce3f06e716ae55bd68"), 
    "name" : "RRS Kids- pagination issue -> Issue fixes", 
    "projectId" : ObjectId("5ae96dadae3bb145f0103c2e"), 
    "startDate" : "2018-05-02", 
    "endDate" : "2018-05-31", 
    "createdAt" : "2018-05-03T10:26:22.834Z", 
    "updatedAt" : "2018-05-03T10:26:23.100Z", 
    "state" : NumberInt(2), 
    "isTicket" : false
}
{ 
    "_id" : ObjectId("5aeae3e43f06e716ae55bd6f"), 
    "name" : "RRS Kids- pagination issue -> Testing", 
    "projectId" : ObjectId("5ae96dadae3bb145f0103c2e"), 
    "startDate" : "2018-05-02", 
    "endDate" : "2018-05-16", 
    "createdAt" : "2018-05-03T10:26:44.096Z", 
    "updatedAt" : "2018-05-03T10:26:44.434Z", 
    "state" : NumberInt(2), 
    "isTicket" : false
}
{ 
    "_id" : ObjectId("5aeae45a3f06e716ae55bd76"), 
    "name" : "Heads up for potential site issues -> Log and root cause analysis & solution", 
    "projectId" : ObjectId("5ae96dadae3bb145f0103c2e"), 
    "startDate" : "2018-05-02", 
    "endDate" : "2018-05-31", 
    "createdAt" : "2018-05-03T10:28:42.425Z", 
    "updatedAt" : "2018-05-03T10:28:42.800Z", 
    "state" : NumberInt(2), 
    "isTicket" : false
}
{ 
    "_id" : ObjectId("5aeafe753f06e716ae55bd7f"), 
    "name" : "May-3rd 2018 Task", 
    "state" : NumberInt(1), 
    "isTicket" : true, 
    "createdAt" : "2018-05-03T12:20:05.590Z", 
    "updatedAt" : "2018-05-03T12:20:05.590Z", 
    "projectId" : null, 
    "startDate" : "", 
    "endDate" : ""
}
{ 
    "_id" : ObjectId("5aeb04e53f06e716ae55bd82"), 
    "name" : "May Month Timesheet", 
    "state" : NumberInt(1), 
    "isTicket" : true, 
    "createdAt" : "2018-05-03T12:47:33.864Z", 
    "updatedAt" : "2018-05-03T12:47:33.864Z", 
    "projectId" : null, 
    "startDate" : "", 
    "endDate" : ""
}
{ 
    "_id" : ObjectId("5aeb0b343f06e716ae55bd90"), 
    "name" : "Social Media Post", 
    "projectId" : ObjectId("5aeb0af83f06e716ae55bd8b"), 
    "startDate" : "2018-05-03", 
    "endDate" : "2018-12-01", 
    "createdAt" : "2018-05-03T13:14:28.476Z", 
    "updatedAt" : "2018-05-03T13:14:35.915Z", 
    "state" : NumberInt(2), 
    "isTicket" : false
}
{ 
    "_id" : ObjectId("5aeb0bcb3f06e716ae55bd97"), 
    "name" : "Website Design", 
    "projectId" : ObjectId("5aeb0af83f06e716ae55bd8b"), 
    "startDate" : "2018-05-03", 
    "endDate" : "2018-12-01", 
    "createdAt" : "2018-05-03T13:16:59.088Z", 
    "updatedAt" : "2018-05-03T13:16:59.307Z", 
    "state" : NumberInt(2), 
    "isTicket" : false
}
{ 
    "_id" : ObjectId("5aeb0c2f3f06e716ae55bd9e"), 
    "name" : "Blog Design", 
    "projectId" : ObjectId("5aeb0af83f06e716ae55bd8b"), 
    "startDate" : "2018-05-03", 
    "endDate" : "2018-12-01", 
    "createdAt" : "2018-05-03T13:18:39.422Z", 
    "updatedAt" : "2018-05-03T13:18:39.664Z", 
    "state" : NumberInt(2), 
    "isTicket" : false
}
{ 
    "_id" : ObjectId("5aeb0c773f06e716ae55bda5"), 
    "name" : "Template Design", 
    "projectId" : ObjectId("5aeb0af83f06e716ae55bd8b"), 
    "startDate" : "2018-05-03", 
    "endDate" : "2018-12-01", 
    "createdAt" : "2018-05-03T13:19:51.352Z", 
    "updatedAt" : "2018-05-03T13:19:51.598Z", 
    "state" : NumberInt(2), 
    "isTicket" : false
}
{ 
    "_id" : ObjectId("5aeb0c8a3f06e716ae55bdac"), 
    "name" : "Video Creation", 
    "projectId" : ObjectId("5aeb0af83f06e716ae55bd8b"), 
    "startDate" : "2018-05-03", 
    "endDate" : "2018-12-01", 
    "createdAt" : "2018-05-03T13:20:10.869Z", 
    "updatedAt" : "2018-05-03T13:20:11.147Z", 
    "state" : NumberInt(2), 
    "isTicket" : false
}
{ 
    "_id" : ObjectId("5aeb0cbd3f06e716ae55bdb3"), 
    "name" : "Holiday", 
    "projectId" : ObjectId("5ae97d3320dcc2132c376a97"), 
    "startDate" : "2018-05-02", 
    "endDate" : "2019-07-01", 
    "createdAt" : "2018-05-03T13:21:01.185Z", 
    "updatedAt" : "2018-05-03T13:21:04.596Z", 
    "state" : NumberInt(2), 
    "isTicket" : false
}
{ 
    "_id" : ObjectId("5aebed333f06e716ae55be15"), 
    "name" : "Infra Setup", 
    "projectId" : ObjectId("5ae97d3320dcc2132c376a97"), 
    "startDate" : "2018-05-02", 
    "endDate" : "2019-07-01", 
    "createdAt" : "2018-05-04T05:18:43.425Z", 
    "updatedAt" : "2018-05-04T05:18:53.413Z", 
    "state" : NumberInt(2), 
    "isTicket" : false
}
{ 
    "_id" : ObjectId("5aebed5e3f06e716ae55be1c"), 
    "name" : "API Creation", 
    "projectId" : ObjectId("5ae98c1a3f06e716ae55bccb"), 
    "startDate" : "2018-05-02", 
    "endDate" : "2018-10-01", 
    "createdAt" : "2018-05-04T05:19:26.561Z", 
    "updatedAt" : "2018-05-04T05:19:35.361Z", 
    "state" : NumberInt(2), 
    "isTicket" : false
}
{ 
    "_id" : ObjectId("5aebeda03f06e716ae55be23"), 
    "name" : "Web App Development", 
    "projectId" : ObjectId("5ae98c1a3f06e716ae55bccb"), 
    "startDate" : "2018-05-02", 
    "endDate" : "2018-10-01", 
    "createdAt" : "2018-05-04T05:20:32.343Z", 
    "updatedAt" : "2018-05-04T05:20:41.221Z", 
    "state" : NumberInt(2), 
    "isTicket" : false
}
{ 
    "_id" : ObjectId("5aebedce3f06e716ae55be2a"), 
    "name" : "Time Sheets - Mobile App -  Development", 
    "projectId" : ObjectId("5ae98c1a3f06e716ae55bccb"), 
    "startDate" : "2018-05-02", 
    "endDate" : "2018-10-01", 
    "createdAt" : "2018-05-04T05:21:18.713Z", 
    "updatedAt" : "2018-05-04T05:21:22.853Z", 
    "state" : NumberInt(2), 
    "isTicket" : false
}
{ 
    "_id" : ObjectId("5aebee213f06e716ae55be31"), 
    "name" : "Testing", 
    "projectId" : ObjectId("5ae98c1a3f06e716ae55bccb"), 
    "startDate" : "2018-05-02", 
    "endDate" : "2018-10-01", 
    "createdAt" : "2018-05-04T05:22:41.646Z", 
    "updatedAt" : "2018-05-04T05:22:56.685Z", 
    "state" : NumberInt(2), 
    "isTicket" : false
}
{ 
    "_id" : ObjectId("5aebeecc3f06e716ae55be49"), 
    "name" : "Magento PoC Creation", 
    "projectId" : ObjectId("5aebee9a3f06e716ae55be40"), 
    "startDate" : "2018-05-04", 
    "endDate" : "2018-12-01", 
    "createdAt" : "2018-05-04T05:25:32.061Z", 
    "updatedAt" : "2018-05-04T05:25:42.957Z", 
    "state" : NumberInt(2), 
    "isTicket" : false
}
{ 
    "_id" : ObjectId("5aec5e2b3f06e716ae55be6e"), 
    "name" : "Sodimac Development", 
    "state" : NumberInt(1), 
    "isTicket" : true, 
    "createdAt" : "2018-05-04T13:20:43.808Z", 
    "updatedAt" : "2018-05-04T13:31:09.711Z", 
    "projectId" : null, 
    "startDate" : "", 
    "endDate" : ""
}
{ 
    "_id" : ObjectId("5aec5e743f06e716ae55be71"), 
    "name" : "Sodimac Development", 
    "state" : NumberInt(1), 
    "isTicket" : true, 
    "createdAt" : "2018-05-04T13:21:56.535Z", 
    "updatedAt" : "2018-05-04T13:22:12.038Z", 
    "projectId" : null, 
    "startDate" : "", 
    "endDate" : ""
}
{ 
    "_id" : ObjectId("5aec5eb03f06e716ae55be74"), 
    "name" : "Sodimac Development", 
    "state" : NumberInt(1), 
    "isTicket" : true, 
    "createdAt" : "2018-05-04T13:22:56.140Z", 
    "updatedAt" : "2018-05-04T13:22:56.140Z", 
    "projectId" : null, 
    "startDate" : "", 
    "endDate" : ""
}
{ 
    "_id" : ObjectId("5aec60683f06e716ae55be77"), 
    "name" : "Sodimac Development", 
    "state" : NumberInt(1), 
    "isTicket" : true, 
    "createdAt" : "2018-05-04T13:30:16.370Z", 
    "updatedAt" : "2018-05-04T13:30:53.640Z", 
    "projectId" : null, 
    "startDate" : "", 
    "endDate" : ""
}
{ 
    "_id" : ObjectId("5aec60db3f06e716ae55be7a"), 
    "name" : "WCC Batch Load", 
    "state" : NumberInt(1), 
    "isTicket" : true, 
    "createdAt" : "2018-05-04T13:32:11.333Z", 
    "updatedAt" : "2018-05-04T13:32:28.721Z", 
    "projectId" : null, 
    "startDate" : "", 
    "endDate" : ""
}
{ 
    "_id" : ObjectId("5aec611b3f06e716ae55be7f"), 
    "name" : "Sodimac Development", 
    "state" : NumberInt(1), 
    "isTicket" : true, 
    "createdAt" : "2018-05-04T13:33:15.219Z", 
    "updatedAt" : "2018-05-04T13:33:15.219Z", 
    "projectId" : null, 
    "startDate" : "", 
    "endDate" : ""
}
{ 
    "_id" : ObjectId("5aec614f3f06e716ae55be82"), 
    "name" : "Sodimac Development", 
    "state" : NumberInt(1), 
    "isTicket" : true, 
    "createdAt" : "2018-05-04T13:34:07.776Z", 
    "updatedAt" : "2018-05-04T13:34:07.776Z", 
    "projectId" : null, 
    "startDate" : "", 
    "endDate" : ""
}
{ 
    "_id" : ObjectId("5aec61813f06e716ae55be87"), 
    "name" : "Hybris Analyses", 
    "state" : NumberInt(1), 
    "isTicket" : true, 
    "createdAt" : "2018-05-04T13:34:57.830Z", 
    "updatedAt" : "2018-05-04T13:34:57.830Z", 
    "projectId" : null, 
    "startDate" : "", 
    "endDate" : ""
}
{ 
    "_id" : ObjectId("5aec61b23f06e716ae55be8a"), 
    "name" : "Hybris Analyses", 
    "state" : NumberInt(1), 
    "isTicket" : true, 
    "createdAt" : "2018-05-04T13:35:46.396Z", 
    "updatedAt" : "2018-05-04T13:35:46.396Z", 
    "projectId" : null, 
    "startDate" : "", 
    "endDate" : ""
}
{ 
    "_id" : ObjectId("5aec61f23f06e716ae55be8f"), 
    "name" : "Hybris Analyses", 
    "state" : NumberInt(1), 
    "isTicket" : true, 
    "createdAt" : "2018-05-04T13:36:50.046Z", 
    "updatedAt" : "2018-05-04T13:36:50.046Z", 
    "projectId" : null, 
    "startDate" : "", 
    "endDate" : ""
}
{ 
    "_id" : ObjectId("5aec622f3f06e716ae55be92"), 
    "name" : "WCS Meeting", 
    "state" : NumberInt(1), 
    "isTicket" : true, 
    "createdAt" : "2018-05-04T13:37:51.141Z", 
    "updatedAt" : "2018-05-04T13:37:51.141Z", 
    "projectId" : null, 
    "startDate" : "", 
    "endDate" : ""
}
{ 
    "_id" : ObjectId("5aec62873f06e716ae55be95"), 
    "name" : "WCS Meeting", 
    "state" : NumberInt(1), 
    "isTicket" : true, 
    "createdAt" : "2018-05-04T13:39:19.296Z", 
    "updatedAt" : "2018-05-04T13:39:19.296Z", 
    "projectId" : null, 
    "startDate" : "", 
    "endDate" : ""
}
{ 
    "_id" : ObjectId("5aec62c23f06e716ae55be98"), 
    "name" : "WCS Development", 
    "state" : NumberInt(1), 
    "isTicket" : true, 
    "createdAt" : "2018-05-04T13:40:18.045Z", 
    "updatedAt" : "2018-05-04T13:40:18.045Z", 
    "projectId" : null, 
    "startDate" : "", 
    "endDate" : ""
}
{ 
    "_id" : ObjectId("5aec62e53f06e716ae55be9b"), 
    "name" : "RRS Page source analyses", 
    "state" : NumberInt(1), 
    "isTicket" : true, 
    "createdAt" : "2018-05-04T13:40:53.608Z", 
    "updatedAt" : "2018-05-04T13:40:53.608Z", 
    "projectId" : null, 
    "startDate" : "", 
    "endDate" : ""
}
{ 
    "_id" : ObjectId("5aec632c3f06e716ae55be9e"), 
    "name" : "WCS Devlopment", 
    "state" : NumberInt(1), 
    "isTicket" : true, 
    "createdAt" : "2018-05-04T13:42:04.858Z", 
    "updatedAt" : "2018-05-04T13:42:04.858Z", 
    "projectId" : null, 
    "startDate" : "", 
    "endDate" : ""
}
{ 
    "_id" : ObjectId("5aec634a3f06e716ae55bea1"), 
    "name" : "Sodimac Development", 
    "state" : NumberInt(1), 
    "isTicket" : true, 
    "createdAt" : "2018-05-04T13:42:34.188Z", 
    "updatedAt" : "2018-05-04T13:42:34.188Z", 
    "projectId" : null, 
    "startDate" : "", 
    "endDate" : ""
}
