{ 
    "_id" : ObjectId("5ae96e6cae3bb145f0103c36"), 
    "createdAt" : "2018-05-02T07:53:16.892Z", 
    "updatedAt" : "2018-05-02T08:01:49.302Z", 
    "Title" : "Apple Pay Mobile development", 
    "description" : "Fix the Apple Pay mobile issues", 
    "state" : NumberInt(2), 
    "createdby" : NumberInt(2), 
    "createdDate" : "2018-05-02", 
    "Task" : ObjectId("5ae96e6cae3bb145f0103c34"), 
    "reportingUser" : ObjectId("5adedafd58c28575101c8aea"), 
    "createdbyUser" : ObjectId("5adedafd58c28575101c8ae9"), 
    "superVisorUser" : ObjectId("5adedf2258c28575101c8b05")
}
{ 
    "_id" : ObjectId("5ae97110ae3bb145f0103c46"), 
    "createdAt" : "2018-05-02T08:04:32.746Z", 
    "updatedAt" : "2018-05-02T08:04:32.746Z", 
    "Title" : "ADF Training", 
    "description" : "Training to Jayanthi (helped to install JDeveloper and Oracle database, explained about ADF layers, application creation, project creation, entity object creation, view object creation and application module creation) and cleared vigna doubts.", 
    "state" : NumberInt(1), 
    "createdby" : NumberInt(3), 
    "createdDate" : "2018-05-02", 
    "Task" : ObjectId("5ae97110ae3bb145f0103c44"), 
    "reportingUser" : ObjectId("5adedab158c28575101c8ae6"), 
    "createdbyUser" : ObjectId("5adedaca58c28575101c8ae7"), 
    "superVisorUser" : ObjectId("5ad5c16779e7326794f0afcf")
}
{ 
    "_id" : ObjectId("5ae972c720dcc2132c376a96"), 
    "createdAt" : "2018-05-02T08:11:51.488Z", 
    "updatedAt" : "2018-05-02T09:58:03.489Z", 
    "Title" : "Nethaji Acadamy website work is in progress.", 
    "description" : "I assigned work to yasar to develop website for this acadamy, for that am desgining few images related to the titles given in website.", 
    "state" : NumberInt(1), 
    "createdby" : NumberInt(3), 
    "createdDate" : "2018-05-02", 
    "Task" : ObjectId("5ae972c720dcc2132c376a94"), 
    "reportingUser" : ObjectId("5adedab158c28575101c8ae6"), 
    "createdbyUser" : ObjectId("5ae96ef8ae3bb145f0103c37"), 
    "superVisorUser" : ObjectId("5adedf0158c28575101c8b03")
}
{ 
    "_id" : ObjectId("5ae986a03f06e716ae55bb66"), 
    "Title" : "April Month Timesheet", 
    "Task" : ObjectId("5ae9869f3f06e716ae55bb64"), 
    "reportingUser" : ObjectId("5adedab158c28575101c8ae6"), 
    "createdby" : NumberInt(3), 
    "description" : "Complete April month time sheet details.", 
    "createdbyUser" : ObjectId("5ad73b2934fbdd15077f7291"), 
    "superVisorUser" : ObjectId("5adeded958c28575101c8b01"), 
    "createdDate" : "2018-05-02", 
    "createdAt" : "2018-05-02T09:36:32.000Z", 
    "updatedAt" : "2018-05-02T09:36:32.000Z", 
    "state" : NumberInt(1)
}
{ 
    "_id" : ObjectId("5ae98aeb3f06e716ae55bc55"), 
    "Title" : "Social media post for magnus commerce", 
    "Task" : ObjectId("5ae98aeb3f06e716ae55bc53"), 
    "reportingUser" : ObjectId("5adedab158c28575101c8ae6"), 
    "createdby" : NumberInt(3), 
    "description" : "Infographic design \" Most suitable CMS for Ecommerce development\"", 
    "createdbyUser" : ObjectId("5ae96ef8ae3bb145f0103c37"), 
    "superVisorUser" : ObjectId("5adedf0158c28575101c8b03"), 
    "createdDate" : "2018-05-02", 
    "createdAt" : "2018-05-02T09:54:51.921Z", 
    "updatedAt" : "2018-05-02T09:54:51.921Z", 
    "state" : NumberInt(1)
}
{ 
    "_id" : ObjectId("5ae997cc3f06e716ae55bcd2"), 
    "Title" : "Generating lead for Magento", 
    "Task" : ObjectId("5ae997cc3f06e716ae55bcd0"), 
    "reportingUser" : ObjectId("5adedab158c28575101c8ae6"), 
    "createdby" : NumberInt(3), 
    "description" : "creating a leads in excel sheet for Magento", 
    "createdbyUser" : ObjectId("5ae96ef8ae3bb145f0103c37"), 
    "superVisorUser" : ObjectId("5adedf0158c28575101c8b03"), 
    "createdDate" : "2018-05-02", 
    "createdAt" : "2018-05-02T10:49:48.786Z", 
    "updatedAt" : "2018-05-02T10:49:48.786Z", 
    "state" : NumberInt(1)
}
{ 
    "_id" : ObjectId("5ae9a1053f06e716ae55bcd6"), 
    "Title" : "Suit CRM", 
    "Task" : ObjectId("5ae9a1053f06e716ae55bcd4"), 
    "reportingUser" : ObjectId("5adedafd58c28575101c8aea"), 
    "createdby" : NumberInt(3), 
    "description" : "Internal CRM Application", 
    "createdbyUser" : ObjectId("5adedb2f58c28575101c8aeb"), 
    "superVisorUser" : ObjectId("5adedf0158c28575101c8b03"), 
    "createdDate" : "2018-05-02", 
    "createdAt" : "2018-05-02T11:29:09.093Z", 
    "updatedAt" : "2018-05-02T11:29:09.093Z", 
    "state" : NumberInt(1)
}
{ 
    "_id" : ObjectId("5ae9b0b33f06e716ae55bcde"), 
    "Title" : "2nd May Task", 
    "Task" : ObjectId("5ae9b0b33f06e716ae55bcdc"), 
    "reportingUser" : ObjectId("5adedab158c28575101c8ae6"), 
    "createdby" : NumberInt(3), 
    "description" : "RRS - Blog http change\r\nMagento 2 theme implementation\r\nCRM server Enable", 
    "createdbyUser" : ObjectId("5adedf3958c28575101c8b07"), 
    "superVisorUser" : ObjectId("5adedf0158c28575101c8b03"), 
    "createdDate" : "2018-05-02", 
    "createdAt" : "2018-05-02T12:36:03.851Z", 
    "updatedAt" : "2018-05-02T12:38:44.805Z", 
    "state" : NumberInt(1)
}
{ 
    "_id" : ObjectId("5ae9b7f53f06e716ae55bce6"), 
    "Title" : "Time Sheet", 
    "Task" : ObjectId("5ae9b7f53f06e716ae55bce4"), 
    "reportingUser" : ObjectId("5adedab158c28575101c8ae6"), 
    "createdby" : NumberInt(3), 
    "description" : "Work activity.", 
    "createdbyUser" : ObjectId("5ae9b5953f06e716ae55bce2"), 
    "superVisorUser" : ObjectId("5adedf0158c28575101c8b03"), 
    "createdDate" : "2018-05-02", 
    "createdAt" : "2018-05-02T13:07:01.233Z", 
    "updatedAt" : "2018-05-02T13:07:11.075Z", 
    "state" : NumberInt(1)
}
{ 
    "_id" : ObjectId("5ae9bde13f06e716ae55bceb"), 
    "Title" : "April 02 Timesheet", 
    "Task" : ObjectId("5ae9bde13f06e716ae55bce9"), 
    "reportingUser" : ObjectId("5adedab158c28575101c8ae6"), 
    "createdby" : NumberInt(3), 
    "description" : "Installing Oracle Middleware Infrastructure and WebCenter Content", 
    "createdbyUser" : ObjectId("5adedb4b58c28575101c8aed"), 
    "superVisorUser" : ObjectId("5ad5c16779e7326794f0afcf"), 
    "createdDate" : "2018-05-02", 
    "createdAt" : "2018-05-02T13:32:17.538Z", 
    "updatedAt" : "2018-05-02T13:32:17.538Z", 
    "state" : NumberInt(1)
}
{ 
    "_id" : ObjectId("5ae9be0f3f06e716ae55bcee"), 
    "Title" : "April 03 Timesheet", 
    "Task" : ObjectId("5ae9be0f3f06e716ae55bcec"), 
    "reportingUser" : ObjectId("5adedab158c28575101c8ae6"), 
    "createdby" : NumberInt(3), 
    "description" : "Fixing issues in installation of Oracle Webcenter Content and Configuring workflow", 
    "createdbyUser" : ObjectId("5adedb4b58c28575101c8aed"), 
    "superVisorUser" : ObjectId("5ad5c16779e7326794f0afcf"), 
    "createdDate" : "2018-05-02", 
    "createdAt" : "2018-05-02T13:33:03.247Z", 
    "updatedAt" : "2018-05-02T13:33:03.247Z", 
    "state" : NumberInt(1)
}
{ 
    "_id" : ObjectId("5ae9be353f06e716ae55bcf1"), 
    "Title" : "April 04 Timesheet", 
    "Task" : ObjectId("5ae9be353f06e716ae55bcef"), 
    "reportingUser" : ObjectId("5adedab158c28575101c8ae6"), 
    "createdby" : NumberInt(3), 
    "description" : "Configuring Workflow, New user Creation, Local Setup, Roles and Groups, Configure Security Groups", 
    "createdbyUser" : ObjectId("5adedb4b58c28575101c8aed"), 
    "superVisorUser" : ObjectId("5ad5c16779e7326794f0afcf"), 
    "createdDate" : "2018-05-02", 
    "createdAt" : "2018-05-02T13:33:41.911Z", 
    "updatedAt" : "2018-05-02T13:33:41.911Z", 
    "state" : NumberInt(1)
}
{ 
    "_id" : ObjectId("5ae9be4c3f06e716ae55bcf4"), 
    "Title" : "April 05 Timesheet", 
    "Task" : ObjectId("5ae9be4c3f06e716ae55bcf2"), 
    "reportingUser" : ObjectId("5adedab158c28575101c8ae6"), 
    "createdby" : NumberInt(3), 
    "description" : "Creation Metadata and Customized Metadata, Creating Content types, Issue with Content type creation", 
    "createdbyUser" : ObjectId("5adedb4b58c28575101c8aed"), 
    "superVisorUser" : ObjectId("5ad5c16779e7326794f0afcf"), 
    "createdDate" : "2018-05-02", 
    "createdAt" : "2018-05-02T13:34:04.587Z", 
    "updatedAt" : "2018-05-02T13:34:04.587Z", 
    "state" : NumberInt(1)
}
{ 
    "_id" : ObjectId("5ae9be6b3f06e716ae55bcf7"), 
    "Title" : "April 06 Timesheet", 
    "Task" : ObjectId("5ae9be6b3f06e716ae55bcf5"), 
    "reportingUser" : ObjectId("5adedab158c28575101c8ae6"), 
    "createdby" : NumberInt(3), 
    "description" : "Creating Customized Checkin Form, Global Rules, Creating Checkin Form as per Dev environment", 
    "createdbyUser" : ObjectId("5adedb4b58c28575101c8aed"), 
    "superVisorUser" : ObjectId("5ad5c16779e7326794f0afcf"), 
    "createdDate" : "2018-05-02", 
    "createdAt" : "2018-05-02T13:34:35.121Z", 
    "updatedAt" : "2018-05-02T13:34:35.121Z", 
    "state" : NumberInt(1)
}
{ 
    "_id" : ObjectId("5ae9be7f3f06e716ae55bcfa"), 
    "Title" : "April 09 Timesheet", 
    "Task" : ObjectId("5ae9be7f3f06e716ae55bcf8"), 
    "reportingUser" : ObjectId("5adedab158c28575101c8ae6"), 
    "createdby" : NumberInt(3), 
    "description" : "Checking records for batch work in webcenter", 
    "createdbyUser" : ObjectId("5adedb4b58c28575101c8aed"), 
    "superVisorUser" : ObjectId("5ad5c16779e7326794f0afcf"), 
    "createdDate" : "2018-05-02", 
    "createdAt" : "2018-05-02T13:34:55.161Z", 
    "updatedAt" : "2018-05-02T13:34:55.161Z", 
    "state" : NumberInt(1)
}
{ 
    "_id" : ObjectId("5ae9be913f06e716ae55bcfd"), 
    "Title" : "April 10 Timesheet", 
    "Task" : ObjectId("5ae9be913f06e716ae55bcfb"), 
    "reportingUser" : ObjectId("5adedab158c28575101c8ae6"), 
    "createdby" : NumberInt(3), 
    "description" : "Checking records for batch work in webcenter", 
    "createdbyUser" : ObjectId("5adedb4b58c28575101c8aed"), 
    "superVisorUser" : ObjectId("5ad5c16779e7326794f0afcf"), 
    "createdDate" : "2018-05-02", 
    "createdAt" : "2018-05-02T13:35:13.998Z", 
    "updatedAt" : "2018-05-02T13:35:13.998Z", 
    "state" : NumberInt(1)
}
{ 
    "_id" : ObjectId("5ae9bea43f06e716ae55bd00"), 
    "Title" : "April 11 Timesheet", 
    "Task" : ObjectId("5ae9bea43f06e716ae55bcfe"), 
    "reportingUser" : ObjectId("5adedab158c28575101c8ae6"), 
    "createdby" : NumberInt(3), 
    "description" : "Checking records for batch work in webcenter and working in batch load", 
    "createdbyUser" : ObjectId("5adedb4b58c28575101c8aed"), 
    "superVisorUser" : ObjectId("5ad5c16779e7326794f0afcf"), 
    "createdDate" : "2018-05-02", 
    "createdAt" : "2018-05-02T13:35:32.103Z", 
    "updatedAt" : "2018-05-02T13:35:32.103Z", 
    "state" : NumberInt(1)
}
{ 
    "_id" : ObjectId("5ae9bec23f06e716ae55bd03"), 
    "Title" : "April 12 Timesheet", 
    "Task" : ObjectId("5ae9bec23f06e716ae55bd01"), 
    "reportingUser" : ObjectId("5adedab158c28575101c8ae6"), 
    "createdby" : NumberInt(3), 
    "description" : "Checking records for batch work in webcenter and working in batch load, Configuring Templates", 
    "createdbyUser" : ObjectId("5adedb4b58c28575101c8aed"), 
    "superVisorUser" : ObjectId("5ad5c16779e7326794f0afcf"), 
    "createdDate" : "2018-05-02", 
    "createdAt" : "2018-05-02T13:36:02.436Z", 
    "updatedAt" : "2018-05-02T13:36:02.436Z", 
    "state" : NumberInt(1)
}
{ 
    "_id" : ObjectId("5ae9bee93f06e716ae55bd06"), 
    "Title" : "April 13 Timesheet", 
    "Task" : ObjectId("5ae9bee93f06e716ae55bd04"), 
    "reportingUser" : ObjectId("5adedab158c28575101c8ae6"), 
    "createdby" : NumberInt(3), 
    "description" : "Checking records for batch work in webcenter and working in batch load\r\nOracle 12c database installation and importing data dump into the database", 
    "createdbyUser" : ObjectId("5adedb4b58c28575101c8aed"), 
    "superVisorUser" : ObjectId("5ad5c16779e7326794f0afcf"), 
    "createdDate" : "2018-05-02", 
    "createdAt" : "2018-05-02T13:36:41.763Z", 
    "updatedAt" : "2018-05-02T13:36:41.763Z", 
    "state" : NumberInt(1)
}
{ 
    "_id" : ObjectId("5ae9befd3f06e716ae55bd09"), 
    "Title" : "April 16 Timesheet", 
    "Task" : ObjectId("5ae9befd3f06e716ae55bd07"), 
    "reportingUser" : ObjectId("5adedab158c28575101c8ae6"), 
    "createdby" : NumberInt(3), 
    "description" : "Importing data dump into the Oracle database\r\nCreating batch file, finding fparentGUID, metadata", 
    "createdbyUser" : ObjectId("5adedb4b58c28575101c8aed"), 
    "superVisorUser" : ObjectId("5ad5c16779e7326794f0afcf"), 
    "createdDate" : "2018-05-02", 
    "createdAt" : "2018-05-02T13:37:01.705Z", 
    "updatedAt" : "2018-05-02T13:37:23.808Z", 
    "state" : NumberInt(1)
}
{ 
    "_id" : ObjectId("5ae9bf2b3f06e716ae55bd0c"), 
    "Title" : "April 17 Timesheet", 
    "Task" : ObjectId("5ae9bf2b3f06e716ae55bd0a"), 
    "reportingUser" : ObjectId("5adedab158c28575101c8ae6"), 
    "createdby" : NumberInt(3), 
    "description" : "Profile Creation, Relations, Tables and Views. Rules with custom conditions", 
    "createdbyUser" : ObjectId("5adedb4b58c28575101c8aed"), 
    "superVisorUser" : ObjectId("5ad5c16779e7326794f0afcf"), 
    "createdDate" : "2018-05-02", 
    "createdAt" : "2018-05-02T13:37:47.750Z", 
    "updatedAt" : "2018-05-02T13:37:47.750Z", 
    "state" : NumberInt(1)
}
{ 
    "_id" : ObjectId("5ae9bf3e3f06e716ae55bd0f"), 
    "Title" : "April 18 Timesheet", 
    "Task" : ObjectId("5ae9bf3e3f06e716ae55bd0d"), 
    "reportingUser" : ObjectId("5adedab158c28575101c8ae6"), 
    "createdby" : NumberInt(3), 
    "description" : "Working with Archiver, Repository Manager, Workflow Admin and Introduction to WCS", 
    "createdbyUser" : ObjectId("5adedb4b58c28575101c8aed"), 
    "superVisorUser" : ObjectId("5ad5c16779e7326794f0afcf"), 
    "createdDate" : "2018-05-02", 
    "createdAt" : "2018-05-02T13:38:06.794Z", 
    "updatedAt" : "2018-05-02T13:38:06.794Z", 
    "state" : NumberInt(1)
}
{ 
    "_id" : ObjectId("5ae9bf593f06e716ae55bd12"), 
    "Title" : "April 19 Timesheet", 
    "Task" : ObjectId("5ae9bf593f06e716ae55bd10"), 
    "reportingUser" : ObjectId("5adedab158c28575101c8ae6"), 
    "createdby" : NumberInt(3), 
    "description" : "Fixing issues with Webcenter content in local environment\r\nImporting data dump into the Oracle database", 
    "createdbyUser" : ObjectId("5adedb4b58c28575101c8aed"), 
    "superVisorUser" : ObjectId("5ad5c16779e7326794f0afcf"), 
    "createdDate" : "2018-05-02", 
    "createdAt" : "2018-05-02T13:38:33.286Z", 
    "updatedAt" : "2018-05-02T13:38:33.286Z", 
    "state" : NumberInt(1)
}
{ 
    "_id" : ObjectId("5ae9bf7a3f06e716ae55bd15"), 
    "Title" : "April 20 Timesheet", 
    "Task" : ObjectId("5ae9bf7a3f06e716ae55bd13"), 
    "reportingUser" : ObjectId("5adedab158c28575101c8ae6"), 
    "createdby" : NumberInt(3), 
    "description" : "Analysing the webpage for performance related issue in RRS website\r\nTesting the complete site links for errors in Webcenter content\r\nImporting data dump into the Oracle database", 
    "createdbyUser" : ObjectId("5adedb4b58c28575101c8aed"), 
    "superVisorUser" : ObjectId("5ad5c16779e7326794f0afcf"), 
    "createdDate" : "2018-05-02", 
    "createdAt" : "2018-05-02T13:39:06.509Z", 
    "updatedAt" : "2018-05-02T13:39:06.509Z", 
    "state" : NumberInt(1)
}
{ 
    "_id" : ObjectId("5ae9bfc53f06e716ae55bd18"), 
    "Title" : "April 23 Timesheet", 
    "Task" : ObjectId("5ae9bfc53f06e716ae55bd16"), 
    "reportingUser" : ObjectId("5adedab158c28575101c8ae6"), 
    "createdby" : NumberInt(3), 
    "description" : "Exporting and Importing schemas from local server to local setup\r\nResearch on Sending mail from Oracle database on hourly basis", 
    "createdbyUser" : ObjectId("5adedb4b58c28575101c8aed"), 
    "superVisorUser" : ObjectId("5ad5c16779e7326794f0afcf"), 
    "createdDate" : "2018-05-02", 
    "createdAt" : "2018-05-02T13:40:21.100Z", 
    "updatedAt" : "2018-05-02T13:40:21.100Z", 
    "state" : NumberInt(1)
}
{ 
    "_id" : ObjectId("5ae9bfdf3f06e716ae55bd1b"), 
    "Title" : "April 24 Timesheet", 
    "Task" : ObjectId("5ae9bfdf3f06e716ae55bd19"), 
    "reportingUser" : ObjectId("5adedab158c28575101c8ae6"), 
    "createdby" : NumberInt(3), 
    "description" : "Importing RRS latest dump in local environment for testing.\r\nCreating Procedure for Sending Email\r\nCreating Procedures for OWP Project. Updating Folio Table", 
    "createdbyUser" : ObjectId("5adedb4b58c28575101c8aed"), 
    "superVisorUser" : ObjectId("5ad5c16779e7326794f0afcf"), 
    "createdDate" : "2018-05-02", 
    "createdAt" : "2018-05-02T13:40:47.094Z", 
    "updatedAt" : "2018-05-02T13:40:47.094Z", 
    "state" : NumberInt(1)
}
{ 
    "_id" : ObjectId("5ae9c0043f06e716ae55bd1e"), 
    "Title" : "April 25 Timesheet", 
    "Task" : ObjectId("5ae9c0043f06e716ae55bd1c"), 
    "reportingUser" : ObjectId("5adedab158c28575101c8ae6"), 
    "createdby" : NumberInt(3), 
    "description" : "Fixing Issues related to applet in local environment\r\nReplicating the same configuration from Dev environment to local machine.\r\nCreating Procedures for OWP Project. Updating Folio Table", 
    "createdbyUser" : ObjectId("5adedb4b58c28575101c8aed"), 
    "superVisorUser" : ObjectId("5ad5c16779e7326794f0afcf"), 
    "createdDate" : "2018-05-02", 
    "createdAt" : "2018-05-02T13:41:24.941Z", 
    "updatedAt" : "2018-05-02T13:41:24.941Z", 
    "state" : NumberInt(1)
}
{ 
    "_id" : ObjectId("5ae9c0273f06e716ae55bd21"), 
    "Title" : "April 26 Timesheet", 
    "Task" : ObjectId("5ae9c0273f06e716ae55bd1f"), 
    "reportingUser" : ObjectId("5adedab158c28575101c8ae6"), 
    "createdby" : NumberInt(3), 
    "description" : "Working in Configuration Manager in WCC in local machine\r\nConfiguring and Importing 2 dump files in the local server", 
    "createdbyUser" : ObjectId("5adedb4b58c28575101c8aed"), 
    "superVisorUser" : ObjectId("5ad5c16779e7326794f0afcf"), 
    "createdDate" : "2018-05-02", 
    "createdAt" : "2018-05-02T13:41:59.488Z", 
    "updatedAt" : "2018-05-02T13:41:59.488Z", 
    "state" : NumberInt(1)
}
{ 
    "_id" : ObjectId("5ae9c0433f06e716ae55bd24"), 
    "Title" : "April 27 Timesheet", 
    "Task" : ObjectId("5ae9c0433f06e716ae55bd22"), 
    "reportingUser" : ObjectId("5adedab158c28575101c8ae6"), 
    "createdby" : NumberInt(3), 
    "description" : "Creating Procedures for OWP Project. Updating Folio Table\r\nImporting dump in local server\r\nWorking in Configuration Manager in WCC in local machine", 
    "createdbyUser" : ObjectId("5adedb4b58c28575101c8aed"), 
    "superVisorUser" : ObjectId("5ad5c16779e7326794f0afcf"), 
    "createdDate" : "2018-05-02", 
    "createdAt" : "2018-05-02T13:42:27.708Z", 
    "updatedAt" : "2018-05-02T13:42:27.708Z", 
    "state" : NumberInt(1)
}
{ 
    "_id" : ObjectId("5ae9c0553f06e716ae55bd27"), 
    "Title" : "April 30 Timesheet", 
    "Task" : ObjectId("5ae9c0553f06e716ae55bd25"), 
    "reportingUser" : ObjectId("5adedab158c28575101c8ae6"), 
    "createdby" : NumberInt(3), 
    "description" : "Creating Procedure for Sending Email(RRS)", 
    "createdbyUser" : ObjectId("5adedb4b58c28575101c8aed"), 
    "superVisorUser" : ObjectId("5ad5c16779e7326794f0afcf"), 
    "createdDate" : "2018-05-02", 
    "createdAt" : "2018-05-02T13:42:45.944Z", 
    "updatedAt" : "2018-05-02T13:42:45.944Z", 
    "state" : NumberInt(1)
}
{ 
    "_id" : ObjectId("5aeada973f06e716ae55bd33"), 
    "Title" : "3rd May Task", 
    "Task" : ObjectId("5aeada973f06e716ae55bd31"), 
    "reportingUser" : ObjectId("5adedab158c28575101c8ae6"), 
    "createdby" : NumberInt(3), 
    "description" : "3rd May Task - Details", 
    "createdbyUser" : ObjectId("5adedf3958c28575101c8b07"), 
    "superVisorUser" : ObjectId("5adedf0158c28575101c8b03"), 
    "createdDate" : "2018-05-03", 
    "createdAt" : "2018-05-03T09:47:03.980Z", 
    "updatedAt" : "2018-05-04T05:10:58.840Z", 
    "state" : NumberInt(2)
}
{ 
    "_id" : ObjectId("5aeadf893f06e716ae55bd39"), 
    "Title" : "Applepay testing", 
    "Task" : ObjectId("5aeadf893f06e716ae55bd37"), 
    "reportingUser" : ObjectId("5adedafd58c28575101c8aea"), 
    "createdby" : NumberInt(3), 
    "description" : "Applepay testing in mobile", 
    "createdbyUser" : ObjectId("5aded97b58c28575101c8ad5"), 
    "superVisorUser" : ObjectId("5ad5c16779e7326794f0afcf"), 
    "createdDate" : "2018-05-03", 
    "createdAt" : "2018-05-03T10:08:09.425Z", 
    "updatedAt" : "2018-05-03T10:08:27.194Z", 
    "state" : NumberInt(1)
}
{ 
    "_id" : ObjectId("5aeadfc83f06e716ae55bd3c"), 
    "Title" : "Pagination issue in kids - Testing", 
    "Task" : ObjectId("5aeadfc83f06e716ae55bd3a"), 
    "reportingUser" : ObjectId("5adedafd58c28575101c8aea"), 
    "createdby" : NumberInt(3), 
    "description" : "Pagination issue in kids - Testing", 
    "createdbyUser" : ObjectId("5aded97b58c28575101c8ad5"), 
    "superVisorUser" : ObjectId("5ad5c16779e7326794f0afcf"), 
    "createdDate" : "2018-05-03", 
    "createdAt" : "2018-05-03T10:09:12.242Z", 
    "updatedAt" : "2018-05-03T10:09:12.242Z", 
    "state" : NumberInt(1)
}
{ 
    "_id" : ObjectId("5aeadff33f06e716ae55bd3f"), 
    "Title" : "WMCL-ServiceRunningEvidence -Daily Report", 
    "Task" : ObjectId("5aeadff33f06e716ae55bd3d"), 
    "reportingUser" : ObjectId("5adedafd58c28575101c8aea"), 
    "createdby" : NumberInt(3), 
    "description" : "WMCL-ServiceRunningEvidence -Daily Report", 
    "createdbyUser" : ObjectId("5aded97b58c28575101c8ad5"), 
    "superVisorUser" : ObjectId("5ad5c16779e7326794f0afcf"), 
    "createdDate" : "2018-05-03", 
    "createdAt" : "2018-05-03T10:09:55.042Z", 
    "updatedAt" : "2018-05-03T10:09:55.042Z", 
    "state" : NumberInt(1)
}
{ 
    "_id" : ObjectId("5aeae02a3f06e716ae55bd42"), 
    "Title" : "Applepay testing in production desktop", 
    "Task" : ObjectId("5aeae02a3f06e716ae55bd40"), 
    "reportingUser" : ObjectId("5adedafd58c28575101c8aea"), 
    "createdby" : NumberInt(3), 
    "description" : "Applepay testing in production desktop", 
    "createdbyUser" : ObjectId("5aded97b58c28575101c8ad5"), 
    "superVisorUser" : ObjectId("5ad5c16779e7326794f0afcf"), 
    "createdDate" : "2018-05-03", 
    "createdAt" : "2018-05-03T10:10:50.680Z", 
    "updatedAt" : "2018-05-03T10:10:50.680Z", 
    "state" : NumberInt(1)
}
{ 
    "_id" : ObjectId("5aeafe753f06e716ae55bd81"), 
    "Title" : "May-3rd 2018 Task", 
    "Task" : ObjectId("5aeafe753f06e716ae55bd7f"), 
    "reportingUser" : ObjectId("5adedab158c28575101c8ae6"), 
    "createdby" : NumberInt(3), 
    "description" : "Mixed content issue\r\nNew OS install and React setup", 
    "createdbyUser" : ObjectId("5adedf3958c28575101c8b07"), 
    "superVisorUser" : ObjectId("5adedf0158c28575101c8b03"), 
    "createdDate" : "2018-05-03", 
    "createdAt" : "2018-05-03T12:20:05.594Z", 
    "updatedAt" : "2018-05-03T12:20:05.594Z", 
    "state" : NumberInt(1)
}
{ 
    "_id" : ObjectId("5aeb04e53f06e716ae55bd84"), 
    "Title" : "May Month Timesheet", 
    "Task" : ObjectId("5aeb04e53f06e716ae55bd82"), 
    "reportingUser" : ObjectId("5adedab158c28575101c8ae6"), 
    "createdby" : NumberInt(3), 
    "description" : "May Month Timesheet", 
    "createdbyUser" : ObjectId("5ad73b2934fbdd15077f7291"), 
    "superVisorUser" : ObjectId("5adeded958c28575101c8b01"), 
    "createdDate" : "2018-05-03", 
    "createdAt" : "2018-05-03T12:47:33.867Z", 
    "updatedAt" : "2018-05-03T12:47:33.867Z", 
    "state" : NumberInt(1)
}
{ 
    "_id" : ObjectId("5aec5e2b3f06e716ae55be70"), 
    "Title" : "Sodimac Development", 
    "Task" : ObjectId("5aec5e2b3f06e716ae55be6e"), 
    "reportingUser" : ObjectId("5adedab158c28575101c8ae6"), 
    "createdby" : NumberInt(3), 
    "description" : "Publishing from QA to Production Server on 04/03/2018 \r\nDuration 8 Hours", 
    "createdbyUser" : ObjectId("5aded8f558c28575101c8acf"), 
    "superVisorUser" : ObjectId("5ad5c16779e7326794f0afcf"), 
    "createdDate" : "2018-05-04", 
    "createdAt" : "2018-05-04T13:20:43.814Z", 
    "updatedAt" : "2018-05-04T13:31:09.713Z", 
    "state" : NumberInt(1)
}
{ 
    "_id" : ObjectId("5aec5e743f06e716ae55be73"), 
    "Title" : "Sodimac Development", 
    "Task" : ObjectId("5aec5e743f06e716ae55be71"), 
    "reportingUser" : ObjectId("5adedab158c28575101c8ae6"), 
    "createdby" : NumberInt(3), 
    "description" : "04/04/2018\t     09.15 - 19.15\t    8 Hours\t  Worked GUIA Navigation menu issue", 
    "createdbyUser" : ObjectId("5aded8f558c28575101c8acf"), 
    "superVisorUser" : ObjectId("5ad5c16779e7326794f0afcf"), 
    "createdDate" : "2018-05-04", 
    "createdAt" : "2018-05-04T13:21:56.540Z", 
    "updatedAt" : "2018-05-04T13:22:12.040Z", 
    "state" : NumberInt(1)
}
{ 
    "_id" : ObjectId("5aec5eb03f06e716ae55be76"), 
    "Title" : "Sodimac Development", 
    "Task" : ObjectId("5aec5eb03f06e716ae55be74"), 
    "reportingUser" : ObjectId("5adedab158c28575101c8ae6"), 
    "createdby" : NumberInt(3), 
    "description" : "04/05/2018           09.45 - 19.15\t9 Hours\tDocumentation on Absolute URLs of Sodimac Nav images and Analyses on WorkFlows in QA", 
    "createdbyUser" : ObjectId("5aded8f558c28575101c8acf"), 
    "superVisorUser" : ObjectId("5ad5c16779e7326794f0afcf"), 
    "createdDate" : "2018-05-04", 
    "createdAt" : "2018-05-04T13:22:56.144Z", 
    "updatedAt" : "2018-05-04T13:22:56.144Z", 
    "state" : NumberInt(1)
}
{ 
    "_id" : ObjectId("5aec60683f06e716ae55be79"), 
    "Title" : "Sodimac Development", 
    "Task" : ObjectId("5aec60683f06e716ae55be77"), 
    "reportingUser" : ObjectId("5adedab158c28575101c8ae6"), 
    "createdby" : NumberInt(3), 
    "description" : "04/06/2018\t    09.30 - 19.00\t8 Hours\t1. Analyses on Work-Flows and its configuration\r\n                                                                                 2.Create new table Manufacturer, create a relation btw Manufacturer and Product, Write the values to the Table through impex. Check the \r\n                                                                                    table in the Backoffice.", 
    "createdbyUser" : ObjectId("5aded8f558c28575101c8acf"), 
    "superVisorUser" : ObjectId("5ad5c16779e7326794f0afcf"), 
    "createdDate" : "2018-05-04", 
    "createdAt" : "2018-05-04T13:30:16.376Z", 
    "updatedAt" : "2018-05-04T13:30:53.644Z", 
    "state" : NumberInt(1)
}
{ 
    "_id" : ObjectId("5aec60db3f06e716ae55be7c"), 
    "Title" : "WCC Batch Load", 
    "Task" : ObjectId("5aec60db3f06e716ae55be7a"), 
    "reportingUser" : ObjectId("5adedab158c28575101c8ae6"), 
    "createdby" : NumberInt(3), 
    "description" : "04/09/2018\t09.50 - 7.30 \t9 Hours\t  1. Helped Jayanthi on WCS local environmental setup\r\n                                                                                   2. Supported Arun for WCC Batch Load", 
    "createdbyUser" : ObjectId("5aded8f558c28575101c8acf"), 
    "superVisorUser" : ObjectId("5ad5c16779e7326794f0afcf"), 
    "createdDate" : "2018-05-04", 
    "createdAt" : "2018-05-04T13:32:11.337Z", 
    "updatedAt" : "2018-05-04T13:32:28.723Z", 
    "state" : NumberInt(1)
}
{ 
    "_id" : ObjectId("5aec611b3f06e716ae55be81"), 
    "Title" : "Sodimac Development", 
    "Task" : ObjectId("5aec611b3f06e716ae55be7f"), 
    "reportingUser" : ObjectId("5adedab158c28575101c8ae6"), 
    "createdby" : NumberInt(3), 
    "description" : "04/10/2018\t  10.00 - 19.00\t9 Hours\t 1. Tested vanity URLs of all QA Sodimac Pages\r\n                                                                                  2. Verification of WCC Batch load files", 
    "createdbyUser" : ObjectId("5aded8f558c28575101c8acf"), 
    "superVisorUser" : ObjectId("5ad5c16779e7326794f0afcf"), 
    "createdDate" : "2018-05-04", 
    "createdAt" : "2018-05-04T13:33:15.222Z", 
    "updatedAt" : "2018-05-04T13:33:15.222Z", 
    "state" : NumberInt(1)
}
{ 
    "_id" : ObjectId("5aec614f3f06e716ae55be84"), 
    "Title" : "Sodimac Development", 
    "Task" : ObjectId("5aec614f3f06e716ae55be82"), 
    "reportingUser" : ObjectId("5adedab158c28575101c8ae6"), 
    "createdby" : NumberInt(3), 
    "description" : "04/11/2018\t  10.00 - 19.01\t9 Hours\t  1. Verification on Vanity on QA Sodimac Pages\r\n                                                                                  2. Testing on WCC Batch load file\r\n                                                                                  3. Analyses on Hybris commerce part", 
    "createdbyUser" : ObjectId("5aded8f558c28575101c8acf"), 
    "superVisorUser" : ObjectId("5ad5c16779e7326794f0afcf"), 
    "createdDate" : "2018-05-04", 
    "createdAt" : "2018-05-04T13:34:07.778Z", 
    "updatedAt" : "2018-05-04T13:34:07.778Z", 
    "state" : NumberInt(1)
}
{ 
    "_id" : ObjectId("5aec61813f06e716ae55be89"), 
    "Title" : "Hybris Analyses", 
    "Task" : ObjectId("5aec61813f06e716ae55be87"), 
    "reportingUser" : ObjectId("5adedab158c28575101c8ae6"), 
    "createdby" : NumberInt(3), 
    "description" : "04/12/2018      \t09.45 - 19.00\t8 Hours\tAnalyses on Hybris core, wcms", 
    "createdbyUser" : ObjectId("5aded8f558c28575101c8acf"), 
    "superVisorUser" : ObjectId("5ad5c16779e7326794f0afcf"), 
    "createdDate" : "2018-05-04", 
    "createdAt" : "2018-05-04T13:34:57.835Z", 
    "updatedAt" : "2018-05-04T13:34:57.835Z", 
    "state" : NumberInt(1)
}
{ 
    "_id" : ObjectId("5aec61b23f06e716ae55be8c"), 
    "Title" : "Hybris Analyses", 
    "Task" : ObjectId("5aec61b23f06e716ae55be8a"), 
    "reportingUser" : ObjectId("5adedab158c28575101c8ae6"), 
    "createdby" : NumberInt(3), 
    "description" : "04/13/2018      \t09.30 - 19.00\t8 Hours\tAnalyses on Impex, cronjob and flexible search", 
    "createdbyUser" : ObjectId("5aded8f558c28575101c8acf"), 
    "superVisorUser" : ObjectId("5ad5c16779e7326794f0afcf"), 
    "createdDate" : "2018-05-04", 
    "createdAt" : "2018-05-04T13:35:46.400Z", 
    "updatedAt" : "2018-05-04T13:35:46.400Z", 
    "state" : NumberInt(1)
}
{ 
    "_id" : ObjectId("5aec61f23f06e716ae55be91"), 
    "Title" : "Hybris Analyses", 
    "Task" : ObjectId("5aec61f23f06e716ae55be8f"), 
    "reportingUser" : ObjectId("5adedab158c28575101c8ae6"), 
    "createdby" : NumberInt(3), 
    "description" : "04/16/2018  \t10.00 - 19.30\t    9 Hours\tCreating Item type with two attributes with a deployment table, writing the value of attributes through Impex.", 
    "createdbyUser" : ObjectId("5aded8f558c28575101c8acf"), 
    "superVisorUser" : ObjectId("5ad5c16779e7326794f0afcf"), 
    "createdDate" : "2018-05-04", 
    "createdAt" : "2018-05-04T13:36:50.048Z", 
    "updatedAt" : "2018-05-04T13:36:50.048Z", 
    "state" : NumberInt(1)
}
{ 
    "_id" : ObjectId("5aec622f3f06e716ae55be94"), 
    "Title" : "WCS Meeting", 
    "Task" : ObjectId("5aec622f3f06e716ae55be92"), 
    "reportingUser" : ObjectId("5adedab158c28575101c8ae6"), 
    "createdby" : NumberInt(3), 
    "description" : "04/17/2018\t      10.00 - 19.15\t9 Hours\t  1. Call with Hadassah discussing on Workflow, Mail server config and Publishing.\r\n                                                                                          2. Analyses of Spring security and Solr search.", 
    "createdbyUser" : ObjectId("5aded8f558c28575101c8acf"), 
    "superVisorUser" : ObjectId("5ad5c16779e7326794f0afcf"), 
    "createdDate" : "2018-05-04", 
    "createdAt" : "2018-05-04T13:37:51.144Z", 
    "updatedAt" : "2018-05-04T13:37:51.144Z", 
    "state" : NumberInt(1)
}
{ 
    "_id" : ObjectId("5aec62873f06e716ae55be97"), 
    "Title" : "WCS Meeting", 
    "Task" : ObjectId("5aec62873f06e716ae55be95"), 
    "reportingUser" : ObjectId("5adedab158c28575101c8ae6"), 
    "createdby" : NumberInt(3), 
    "description" : "04/18/2018   \t09.30 - 19.30 \t9 Hours\t     1. Call with Hadassa discussing on Web Root and Creating vanity URLs.\r\n                                                                                             2. Analyses on Solr indexing.", 
    "createdbyUser" : ObjectId("5aded8f558c28575101c8acf"), 
    "superVisorUser" : ObjectId("5ad5c16779e7326794f0afcf"), 
    "createdDate" : "2018-05-04", 
    "createdAt" : "2018-05-04T13:39:19.298Z", 
    "updatedAt" : "2018-05-04T13:39:19.298Z", 
    "state" : NumberInt(1)
}
{ 
    "_id" : ObjectId("5aec62c23f06e716ae55be9a"), 
    "Title" : "WCS Development", 
    "Task" : ObjectId("5aec62c23f06e716ae55be98"), 
    "reportingUser" : ObjectId("5adedab158c28575101c8ae6"), 
    "createdby" : NumberInt(3), 
    "description" : "04/19/2018 \t09.30 - 19.15 \t9 Hours\tWorked on MediaS2Awidget template and controllers", 
    "createdbyUser" : ObjectId("5aded8f558c28575101c8acf"), 
    "superVisorUser" : ObjectId("5ad5c16779e7326794f0afcf"), 
    "createdDate" : "2018-05-04", 
    "createdAt" : "2018-05-04T13:40:18.050Z", 
    "updatedAt" : "2018-05-04T13:40:18.050Z", 
    "state" : NumberInt(1)
}
{ 
    "_id" : ObjectId("5aec62e53f06e716ae55be9d"), 
    "Title" : "RRS Page source analyses", 
    "Task" : ObjectId("5aec62e53f06e716ae55be9b"), 
    "reportingUser" : ObjectId("5adedab158c28575101c8ae6"), 
    "createdby" : NumberInt(3), 
    "description" : "04/20/2018       09.00 - 4.00\t    6 Hours\t    RRS analytics for Internal data collection", 
    "createdbyUser" : ObjectId("5aded8f558c28575101c8acf"), 
    "superVisorUser" : ObjectId("5ad5c16779e7326794f0afcf"), 
    "createdDate" : "2018-05-04", 
    "createdAt" : "2018-05-04T13:40:53.611Z", 
    "updatedAt" : "2018-05-04T13:40:53.611Z", 
    "state" : NumberInt(1)
}
{ 
    "_id" : ObjectId("5aec632c3f06e716ae55bea0"), 
    "Title" : "WCS Devlopment", 
    "Task" : ObjectId("5aec632c3f06e716ae55be9e"), 
    "reportingUser" : ObjectId("5adedab158c28575101c8ae6"), 
    "createdby" : NumberInt(3), 
    "description" : "04/23/2018\t     9.00 - 19.40\t 9  Hours\tGeneration of vanity URLs in QA and Call with Hadassa discussing on Workflows and Webroot", 
    "createdbyUser" : ObjectId("5aded8f558c28575101c8acf"), 
    "superVisorUser" : ObjectId("5ad5c16779e7326794f0afcf"), 
    "createdDate" : "2018-05-04", 
    "createdAt" : "2018-05-04T13:42:04.863Z", 
    "updatedAt" : "2018-05-04T13:42:04.863Z", 
    "state" : NumberInt(1)
}
{ 
    "_id" : ObjectId("5aec634a3f06e716ae55bea3"), 
    "Title" : "Sodimac Development", 
    "Task" : ObjectId("5aec634a3f06e716ae55bea1"), 
    "reportingUser" : ObjectId("5adedab158c28575101c8ae6"), 
    "createdby" : NumberInt(3), 
    "description" : "04/24/2018\t         09.00 - 7.00\t9 Hours\tGeneration of vanity URLs in QA and Call with Hadassa discussing on publishing and vanity URLs", 
    "createdbyUser" : ObjectId("5aded8f558c28575101c8acf"), 
    "superVisorUser" : ObjectId("5ad5c16779e7326794f0afcf"), 
    "createdDate" : "2018-05-04", 
    "createdAt" : "2018-05-04T13:42:34.191Z", 
    "updatedAt" : "2018-05-04T13:42:34.191Z", 
    "state" : NumberInt(1)
}
