{ 
    "_id" : {
        "id" : BinData(4, "RQsudlBZSAqKoiVTGP2isw=="), 
        "uid" : BinData(0, "47DEQpj8HBSa+/TImW+5JCeuQeRkm5NMpJWZG3hSuFU=")
    }, 
    "lastUse" : ISODate("2018-04-13T13:57:59.163+0000")
}
{ 
    "_id" : {
        "id" : BinData(4, "04hTn2q8TjiTAG65m83ydg=="), 
        "uid" : BinData(0, "47DEQpj8HBSa+/TImW+5JCeuQeRkm5NMpJWZG3hSuFU=")
    }, 
    "lastUse" : ISODate("2018-04-13T13:57:59.163+0000")
}
{ 
    "_id" : {
        "id" : BinData(4, "5vabzsaDRVGFrAKMPnSUhw=="), 
        "uid" : BinData(0, "47DEQpj8HBSa+/TImW+5JCeuQeRkm5NMpJWZG3hSuFU=")
    }, 
    "lastUse" : ISODate("2018-04-13T13:57:59.163+0000")
}
{ 
    "_id" : {
        "id" : BinData(4, "bxmD0SLpSdKCb0TNkXLoCg=="), 
        "uid" : BinData(0, "47DEQpj8HBSa+/TImW+5JCeuQeRkm5NMpJWZG3hSuFU=")
    }, 
    "lastUse" : ISODate("2018-04-13T13:57:59.163+0000")
}
{ 
    "_id" : {
        "id" : BinData(4, "vulTbm9/Ryu21lkc+Wq+Qw=="), 
        "uid" : BinData(0, "47DEQpj8HBSa+/TImW+5JCeuQeRkm5NMpJWZG3hSuFU=")
    }, 
    "lastUse" : ISODate("2018-04-13T13:57:59.163+0000")
}
{ 
    "_id" : {
        "id" : BinData(4, "zyBAi2HMTaqiPosCfVC5kQ=="), 
        "uid" : BinData(0, "47DEQpj8HBSa+/TImW+5JCeuQeRkm5NMpJWZG3hSuFU=")
    }, 
    "lastUse" : ISODate("2018-04-13T13:57:59.163+0000")
}
{ 
    "_id" : {
        "id" : BinData(4, "mvaBzoJXSRqAGkOfa1wGMg=="), 
        "uid" : BinData(0, "47DEQpj8HBSa+/TImW+5JCeuQeRkm5NMpJWZG3hSuFU=")
    }, 
    "lastUse" : ISODate("2018-04-13T13:57:59.163+0000")
}
{ 
    "_id" : {
        "id" : BinData(4, "CusNYb/sRYitZ8Cex1NQhA=="), 
        "uid" : BinData(0, "47DEQpj8HBSa+/TImW+5JCeuQeRkm5NMpJWZG3hSuFU=")
    }, 
    "lastUse" : ISODate("2018-04-13T13:57:59.163+0000")
}
{ 
    "_id" : {
        "id" : BinData(4, "kqOpoHy6TzygQkJidluFdQ=="), 
        "uid" : BinData(0, "47DEQpj8HBSa+/TImW+5JCeuQeRkm5NMpJWZG3hSuFU=")
    }, 
    "lastUse" : ISODate("2018-04-13T13:57:59.163+0000")
}
{ 
    "_id" : {
        "id" : BinData(4, "39CWqva5RBOmqf4XudSe+Q=="), 
        "uid" : BinData(0, "47DEQpj8HBSa+/TImW+5JCeuQeRkm5NMpJWZG3hSuFU=")
    }, 
    "lastUse" : ISODate("2018-04-13T13:57:59.163+0000")
}
{ 
    "_id" : {
        "id" : BinData(4, "vjnel04mQuyfjxYMMz8Usg=="), 
        "uid" : BinData(0, "47DEQpj8HBSa+/TImW+5JCeuQeRkm5NMpJWZG3hSuFU=")
    }, 
    "lastUse" : ISODate("2018-04-13T13:57:59.163+0000")
}
{ 
    "_id" : {
        "id" : BinData(4, "6vkKQf6dSkqmFu5QD1Mbzg=="), 
        "uid" : BinData(0, "47DEQpj8HBSa+/TImW+5JCeuQeRkm5NMpJWZG3hSuFU=")
    }, 
    "lastUse" : ISODate("2018-04-13T13:57:59.163+0000")
}
