{ 
    "_id" : "DESKTOP-RJ0S4OO-1521466133616", 
    "hostname" : "DESKTOP-RJ0S4OO", 
    "startTime" : ISODate("2018-03-19T13:28:53.000+0000"), 
    "startTimeLocal" : "Mon Mar 19 18:58:53.616", 
    "cmdLine" : {
        "storage" : {
            "dbPath" : "D:\\timesheetdb"
        }
    }, 
    "pid" : NumberLong(2648), 
    "buildinfo" : {
        "version" : "3.6.3", 
        "gitVersion" : "9586e557d54ef70f9ca4b43c26892cd55257e1a5", 
        "targetMinOS" : "Windows 7/Windows Server 2008 R2", 
        "modules" : [

        ], 
        "allocator" : "tcmalloc", 
        "javascriptEngine" : "mozjs", 
        "sysInfo" : "deprecated", 
        "versionArray" : [
            NumberInt(3), 
            NumberInt(6), 
            NumberInt(3), 
            NumberInt(0)
        ], 
        "openssl" : {
            "running" : "OpenSSL 1.0.1u-fips  22 Sep 2016", 
            "compiled" : "OpenSSL 1.0.1u-fips  22 Sep 2016"
        }, 
        "buildEnvironment" : {
            "distmod" : "2008plus-ssl", 
            "distarch" : "x86_64", 
            "cc" : "cl: Microsoft (R) C/C++ Optimizing Compiler Version 19.00.24223 for x64", 
            "ccflags" : "/nologo /EHsc /W3 /wd4355 /wd4800 /wd4267 /wd4244 /wd4290 /wd4068 /wd4351 /wd4373 /we4013 /we4099 /we4930 /WX /Z7 /errorReport:none /MD /O2 /Oy- /bigobj /utf-8 /Zc:rvalueCast /Zc:strictStrings /volatile:iso /Gw /Gy /Zc:inline", 
            "cxx" : "cl: Microsoft (R) C/C++ Optimizing Compiler Version 19.00.24223 for x64", 
            "cxxflags" : "/TP", 
            "linkflags" : "/nologo /DEBUG /INCREMENTAL:NO /LARGEADDRESSAWARE /OPT:REF", 
            "target_arch" : "x86_64", 
            "target_os" : "windows"
        }, 
        "bits" : NumberInt(64), 
        "debug" : false, 
        "maxBsonObjectSize" : NumberInt(16777216), 
        "storageEngines" : [
            "devnull", 
            "ephemeralForTest", 
            "mmapv1", 
            "wiredTiger"
        ]
    }
}
{ 
    "_id" : "DESKTOP-RJ0S4OO-1521466592070", 
    "hostname" : "DESKTOP-RJ0S4OO", 
    "startTime" : ISODate("2018-03-19T13:36:32.000+0000"), 
    "startTimeLocal" : "Mon Mar 19 19:06:32.070", 
    "cmdLine" : {
        "storage" : {
            "dbPath" : "D:\\timesheetdb"
        }
    }, 
    "pid" : NumberLong(8276), 
    "buildinfo" : {
        "version" : "3.6.3", 
        "gitVersion" : "9586e557d54ef70f9ca4b43c26892cd55257e1a5", 
        "targetMinOS" : "Windows 7/Windows Server 2008 R2", 
        "modules" : [

        ], 
        "allocator" : "tcmalloc", 
        "javascriptEngine" : "mozjs", 
        "sysInfo" : "deprecated", 
        "versionArray" : [
            NumberInt(3), 
            NumberInt(6), 
            NumberInt(3), 
            NumberInt(0)
        ], 
        "openssl" : {
            "running" : "OpenSSL 1.0.1u-fips  22 Sep 2016", 
            "compiled" : "OpenSSL 1.0.1u-fips  22 Sep 2016"
        }, 
        "buildEnvironment" : {
            "distmod" : "2008plus-ssl", 
            "distarch" : "x86_64", 
            "cc" : "cl: Microsoft (R) C/C++ Optimizing Compiler Version 19.00.24223 for x64", 
            "ccflags" : "/nologo /EHsc /W3 /wd4355 /wd4800 /wd4267 /wd4244 /wd4290 /wd4068 /wd4351 /wd4373 /we4013 /we4099 /we4930 /WX /Z7 /errorReport:none /MD /O2 /Oy- /bigobj /utf-8 /Zc:rvalueCast /Zc:strictStrings /volatile:iso /Gw /Gy /Zc:inline", 
            "cxx" : "cl: Microsoft (R) C/C++ Optimizing Compiler Version 19.00.24223 for x64", 
            "cxxflags" : "/TP", 
            "linkflags" : "/nologo /DEBUG /INCREMENTAL:NO /LARGEADDRESSAWARE /OPT:REF", 
            "target_arch" : "x86_64", 
            "target_os" : "windows"
        }, 
        "bits" : NumberInt(64), 
        "debug" : false, 
        "maxBsonObjectSize" : NumberInt(16777216), 
        "storageEngines" : [
            "devnull", 
            "ephemeralForTest", 
            "mmapv1", 
            "wiredTiger"
        ]
    }
}
{ 
    "_id" : "DESKTOP-RJ0S4OO-1521466825602", 
    "hostname" : "DESKTOP-RJ0S4OO", 
    "startTime" : ISODate("2018-03-19T13:40:25.000+0000"), 
    "startTimeLocal" : "Mon Mar 19 19:10:25.602", 
    "cmdLine" : {
        "storage" : {
            "dbPath" : "D:\\timesheetdb"
        }
    }, 
    "pid" : NumberLong(1484), 
    "buildinfo" : {
        "version" : "3.6.3", 
        "gitVersion" : "9586e557d54ef70f9ca4b43c26892cd55257e1a5", 
        "targetMinOS" : "Windows 7/Windows Server 2008 R2", 
        "modules" : [

        ], 
        "allocator" : "tcmalloc", 
        "javascriptEngine" : "mozjs", 
        "sysInfo" : "deprecated", 
        "versionArray" : [
            NumberInt(3), 
            NumberInt(6), 
            NumberInt(3), 
            NumberInt(0)
        ], 
        "openssl" : {
            "running" : "OpenSSL 1.0.1u-fips  22 Sep 2016", 
            "compiled" : "OpenSSL 1.0.1u-fips  22 Sep 2016"
        }, 
        "buildEnvironment" : {
            "distmod" : "2008plus-ssl", 
            "distarch" : "x86_64", 
            "cc" : "cl: Microsoft (R) C/C++ Optimizing Compiler Version 19.00.24223 for x64", 
            "ccflags" : "/nologo /EHsc /W3 /wd4355 /wd4800 /wd4267 /wd4244 /wd4290 /wd4068 /wd4351 /wd4373 /we4013 /we4099 /we4930 /WX /Z7 /errorReport:none /MD /O2 /Oy- /bigobj /utf-8 /Zc:rvalueCast /Zc:strictStrings /volatile:iso /Gw /Gy /Zc:inline", 
            "cxx" : "cl: Microsoft (R) C/C++ Optimizing Compiler Version 19.00.24223 for x64", 
            "cxxflags" : "/TP", 
            "linkflags" : "/nologo /DEBUG /INCREMENTAL:NO /LARGEADDRESSAWARE /OPT:REF", 
            "target_arch" : "x86_64", 
            "target_os" : "windows"
        }, 
        "bits" : NumberInt(64), 
        "debug" : false, 
        "maxBsonObjectSize" : NumberInt(16777216), 
        "storageEngines" : [
            "devnull", 
            "ephemeralForTest", 
            "mmapv1", 
            "wiredTiger"
        ]
    }
}
{ 
    "_id" : "DESKTOP-RJ0S4OO-1521519628339", 
    "hostname" : "DESKTOP-RJ0S4OO", 
    "startTime" : ISODate("2018-03-20T04:20:28.000+0000"), 
    "startTimeLocal" : "Tue Mar 20 09:50:28.339", 
    "cmdLine" : {
        "storage" : {
            "dbPath" : "D:\\timesheetdb"
        }
    }, 
    "pid" : NumberLong(1500), 
    "buildinfo" : {
        "version" : "3.6.3", 
        "gitVersion" : "9586e557d54ef70f9ca4b43c26892cd55257e1a5", 
        "targetMinOS" : "Windows 7/Windows Server 2008 R2", 
        "modules" : [

        ], 
        "allocator" : "tcmalloc", 
        "javascriptEngine" : "mozjs", 
        "sysInfo" : "deprecated", 
        "versionArray" : [
            NumberInt(3), 
            NumberInt(6), 
            NumberInt(3), 
            NumberInt(0)
        ], 
        "openssl" : {
            "running" : "OpenSSL 1.0.1u-fips  22 Sep 2016", 
            "compiled" : "OpenSSL 1.0.1u-fips  22 Sep 2016"
        }, 
        "buildEnvironment" : {
            "distmod" : "2008plus-ssl", 
            "distarch" : "x86_64", 
            "cc" : "cl: Microsoft (R) C/C++ Optimizing Compiler Version 19.00.24223 for x64", 
            "ccflags" : "/nologo /EHsc /W3 /wd4355 /wd4800 /wd4267 /wd4244 /wd4290 /wd4068 /wd4351 /wd4373 /we4013 /we4099 /we4930 /WX /Z7 /errorReport:none /MD /O2 /Oy- /bigobj /utf-8 /Zc:rvalueCast /Zc:strictStrings /volatile:iso /Gw /Gy /Zc:inline", 
            "cxx" : "cl: Microsoft (R) C/C++ Optimizing Compiler Version 19.00.24223 for x64", 
            "cxxflags" : "/TP", 
            "linkflags" : "/nologo /DEBUG /INCREMENTAL:NO /LARGEADDRESSAWARE /OPT:REF", 
            "target_arch" : "x86_64", 
            "target_os" : "windows"
        }, 
        "bits" : NumberInt(64), 
        "debug" : false, 
        "maxBsonObjectSize" : NumberInt(16777216), 
        "storageEngines" : [
            "devnull", 
            "ephemeralForTest", 
            "mmapv1", 
            "wiredTiger"
        ]
    }
}
{ 
    "_id" : "DESKTOP-RJ0S4OO-1521709899082", 
    "hostname" : "DESKTOP-RJ0S4OO", 
    "startTime" : ISODate("2018-03-22T09:11:39.000+0000"), 
    "startTimeLocal" : "Thu Mar 22 14:41:39.082", 
    "cmdLine" : {
        "storage" : {
            "dbPath" : "D:\\timesheetdb"
        }
    }, 
    "pid" : NumberLong(8184), 
    "buildinfo" : {
        "version" : "3.6.3", 
        "gitVersion" : "9586e557d54ef70f9ca4b43c26892cd55257e1a5", 
        "targetMinOS" : "Windows 7/Windows Server 2008 R2", 
        "modules" : [

        ], 
        "allocator" : "tcmalloc", 
        "javascriptEngine" : "mozjs", 
        "sysInfo" : "deprecated", 
        "versionArray" : [
            NumberInt(3), 
            NumberInt(6), 
            NumberInt(3), 
            NumberInt(0)
        ], 
        "openssl" : {
            "running" : "OpenSSL 1.0.1u-fips  22 Sep 2016", 
            "compiled" : "OpenSSL 1.0.1u-fips  22 Sep 2016"
        }, 
        "buildEnvironment" : {
            "distmod" : "2008plus-ssl", 
            "distarch" : "x86_64", 
            "cc" : "cl: Microsoft (R) C/C++ Optimizing Compiler Version 19.00.24223 for x64", 
            "ccflags" : "/nologo /EHsc /W3 /wd4355 /wd4800 /wd4267 /wd4244 /wd4290 /wd4068 /wd4351 /wd4373 /we4013 /we4099 /we4930 /WX /Z7 /errorReport:none /MD /O2 /Oy- /bigobj /utf-8 /Zc:rvalueCast /Zc:strictStrings /volatile:iso /Gw /Gy /Zc:inline", 
            "cxx" : "cl: Microsoft (R) C/C++ Optimizing Compiler Version 19.00.24223 for x64", 
            "cxxflags" : "/TP", 
            "linkflags" : "/nologo /DEBUG /INCREMENTAL:NO /LARGEADDRESSAWARE /OPT:REF", 
            "target_arch" : "x86_64", 
            "target_os" : "windows"
        }, 
        "bits" : NumberInt(64), 
        "debug" : false, 
        "maxBsonObjectSize" : NumberInt(16777216), 
        "storageEngines" : [
            "devnull", 
            "ephemeralForTest", 
            "mmapv1", 
            "wiredTiger"
        ]
    }
}
{ 
    "_id" : "DESKTOP-RJ0S4OO-1522212659649", 
    "hostname" : "DESKTOP-RJ0S4OO", 
    "startTime" : ISODate("2018-03-28T04:50:59.000+0000"), 
    "startTimeLocal" : "Wed Mar 28 10:20:59.649", 
    "cmdLine" : {
        "storage" : {
            "dbPath" : "D:\\timesheetdb"
        }
    }, 
    "pid" : NumberLong(2964), 
    "buildinfo" : {
        "version" : "3.6.3", 
        "gitVersion" : "9586e557d54ef70f9ca4b43c26892cd55257e1a5", 
        "targetMinOS" : "Windows 7/Windows Server 2008 R2", 
        "modules" : [

        ], 
        "allocator" : "tcmalloc", 
        "javascriptEngine" : "mozjs", 
        "sysInfo" : "deprecated", 
        "versionArray" : [
            NumberInt(3), 
            NumberInt(6), 
            NumberInt(3), 
            NumberInt(0)
        ], 
        "openssl" : {
            "running" : "OpenSSL 1.0.1u-fips  22 Sep 2016", 
            "compiled" : "OpenSSL 1.0.1u-fips  22 Sep 2016"
        }, 
        "buildEnvironment" : {
            "distmod" : "2008plus-ssl", 
            "distarch" : "x86_64", 
            "cc" : "cl: Microsoft (R) C/C++ Optimizing Compiler Version 19.00.24223 for x64", 
            "ccflags" : "/nologo /EHsc /W3 /wd4355 /wd4800 /wd4267 /wd4244 /wd4290 /wd4068 /wd4351 /wd4373 /we4013 /we4099 /we4930 /WX /Z7 /errorReport:none /MD /O2 /Oy- /bigobj /utf-8 /Zc:rvalueCast /Zc:strictStrings /volatile:iso /Gw /Gy /Zc:inline", 
            "cxx" : "cl: Microsoft (R) C/C++ Optimizing Compiler Version 19.00.24223 for x64", 
            "cxxflags" : "/TP", 
            "linkflags" : "/nologo /DEBUG /INCREMENTAL:NO /LARGEADDRESSAWARE /OPT:REF", 
            "target_arch" : "x86_64", 
            "target_os" : "windows"
        }, 
        "bits" : NumberInt(64), 
        "debug" : false, 
        "maxBsonObjectSize" : NumberInt(16777216), 
        "storageEngines" : [
            "devnull", 
            "ephemeralForTest", 
            "mmapv1", 
            "wiredTiger"
        ]
    }
}
{ 
    "_id" : "DESKTOP-RJ0S4OO-1522243236828", 
    "hostname" : "DESKTOP-RJ0S4OO", 
    "startTime" : ISODate("2018-03-28T13:20:36.000+0000"), 
    "startTimeLocal" : "Wed Mar 28 18:50:36.828", 
    "cmdLine" : {
        "storage" : {
            "dbPath" : "D:\\timesheetdb"
        }
    }, 
    "pid" : NumberLong(9744), 
    "buildinfo" : {
        "version" : "3.6.3", 
        "gitVersion" : "9586e557d54ef70f9ca4b43c26892cd55257e1a5", 
        "targetMinOS" : "Windows 7/Windows Server 2008 R2", 
        "modules" : [

        ], 
        "allocator" : "tcmalloc", 
        "javascriptEngine" : "mozjs", 
        "sysInfo" : "deprecated", 
        "versionArray" : [
            NumberInt(3), 
            NumberInt(6), 
            NumberInt(3), 
            NumberInt(0)
        ], 
        "openssl" : {
            "running" : "OpenSSL 1.0.1u-fips  22 Sep 2016", 
            "compiled" : "OpenSSL 1.0.1u-fips  22 Sep 2016"
        }, 
        "buildEnvironment" : {
            "distmod" : "2008plus-ssl", 
            "distarch" : "x86_64", 
            "cc" : "cl: Microsoft (R) C/C++ Optimizing Compiler Version 19.00.24223 for x64", 
            "ccflags" : "/nologo /EHsc /W3 /wd4355 /wd4800 /wd4267 /wd4244 /wd4290 /wd4068 /wd4351 /wd4373 /we4013 /we4099 /we4930 /WX /Z7 /errorReport:none /MD /O2 /Oy- /bigobj /utf-8 /Zc:rvalueCast /Zc:strictStrings /volatile:iso /Gw /Gy /Zc:inline", 
            "cxx" : "cl: Microsoft (R) C/C++ Optimizing Compiler Version 19.00.24223 for x64", 
            "cxxflags" : "/TP", 
            "linkflags" : "/nologo /DEBUG /INCREMENTAL:NO /LARGEADDRESSAWARE /OPT:REF", 
            "target_arch" : "x86_64", 
            "target_os" : "windows"
        }, 
        "bits" : NumberInt(64), 
        "debug" : false, 
        "maxBsonObjectSize" : NumberInt(16777216), 
        "storageEngines" : [
            "devnull", 
            "ephemeralForTest", 
            "mmapv1", 
            "wiredTiger"
        ]
    }
}
{ 
    "_id" : "DESKTOP-RJ0S4OO-1522298048329", 
    "hostname" : "DESKTOP-RJ0S4OO", 
    "startTime" : ISODate("2018-03-29T04:34:08.000+0000"), 
    "startTimeLocal" : "Thu Mar 29 10:04:08.329", 
    "cmdLine" : {
        "storage" : {
            "dbPath" : "D:\\timesheetdb"
        }
    }, 
    "pid" : NumberLong(4948), 
    "buildinfo" : {
        "version" : "3.6.3", 
        "gitVersion" : "9586e557d54ef70f9ca4b43c26892cd55257e1a5", 
        "targetMinOS" : "Windows 7/Windows Server 2008 R2", 
        "modules" : [

        ], 
        "allocator" : "tcmalloc", 
        "javascriptEngine" : "mozjs", 
        "sysInfo" : "deprecated", 
        "versionArray" : [
            NumberInt(3), 
            NumberInt(6), 
            NumberInt(3), 
            NumberInt(0)
        ], 
        "openssl" : {
            "running" : "OpenSSL 1.0.1u-fips  22 Sep 2016", 
            "compiled" : "OpenSSL 1.0.1u-fips  22 Sep 2016"
        }, 
        "buildEnvironment" : {
            "distmod" : "2008plus-ssl", 
            "distarch" : "x86_64", 
            "cc" : "cl: Microsoft (R) C/C++ Optimizing Compiler Version 19.00.24223 for x64", 
            "ccflags" : "/nologo /EHsc /W3 /wd4355 /wd4800 /wd4267 /wd4244 /wd4290 /wd4068 /wd4351 /wd4373 /we4013 /we4099 /we4930 /WX /Z7 /errorReport:none /MD /O2 /Oy- /bigobj /utf-8 /Zc:rvalueCast /Zc:strictStrings /volatile:iso /Gw /Gy /Zc:inline", 
            "cxx" : "cl: Microsoft (R) C/C++ Optimizing Compiler Version 19.00.24223 for x64", 
            "cxxflags" : "/TP", 
            "linkflags" : "/nologo /DEBUG /INCREMENTAL:NO /LARGEADDRESSAWARE /OPT:REF", 
            "target_arch" : "x86_64", 
            "target_os" : "windows"
        }, 
        "bits" : NumberInt(64), 
        "debug" : false, 
        "maxBsonObjectSize" : NumberInt(16777216), 
        "storageEngines" : [
            "devnull", 
            "ephemeralForTest", 
            "mmapv1", 
            "wiredTiger"
        ]
    }
}
{ 
    "_id" : "DESKTOP-RJ0S4OO-1522318617558", 
    "hostname" : "DESKTOP-RJ0S4OO", 
    "startTime" : ISODate("2018-03-29T10:16:57.000+0000"), 
    "startTimeLocal" : "Thu Mar 29 15:46:57.558", 
    "cmdLine" : {
        "storage" : {
            "dbPath" : "D:\\timesheetdb"
        }
    }, 
    "pid" : NumberLong(9440), 
    "buildinfo" : {
        "version" : "3.6.3", 
        "gitVersion" : "9586e557d54ef70f9ca4b43c26892cd55257e1a5", 
        "targetMinOS" : "Windows 7/Windows Server 2008 R2", 
        "modules" : [

        ], 
        "allocator" : "tcmalloc", 
        "javascriptEngine" : "mozjs", 
        "sysInfo" : "deprecated", 
        "versionArray" : [
            NumberInt(3), 
            NumberInt(6), 
            NumberInt(3), 
            NumberInt(0)
        ], 
        "openssl" : {
            "running" : "OpenSSL 1.0.1u-fips  22 Sep 2016", 
            "compiled" : "OpenSSL 1.0.1u-fips  22 Sep 2016"
        }, 
        "buildEnvironment" : {
            "distmod" : "2008plus-ssl", 
            "distarch" : "x86_64", 
            "cc" : "cl: Microsoft (R) C/C++ Optimizing Compiler Version 19.00.24223 for x64", 
            "ccflags" : "/nologo /EHsc /W3 /wd4355 /wd4800 /wd4267 /wd4244 /wd4290 /wd4068 /wd4351 /wd4373 /we4013 /we4099 /we4930 /WX /Z7 /errorReport:none /MD /O2 /Oy- /bigobj /utf-8 /Zc:rvalueCast /Zc:strictStrings /volatile:iso /Gw /Gy /Zc:inline", 
            "cxx" : "cl: Microsoft (R) C/C++ Optimizing Compiler Version 19.00.24223 for x64", 
            "cxxflags" : "/TP", 
            "linkflags" : "/nologo /DEBUG /INCREMENTAL:NO /LARGEADDRESSAWARE /OPT:REF", 
            "target_arch" : "x86_64", 
            "target_os" : "windows"
        }, 
        "bits" : NumberInt(64), 
        "debug" : false, 
        "maxBsonObjectSize" : NumberInt(16777216), 
        "storageEngines" : [
            "devnull", 
            "ephemeralForTest", 
            "mmapv1", 
            "wiredTiger"
        ]
    }
}
{ 
    "_id" : "DESKTOP-RJ0S4OO-1522642820085", 
    "hostname" : "DESKTOP-RJ0S4OO", 
    "startTime" : ISODate("2018-04-02T04:20:20.000+0000"), 
    "startTimeLocal" : "Mon Apr  2 09:50:20.085", 
    "cmdLine" : {
        "storage" : {
            "dbPath" : "D:\\timesheetdb"
        }
    }, 
    "pid" : NumberLong(10752), 
    "buildinfo" : {
        "version" : "3.6.3", 
        "gitVersion" : "9586e557d54ef70f9ca4b43c26892cd55257e1a5", 
        "targetMinOS" : "Windows 7/Windows Server 2008 R2", 
        "modules" : [

        ], 
        "allocator" : "tcmalloc", 
        "javascriptEngine" : "mozjs", 
        "sysInfo" : "deprecated", 
        "versionArray" : [
            NumberInt(3), 
            NumberInt(6), 
            NumberInt(3), 
            NumberInt(0)
        ], 
        "openssl" : {
            "running" : "OpenSSL 1.0.1u-fips  22 Sep 2016", 
            "compiled" : "OpenSSL 1.0.1u-fips  22 Sep 2016"
        }, 
        "buildEnvironment" : {
            "distmod" : "2008plus-ssl", 
            "distarch" : "x86_64", 
            "cc" : "cl: Microsoft (R) C/C++ Optimizing Compiler Version 19.00.24223 for x64", 
            "ccflags" : "/nologo /EHsc /W3 /wd4355 /wd4800 /wd4267 /wd4244 /wd4290 /wd4068 /wd4351 /wd4373 /we4013 /we4099 /we4930 /WX /Z7 /errorReport:none /MD /O2 /Oy- /bigobj /utf-8 /Zc:rvalueCast /Zc:strictStrings /volatile:iso /Gw /Gy /Zc:inline", 
            "cxx" : "cl: Microsoft (R) C/C++ Optimizing Compiler Version 19.00.24223 for x64", 
            "cxxflags" : "/TP", 
            "linkflags" : "/nologo /DEBUG /INCREMENTAL:NO /LARGEADDRESSAWARE /OPT:REF", 
            "target_arch" : "x86_64", 
            "target_os" : "windows"
        }, 
        "bits" : NumberInt(64), 
        "debug" : false, 
        "maxBsonObjectSize" : NumberInt(16777216), 
        "storageEngines" : [
            "devnull", 
            "ephemeralForTest", 
            "mmapv1", 
            "wiredTiger"
        ]
    }
}
{ 
    "_id" : "DESKTOP-RJ0S4OO-1522672352813", 
    "hostname" : "DESKTOP-RJ0S4OO", 
    "startTime" : ISODate("2018-04-02T12:32:32.000+0000"), 
    "startTimeLocal" : "Mon Apr  2 18:02:32.813", 
    "cmdLine" : {
        "storage" : {
            "dbPath" : "D:\\timesheetdb"
        }
    }, 
    "pid" : NumberLong(10784), 
    "buildinfo" : {
        "version" : "3.6.3", 
        "gitVersion" : "9586e557d54ef70f9ca4b43c26892cd55257e1a5", 
        "targetMinOS" : "Windows 7/Windows Server 2008 R2", 
        "modules" : [

        ], 
        "allocator" : "tcmalloc", 
        "javascriptEngine" : "mozjs", 
        "sysInfo" : "deprecated", 
        "versionArray" : [
            NumberInt(3), 
            NumberInt(6), 
            NumberInt(3), 
            NumberInt(0)
        ], 
        "openssl" : {
            "running" : "OpenSSL 1.0.1u-fips  22 Sep 2016", 
            "compiled" : "OpenSSL 1.0.1u-fips  22 Sep 2016"
        }, 
        "buildEnvironment" : {
            "distmod" : "2008plus-ssl", 
            "distarch" : "x86_64", 
            "cc" : "cl: Microsoft (R) C/C++ Optimizing Compiler Version 19.00.24223 for x64", 
            "ccflags" : "/nologo /EHsc /W3 /wd4355 /wd4800 /wd4267 /wd4244 /wd4290 /wd4068 /wd4351 /wd4373 /we4013 /we4099 /we4930 /WX /Z7 /errorReport:none /MD /O2 /Oy- /bigobj /utf-8 /Zc:rvalueCast /Zc:strictStrings /volatile:iso /Gw /Gy /Zc:inline", 
            "cxx" : "cl: Microsoft (R) C/C++ Optimizing Compiler Version 19.00.24223 for x64", 
            "cxxflags" : "/TP", 
            "linkflags" : "/nologo /DEBUG /INCREMENTAL:NO /LARGEADDRESSAWARE /OPT:REF", 
            "target_arch" : "x86_64", 
            "target_os" : "windows"
        }, 
        "bits" : NumberInt(64), 
        "debug" : false, 
        "maxBsonObjectSize" : NumberInt(16777216), 
        "storageEngines" : [
            "devnull", 
            "ephemeralForTest", 
            "mmapv1", 
            "wiredTiger"
        ]
    }
}
{ 
    "_id" : "DESKTOP-RJ0S4OO-1522729182566", 
    "hostname" : "DESKTOP-RJ0S4OO", 
    "startTime" : ISODate("2018-04-03T04:19:42.000+0000"), 
    "startTimeLocal" : "Tue Apr  3 09:49:42.566", 
    "cmdLine" : {
        "storage" : {
            "dbPath" : "D:\\timesheetdb"
        }
    }, 
    "pid" : NumberLong(8624), 
    "buildinfo" : {
        "version" : "3.6.3", 
        "gitVersion" : "9586e557d54ef70f9ca4b43c26892cd55257e1a5", 
        "targetMinOS" : "Windows 7/Windows Server 2008 R2", 
        "modules" : [

        ], 
        "allocator" : "tcmalloc", 
        "javascriptEngine" : "mozjs", 
        "sysInfo" : "deprecated", 
        "versionArray" : [
            NumberInt(3), 
            NumberInt(6), 
            NumberInt(3), 
            NumberInt(0)
        ], 
        "openssl" : {
            "running" : "OpenSSL 1.0.1u-fips  22 Sep 2016", 
            "compiled" : "OpenSSL 1.0.1u-fips  22 Sep 2016"
        }, 
        "buildEnvironment" : {
            "distmod" : "2008plus-ssl", 
            "distarch" : "x86_64", 
            "cc" : "cl: Microsoft (R) C/C++ Optimizing Compiler Version 19.00.24223 for x64", 
            "ccflags" : "/nologo /EHsc /W3 /wd4355 /wd4800 /wd4267 /wd4244 /wd4290 /wd4068 /wd4351 /wd4373 /we4013 /we4099 /we4930 /WX /Z7 /errorReport:none /MD /O2 /Oy- /bigobj /utf-8 /Zc:rvalueCast /Zc:strictStrings /volatile:iso /Gw /Gy /Zc:inline", 
            "cxx" : "cl: Microsoft (R) C/C++ Optimizing Compiler Version 19.00.24223 for x64", 
            "cxxflags" : "/TP", 
            "linkflags" : "/nologo /DEBUG /INCREMENTAL:NO /LARGEADDRESSAWARE /OPT:REF", 
            "target_arch" : "x86_64", 
            "target_os" : "windows"
        }, 
        "bits" : NumberInt(64), 
        "debug" : false, 
        "maxBsonObjectSize" : NumberInt(16777216), 
        "storageEngines" : [
            "devnull", 
            "ephemeralForTest", 
            "mmapv1", 
            "wiredTiger"
        ]
    }
}
{ 
    "_id" : "DESKTOP-RJ0S4OO-1522816249196", 
    "hostname" : "DESKTOP-RJ0S4OO", 
    "startTime" : ISODate("2018-04-04T04:30:49.000+0000"), 
    "startTimeLocal" : "Wed Apr  4 10:00:49.196", 
    "cmdLine" : {
        "storage" : {
            "dbPath" : "D:\\timesheetdb"
        }
    }, 
    "pid" : NumberLong(12764), 
    "buildinfo" : {
        "version" : "3.6.3", 
        "gitVersion" : "9586e557d54ef70f9ca4b43c26892cd55257e1a5", 
        "targetMinOS" : "Windows 7/Windows Server 2008 R2", 
        "modules" : [

        ], 
        "allocator" : "tcmalloc", 
        "javascriptEngine" : "mozjs", 
        "sysInfo" : "deprecated", 
        "versionArray" : [
            NumberInt(3), 
            NumberInt(6), 
            NumberInt(3), 
            NumberInt(0)
        ], 
        "openssl" : {
            "running" : "OpenSSL 1.0.1u-fips  22 Sep 2016", 
            "compiled" : "OpenSSL 1.0.1u-fips  22 Sep 2016"
        }, 
        "buildEnvironment" : {
            "distmod" : "2008plus-ssl", 
            "distarch" : "x86_64", 
            "cc" : "cl: Microsoft (R) C/C++ Optimizing Compiler Version 19.00.24223 for x64", 
            "ccflags" : "/nologo /EHsc /W3 /wd4355 /wd4800 /wd4267 /wd4244 /wd4290 /wd4068 /wd4351 /wd4373 /we4013 /we4099 /we4930 /WX /Z7 /errorReport:none /MD /O2 /Oy- /bigobj /utf-8 /Zc:rvalueCast /Zc:strictStrings /volatile:iso /Gw /Gy /Zc:inline", 
            "cxx" : "cl: Microsoft (R) C/C++ Optimizing Compiler Version 19.00.24223 for x64", 
            "cxxflags" : "/TP", 
            "linkflags" : "/nologo /DEBUG /INCREMENTAL:NO /LARGEADDRESSAWARE /OPT:REF", 
            "target_arch" : "x86_64", 
            "target_os" : "windows"
        }, 
        "bits" : NumberInt(64), 
        "debug" : false, 
        "maxBsonObjectSize" : NumberInt(16777216), 
        "storageEngines" : [
            "devnull", 
            "ephemeralForTest", 
            "mmapv1", 
            "wiredTiger"
        ]
    }
}
{ 
    "_id" : "DESKTOP-RJ0S4OO-1522902195566", 
    "hostname" : "DESKTOP-RJ0S4OO", 
    "startTime" : ISODate("2018-04-05T04:23:15.000+0000"), 
    "startTimeLocal" : "Thu Apr  5 09:53:15.566", 
    "cmdLine" : {
        "storage" : {
            "dbPath" : "D:\\timesheetdb"
        }
    }, 
    "pid" : NumberLong(8864), 
    "buildinfo" : {
        "version" : "3.6.3", 
        "gitVersion" : "9586e557d54ef70f9ca4b43c26892cd55257e1a5", 
        "targetMinOS" : "Windows 7/Windows Server 2008 R2", 
        "modules" : [

        ], 
        "allocator" : "tcmalloc", 
        "javascriptEngine" : "mozjs", 
        "sysInfo" : "deprecated", 
        "versionArray" : [
            NumberInt(3), 
            NumberInt(6), 
            NumberInt(3), 
            NumberInt(0)
        ], 
        "openssl" : {
            "running" : "OpenSSL 1.0.1u-fips  22 Sep 2016", 
            "compiled" : "OpenSSL 1.0.1u-fips  22 Sep 2016"
        }, 
        "buildEnvironment" : {
            "distmod" : "2008plus-ssl", 
            "distarch" : "x86_64", 
            "cc" : "cl: Microsoft (R) C/C++ Optimizing Compiler Version 19.00.24223 for x64", 
            "ccflags" : "/nologo /EHsc /W3 /wd4355 /wd4800 /wd4267 /wd4244 /wd4290 /wd4068 /wd4351 /wd4373 /we4013 /we4099 /we4930 /WX /Z7 /errorReport:none /MD /O2 /Oy- /bigobj /utf-8 /Zc:rvalueCast /Zc:strictStrings /volatile:iso /Gw /Gy /Zc:inline", 
            "cxx" : "cl: Microsoft (R) C/C++ Optimizing Compiler Version 19.00.24223 for x64", 
            "cxxflags" : "/TP", 
            "linkflags" : "/nologo /DEBUG /INCREMENTAL:NO /LARGEADDRESSAWARE /OPT:REF", 
            "target_arch" : "x86_64", 
            "target_os" : "windows"
        }, 
        "bits" : NumberInt(64), 
        "debug" : false, 
        "maxBsonObjectSize" : NumberInt(16777216), 
        "storageEngines" : [
            "devnull", 
            "ephemeralForTest", 
            "mmapv1", 
            "wiredTiger"
        ]
    }
}
{ 
    "_id" : "DESKTOP-RJ0S4OO-1522989852532", 
    "hostname" : "DESKTOP-RJ0S4OO", 
    "startTime" : ISODate("2018-04-06T04:44:12.000+0000"), 
    "startTimeLocal" : "Fri Apr  6 10:14:12.533", 
    "cmdLine" : {
        "storage" : {
            "dbPath" : "D:\\timesheetdb"
        }
    }, 
    "pid" : NumberLong(8564), 
    "buildinfo" : {
        "version" : "3.6.3", 
        "gitVersion" : "9586e557d54ef70f9ca4b43c26892cd55257e1a5", 
        "targetMinOS" : "Windows 7/Windows Server 2008 R2", 
        "modules" : [

        ], 
        "allocator" : "tcmalloc", 
        "javascriptEngine" : "mozjs", 
        "sysInfo" : "deprecated", 
        "versionArray" : [
            NumberInt(3), 
            NumberInt(6), 
            NumberInt(3), 
            NumberInt(0)
        ], 
        "openssl" : {
            "running" : "OpenSSL 1.0.1u-fips  22 Sep 2016", 
            "compiled" : "OpenSSL 1.0.1u-fips  22 Sep 2016"
        }, 
        "buildEnvironment" : {
            "distmod" : "2008plus-ssl", 
            "distarch" : "x86_64", 
            "cc" : "cl: Microsoft (R) C/C++ Optimizing Compiler Version 19.00.24223 for x64", 
            "ccflags" : "/nologo /EHsc /W3 /wd4355 /wd4800 /wd4267 /wd4244 /wd4290 /wd4068 /wd4351 /wd4373 /we4013 /we4099 /we4930 /WX /Z7 /errorReport:none /MD /O2 /Oy- /bigobj /utf-8 /Zc:rvalueCast /Zc:strictStrings /volatile:iso /Gw /Gy /Zc:inline", 
            "cxx" : "cl: Microsoft (R) C/C++ Optimizing Compiler Version 19.00.24223 for x64", 
            "cxxflags" : "/TP", 
            "linkflags" : "/nologo /DEBUG /INCREMENTAL:NO /LARGEADDRESSAWARE /OPT:REF", 
            "target_arch" : "x86_64", 
            "target_os" : "windows"
        }, 
        "bits" : NumberInt(64), 
        "debug" : false, 
        "maxBsonObjectSize" : NumberInt(16777216), 
        "storageEngines" : [
            "devnull", 
            "ephemeralForTest", 
            "mmapv1", 
            "wiredTiger"
        ]
    }
}
{ 
    "_id" : "DESKTOP-RJ0S4OO-1523247663954", 
    "hostname" : "DESKTOP-RJ0S4OO", 
    "startTime" : ISODate("2018-04-09T04:21:03.000+0000"), 
    "startTimeLocal" : "Mon Apr  9 09:51:03.954", 
    "cmdLine" : {
        "storage" : {
            "dbPath" : "D:\\timesheetdb"
        }
    }, 
    "pid" : NumberLong(9712), 
    "buildinfo" : {
        "version" : "3.6.3", 
        "gitVersion" : "9586e557d54ef70f9ca4b43c26892cd55257e1a5", 
        "targetMinOS" : "Windows 7/Windows Server 2008 R2", 
        "modules" : [

        ], 
        "allocator" : "tcmalloc", 
        "javascriptEngine" : "mozjs", 
        "sysInfo" : "deprecated", 
        "versionArray" : [
            NumberInt(3), 
            NumberInt(6), 
            NumberInt(3), 
            NumberInt(0)
        ], 
        "openssl" : {
            "running" : "OpenSSL 1.0.1u-fips  22 Sep 2016", 
            "compiled" : "OpenSSL 1.0.1u-fips  22 Sep 2016"
        }, 
        "buildEnvironment" : {
            "distmod" : "2008plus-ssl", 
            "distarch" : "x86_64", 
            "cc" : "cl: Microsoft (R) C/C++ Optimizing Compiler Version 19.00.24223 for x64", 
            "ccflags" : "/nologo /EHsc /W3 /wd4355 /wd4800 /wd4267 /wd4244 /wd4290 /wd4068 /wd4351 /wd4373 /we4013 /we4099 /we4930 /WX /Z7 /errorReport:none /MD /O2 /Oy- /bigobj /utf-8 /Zc:rvalueCast /Zc:strictStrings /volatile:iso /Gw /Gy /Zc:inline", 
            "cxx" : "cl: Microsoft (R) C/C++ Optimizing Compiler Version 19.00.24223 for x64", 
            "cxxflags" : "/TP", 
            "linkflags" : "/nologo /DEBUG /INCREMENTAL:NO /LARGEADDRESSAWARE /OPT:REF", 
            "target_arch" : "x86_64", 
            "target_os" : "windows"
        }, 
        "bits" : NumberInt(64), 
        "debug" : false, 
        "maxBsonObjectSize" : NumberInt(16777216), 
        "storageEngines" : [
            "devnull", 
            "ephemeralForTest", 
            "mmapv1", 
            "wiredTiger"
        ]
    }
}
{ 
    "_id" : "DESKTOP-RJ0S4OO-1523333413601", 
    "hostname" : "DESKTOP-RJ0S4OO", 
    "startTime" : ISODate("2018-04-10T04:10:13.000+0000"), 
    "startTimeLocal" : "Tue Apr 10 09:40:13.601", 
    "cmdLine" : {
        "storage" : {
            "dbPath" : "D:\\timesheetdb"
        }
    }, 
    "pid" : NumberLong(8724), 
    "buildinfo" : {
        "version" : "3.6.3", 
        "gitVersion" : "9586e557d54ef70f9ca4b43c26892cd55257e1a5", 
        "targetMinOS" : "Windows 7/Windows Server 2008 R2", 
        "modules" : [

        ], 
        "allocator" : "tcmalloc", 
        "javascriptEngine" : "mozjs", 
        "sysInfo" : "deprecated", 
        "versionArray" : [
            NumberInt(3), 
            NumberInt(6), 
            NumberInt(3), 
            NumberInt(0)
        ], 
        "openssl" : {
            "running" : "OpenSSL 1.0.1u-fips  22 Sep 2016", 
            "compiled" : "OpenSSL 1.0.1u-fips  22 Sep 2016"
        }, 
        "buildEnvironment" : {
            "distmod" : "2008plus-ssl", 
            "distarch" : "x86_64", 
            "cc" : "cl: Microsoft (R) C/C++ Optimizing Compiler Version 19.00.24223 for x64", 
            "ccflags" : "/nologo /EHsc /W3 /wd4355 /wd4800 /wd4267 /wd4244 /wd4290 /wd4068 /wd4351 /wd4373 /we4013 /we4099 /we4930 /WX /Z7 /errorReport:none /MD /O2 /Oy- /bigobj /utf-8 /Zc:rvalueCast /Zc:strictStrings /volatile:iso /Gw /Gy /Zc:inline", 
            "cxx" : "cl: Microsoft (R) C/C++ Optimizing Compiler Version 19.00.24223 for x64", 
            "cxxflags" : "/TP", 
            "linkflags" : "/nologo /DEBUG /INCREMENTAL:NO /LARGEADDRESSAWARE /OPT:REF", 
            "target_arch" : "x86_64", 
            "target_os" : "windows"
        }, 
        "bits" : NumberInt(64), 
        "debug" : false, 
        "maxBsonObjectSize" : NumberInt(16777216), 
        "storageEngines" : [
            "devnull", 
            "ephemeralForTest", 
            "mmapv1", 
            "wiredTiger"
        ]
    }
}
{ 
    "_id" : "DESKTOP-RJ0S4OO-1523419950263", 
    "hostname" : "DESKTOP-RJ0S4OO", 
    "startTime" : ISODate("2018-04-11T04:12:30.000+0000"), 
    "startTimeLocal" : "Wed Apr 11 09:42:30.263", 
    "cmdLine" : {
        "storage" : {
            "dbPath" : "D:\\timesheetdb"
        }
    }, 
    "pid" : NumberLong(11980), 
    "buildinfo" : {
        "version" : "3.6.3", 
        "gitVersion" : "9586e557d54ef70f9ca4b43c26892cd55257e1a5", 
        "targetMinOS" : "Windows 7/Windows Server 2008 R2", 
        "modules" : [

        ], 
        "allocator" : "tcmalloc", 
        "javascriptEngine" : "mozjs", 
        "sysInfo" : "deprecated", 
        "versionArray" : [
            NumberInt(3), 
            NumberInt(6), 
            NumberInt(3), 
            NumberInt(0)
        ], 
        "openssl" : {
            "running" : "OpenSSL 1.0.1u-fips  22 Sep 2016", 
            "compiled" : "OpenSSL 1.0.1u-fips  22 Sep 2016"
        }, 
        "buildEnvironment" : {
            "distmod" : "2008plus-ssl", 
            "distarch" : "x86_64", 
            "cc" : "cl: Microsoft (R) C/C++ Optimizing Compiler Version 19.00.24223 for x64", 
            "ccflags" : "/nologo /EHsc /W3 /wd4355 /wd4800 /wd4267 /wd4244 /wd4290 /wd4068 /wd4351 /wd4373 /we4013 /we4099 /we4930 /WX /Z7 /errorReport:none /MD /O2 /Oy- /bigobj /utf-8 /Zc:rvalueCast /Zc:strictStrings /volatile:iso /Gw /Gy /Zc:inline", 
            "cxx" : "cl: Microsoft (R) C/C++ Optimizing Compiler Version 19.00.24223 for x64", 
            "cxxflags" : "/TP", 
            "linkflags" : "/nologo /DEBUG /INCREMENTAL:NO /LARGEADDRESSAWARE /OPT:REF", 
            "target_arch" : "x86_64", 
            "target_os" : "windows"
        }, 
        "bits" : NumberInt(64), 
        "debug" : false, 
        "maxBsonObjectSize" : NumberInt(16777216), 
        "storageEngines" : [
            "devnull", 
            "ephemeralForTest", 
            "mmapv1", 
            "wiredTiger"
        ]
    }
}
{ 
    "_id" : "DESKTOP-RJ0S4OO-1523423802509", 
    "hostname" : "DESKTOP-RJ0S4OO", 
    "startTime" : ISODate("2018-04-11T05:16:42.000+0000"), 
    "startTimeLocal" : "Wed Apr 11 10:46:42.509", 
    "cmdLine" : {
        "storage" : {
            "dbPath" : "D:\\timesheetdb"
        }
    }, 
    "pid" : NumberLong(6376), 
    "buildinfo" : {
        "version" : "3.6.3", 
        "gitVersion" : "9586e557d54ef70f9ca4b43c26892cd55257e1a5", 
        "targetMinOS" : "Windows 7/Windows Server 2008 R2", 
        "modules" : [

        ], 
        "allocator" : "tcmalloc", 
        "javascriptEngine" : "mozjs", 
        "sysInfo" : "deprecated", 
        "versionArray" : [
            NumberInt(3), 
            NumberInt(6), 
            NumberInt(3), 
            NumberInt(0)
        ], 
        "openssl" : {
            "running" : "OpenSSL 1.0.1u-fips  22 Sep 2016", 
            "compiled" : "OpenSSL 1.0.1u-fips  22 Sep 2016"
        }, 
        "buildEnvironment" : {
            "distmod" : "2008plus-ssl", 
            "distarch" : "x86_64", 
            "cc" : "cl: Microsoft (R) C/C++ Optimizing Compiler Version 19.00.24223 for x64", 
            "ccflags" : "/nologo /EHsc /W3 /wd4355 /wd4800 /wd4267 /wd4244 /wd4290 /wd4068 /wd4351 /wd4373 /we4013 /we4099 /we4930 /WX /Z7 /errorReport:none /MD /O2 /Oy- /bigobj /utf-8 /Zc:rvalueCast /Zc:strictStrings /volatile:iso /Gw /Gy /Zc:inline", 
            "cxx" : "cl: Microsoft (R) C/C++ Optimizing Compiler Version 19.00.24223 for x64", 
            "cxxflags" : "/TP", 
            "linkflags" : "/nologo /DEBUG /INCREMENTAL:NO /LARGEADDRESSAWARE /OPT:REF", 
            "target_arch" : "x86_64", 
            "target_os" : "windows"
        }, 
        "bits" : NumberInt(64), 
        "debug" : false, 
        "maxBsonObjectSize" : NumberInt(16777216), 
        "storageEngines" : [
            "devnull", 
            "ephemeralForTest", 
            "mmapv1", 
            "wiredTiger"
        ]
    }
}
{ 
    "_id" : "DESKTOP-RJ0S4OO-1523505705192", 
    "hostname" : "DESKTOP-RJ0S4OO", 
    "startTime" : ISODate("2018-04-12T04:01:45.000+0000"), 
    "startTimeLocal" : "Thu Apr 12 09:31:45.192", 
    "cmdLine" : {
        "storage" : {
            "dbPath" : "D:\\timesheetdb"
        }
    }, 
    "pid" : NumberLong(10160), 
    "buildinfo" : {
        "version" : "3.6.3", 
        "gitVersion" : "9586e557d54ef70f9ca4b43c26892cd55257e1a5", 
        "targetMinOS" : "Windows 7/Windows Server 2008 R2", 
        "modules" : [

        ], 
        "allocator" : "tcmalloc", 
        "javascriptEngine" : "mozjs", 
        "sysInfo" : "deprecated", 
        "versionArray" : [
            NumberInt(3), 
            NumberInt(6), 
            NumberInt(3), 
            NumberInt(0)
        ], 
        "openssl" : {
            "running" : "OpenSSL 1.0.1u-fips  22 Sep 2016", 
            "compiled" : "OpenSSL 1.0.1u-fips  22 Sep 2016"
        }, 
        "buildEnvironment" : {
            "distmod" : "2008plus-ssl", 
            "distarch" : "x86_64", 
            "cc" : "cl: Microsoft (R) C/C++ Optimizing Compiler Version 19.00.24223 for x64", 
            "ccflags" : "/nologo /EHsc /W3 /wd4355 /wd4800 /wd4267 /wd4244 /wd4290 /wd4068 /wd4351 /wd4373 /we4013 /we4099 /we4930 /WX /Z7 /errorReport:none /MD /O2 /Oy- /bigobj /utf-8 /Zc:rvalueCast /Zc:strictStrings /volatile:iso /Gw /Gy /Zc:inline", 
            "cxx" : "cl: Microsoft (R) C/C++ Optimizing Compiler Version 19.00.24223 for x64", 
            "cxxflags" : "/TP", 
            "linkflags" : "/nologo /DEBUG /INCREMENTAL:NO /LARGEADDRESSAWARE /OPT:REF", 
            "target_arch" : "x86_64", 
            "target_os" : "windows"
        }, 
        "bits" : NumberInt(64), 
        "debug" : false, 
        "maxBsonObjectSize" : NumberInt(16777216), 
        "storageEngines" : [
            "devnull", 
            "ephemeralForTest", 
            "mmapv1", 
            "wiredTiger"
        ]
    }
}
{ 
    "_id" : "DESKTOP-RJ0S4OO-1523592470907", 
    "hostname" : "DESKTOP-RJ0S4OO", 
    "startTime" : ISODate("2018-04-13T04:07:50.000+0000"), 
    "startTimeLocal" : "Fri Apr 13 09:37:50.907", 
    "cmdLine" : {
        "storage" : {
            "dbPath" : "D:\\timesheetdb"
        }
    }, 
    "pid" : NumberLong(3496), 
    "buildinfo" : {
        "version" : "3.6.3", 
        "gitVersion" : "9586e557d54ef70f9ca4b43c26892cd55257e1a5", 
        "targetMinOS" : "Windows 7/Windows Server 2008 R2", 
        "modules" : [

        ], 
        "allocator" : "tcmalloc", 
        "javascriptEngine" : "mozjs", 
        "sysInfo" : "deprecated", 
        "versionArray" : [
            NumberInt(3), 
            NumberInt(6), 
            NumberInt(3), 
            NumberInt(0)
        ], 
        "openssl" : {
            "running" : "OpenSSL 1.0.1u-fips  22 Sep 2016", 
            "compiled" : "OpenSSL 1.0.1u-fips  22 Sep 2016"
        }, 
        "buildEnvironment" : {
            "distmod" : "2008plus-ssl", 
            "distarch" : "x86_64", 
            "cc" : "cl: Microsoft (R) C/C++ Optimizing Compiler Version 19.00.24223 for x64", 
            "ccflags" : "/nologo /EHsc /W3 /wd4355 /wd4800 /wd4267 /wd4244 /wd4290 /wd4068 /wd4351 /wd4373 /we4013 /we4099 /we4930 /WX /Z7 /errorReport:none /MD /O2 /Oy- /bigobj /utf-8 /Zc:rvalueCast /Zc:strictStrings /volatile:iso /Gw /Gy /Zc:inline", 
            "cxx" : "cl: Microsoft (R) C/C++ Optimizing Compiler Version 19.00.24223 for x64", 
            "cxxflags" : "/TP", 
            "linkflags" : "/nologo /DEBUG /INCREMENTAL:NO /LARGEADDRESSAWARE /OPT:REF", 
            "target_arch" : "x86_64", 
            "target_os" : "windows"
        }, 
        "bits" : NumberInt(64), 
        "debug" : false, 
        "maxBsonObjectSize" : NumberInt(16777216), 
        "storageEngines" : [
            "devnull", 
            "ephemeralForTest", 
            "mmapv1", 
            "wiredTiger"
        ]
    }
}
{ 
    "_id" : "DESKTOP-RJ0S4OO-1523597412915", 
    "hostname" : "DESKTOP-RJ0S4OO", 
    "startTime" : ISODate("2018-04-13T05:30:12.000+0000"), 
    "startTimeLocal" : "Fri Apr 13 11:00:12.915", 
    "cmdLine" : {
        "storage" : {
            "dbPath" : "D:\\timesheetdb"
        }
    }, 
    "pid" : NumberLong(2140), 
    "buildinfo" : {
        "version" : "3.6.3", 
        "gitVersion" : "9586e557d54ef70f9ca4b43c26892cd55257e1a5", 
        "targetMinOS" : "Windows 7/Windows Server 2008 R2", 
        "modules" : [

        ], 
        "allocator" : "tcmalloc", 
        "javascriptEngine" : "mozjs", 
        "sysInfo" : "deprecated", 
        "versionArray" : [
            NumberInt(3), 
            NumberInt(6), 
            NumberInt(3), 
            NumberInt(0)
        ], 
        "openssl" : {
            "running" : "OpenSSL 1.0.1u-fips  22 Sep 2016", 
            "compiled" : "OpenSSL 1.0.1u-fips  22 Sep 2016"
        }, 
        "buildEnvironment" : {
            "distmod" : "2008plus-ssl", 
            "distarch" : "x86_64", 
            "cc" : "cl: Microsoft (R) C/C++ Optimizing Compiler Version 19.00.24223 for x64", 
            "ccflags" : "/nologo /EHsc /W3 /wd4355 /wd4800 /wd4267 /wd4244 /wd4290 /wd4068 /wd4351 /wd4373 /we4013 /we4099 /we4930 /WX /Z7 /errorReport:none /MD /O2 /Oy- /bigobj /utf-8 /Zc:rvalueCast /Zc:strictStrings /volatile:iso /Gw /Gy /Zc:inline", 
            "cxx" : "cl: Microsoft (R) C/C++ Optimizing Compiler Version 19.00.24223 for x64", 
            "cxxflags" : "/TP", 
            "linkflags" : "/nologo /DEBUG /INCREMENTAL:NO /LARGEADDRESSAWARE /OPT:REF", 
            "target_arch" : "x86_64", 
            "target_os" : "windows"
        }, 
        "bits" : NumberInt(64), 
        "debug" : false, 
        "maxBsonObjectSize" : NumberInt(16777216), 
        "storageEngines" : [
            "devnull", 
            "ephemeralForTest", 
            "mmapv1", 
            "wiredTiger"
        ]
    }
}
