{ 
    "_id" : ObjectId("5a9fd46aa4baa605e484d9e8"), 
    "associate_tasks" : ObjectId("5a94e57f51503c890cf36426"), 
    "task_assignedTo" : ObjectId("5a94e0a751503c890cf36422")
}
{ 
    "_id" : ObjectId("5a9fe1fb43f2940618a78b9e"), 
    "associate_tasks" : ObjectId("5a952facb7b2bfbb650f7493"), 
    "task_assignedTo" : ObjectId("5a94e0a751503c890cf36422")
}
{ 
    "_id" : ObjectId("5a9fe23943f2940618a78ba0"), 
    "associate_tasks" : ObjectId("5a9564c553f6f8c267446a9c"), 
    "task_assignedTo" : ObjectId("5a94e0a751503c890cf36422")
}
