{ 
    "_id" : ObjectId("5a93ef546c4b95a916def3d0"), 
    "projectId" : ObjectId("5a93ef546c4b95a916def3cf"), 
    "dateOfEntry" : ISODate("2018-02-26T00:00:00.000+0000"), 
    "userId" : ObjectId("5a93ef466c4b95a916def3ce"), 
    "comments" : "created new project", 
    "createdAt" : ISODate("2018-02-26T11:28:20.966+0000"), 
    "updatedAt" : ISODate("2018-02-26T11:28:20.966+0000")
}
{ 
    "_id" : ObjectId("5a93ef9b6c4b95a916def3d4"), 
    "projectId" : ObjectId("5a93ef9b6c4b95a916def3d3"), 
    "dateOfEntry" : ISODate("2018-02-26T00:00:00.000+0000"), 
    "userId" : ObjectId("5a93ef046c4b95a916def3cc"), 
    "comments" : "created new project", 
    "createdAt" : ISODate("2018-02-26T11:29:31.326+0000"), 
    "updatedAt" : ISODate("2018-02-26T11:29:31.326+0000")
}
{ 
    "_id" : ObjectId("5a93f1f16c4b95a916def3d6"), 
    "projectId" : ObjectId("5a93f1f16c4b95a916def3d5"), 
    "dateOfEntry" : ISODate("2018-02-26T00:00:00.000+0000"), 
    "userId" : ObjectId("5a93ef046c4b95a916def3cc"), 
    "comments" : "created new project", 
    "createdAt" : ISODate("2018-02-26T11:39:29.788+0000"), 
    "updatedAt" : ISODate("2018-02-26T11:39:29.788+0000")
}
{ 
    "_id" : ObjectId("5a93f1f26c4b95a916def3d8"), 
    "projectId" : ObjectId("5a93f1f26c4b95a916def3d7"), 
    "dateOfEntry" : ISODate("2018-02-26T00:00:00.000+0000"), 
    "userId" : ObjectId("5a93ef046c4b95a916def3cc"), 
    "comments" : "created new project", 
    "createdAt" : ISODate("2018-02-26T11:39:30.843+0000"), 
    "updatedAt" : ISODate("2018-02-26T11:39:30.843+0000")
}
{ 
    "_id" : ObjectId("5a93f1f36c4b95a916def3da"), 
    "projectId" : ObjectId("5a93f1f36c4b95a916def3d9"), 
    "dateOfEntry" : ISODate("2018-02-26T00:00:00.000+0000"), 
    "userId" : ObjectId("5a93ef046c4b95a916def3cc"), 
    "comments" : "created new project", 
    "createdAt" : ISODate("2018-02-26T11:39:31.114+0000"), 
    "updatedAt" : ISODate("2018-02-26T11:39:31.114+0000")
}
{ 
    "_id" : ObjectId("5a93f1f36c4b95a916def3dc"), 
    "projectId" : ObjectId("5a93f1f36c4b95a916def3db"), 
    "dateOfEntry" : ISODate("2018-02-26T00:00:00.000+0000"), 
    "userId" : ObjectId("5a93ef046c4b95a916def3cc"), 
    "comments" : "created new project", 
    "createdAt" : ISODate("2018-02-26T11:39:31.253+0000"), 
    "updatedAt" : ISODate("2018-02-26T11:39:31.253+0000")
}
{ 
    "_id" : ObjectId("5a93f22a6c4b95a916def3de"), 
    "projectId" : ObjectId("5a93f2296c4b95a916def3dd"), 
    "dateOfEntry" : ISODate("2018-02-26T00:00:00.000+0000"), 
    "userId" : ObjectId("5a93ef046c4b95a916def3cc"), 
    "comments" : "created new project", 
    "createdAt" : ISODate("2018-02-26T11:40:25.999+0000"), 
    "updatedAt" : ISODate("2018-02-26T11:40:25.999+0000")
}
{ 
    "_id" : ObjectId("5a94de0d51503c890cf36421"), 
    "projectId" : ObjectId("5a94de0d51503c890cf36420"), 
    "dateOfEntry" : ISODate("2018-02-27T00:00:00.000+0000"), 
    "userId" : ObjectId("5a93ef7c6c4b95a916def3d2"), 
    "comments" : "created new project", 
    "createdAt" : ISODate("2018-02-27T04:26:53.388+0000"), 
    "updatedAt" : ISODate("2018-02-27T04:26:53.388+0000")
}
{ 
    "_id" : ObjectId("5a94e0a751503c890cf36424"), 
    "projectId" : ObjectId("5a94de0d51503c890cf36420"), 
    "dateOfEntry" : ISODate("2018-02-27T00:00:00.000+0000"), 
    "userId" : ObjectId("5a93ef7c6c4b95a916def3d2"), 
    "comments" : "new task Test 1 is add to the Project", 
    "taskId" : ObjectId("5a94e0a751503c890cf36422"), 
    "createdAt" : ISODate("2018-02-27T04:37:59.517+0000"), 
    "updatedAt" : ISODate("2018-02-27T04:37:59.517+0000")
}
{ 
    "_id" : ObjectId("5a952625d3774fc263f521e4"), 
    "projectId" : ObjectId("5a952625d3774fc263f521e3"), 
    "dateOfEntry" : ISODate("2018-02-27T00:00:00.000+0000"), 
    "userId" : ObjectId("5a93ef046c4b95a916def3cc"), 
    "comments" : "created new project", 
    "createdAt" : ISODate("2018-02-27T09:34:29.130+0000"), 
    "updatedAt" : ISODate("2018-02-27T09:34:29.130+0000")
}
{ 
    "_id" : ObjectId("5a95263fd3774fc263f521e6"), 
    "projectId" : ObjectId("5a95263fd3774fc263f521e5"), 
    "dateOfEntry" : ISODate("2018-02-27T00:00:00.000+0000"), 
    "userId" : ObjectId("5a93ef046c4b95a916def3cc"), 
    "comments" : "created new project", 
    "createdAt" : ISODate("2018-02-27T09:34:55.077+0000"), 
    "updatedAt" : ISODate("2018-02-27T09:34:55.077+0000")
}
{ 
    "_id" : ObjectId("5a95265fd3774fc263f521e8"), 
    "projectId" : ObjectId("5a95265fd3774fc263f521e7"), 
    "dateOfEntry" : ISODate("2018-02-27T00:00:00.000+0000"), 
    "userId" : ObjectId("5a93ef046c4b95a916def3cc"), 
    "comments" : "created new project", 
    "createdAt" : ISODate("2018-02-27T09:35:27.435+0000"), 
    "updatedAt" : ISODate("2018-02-27T09:35:27.435+0000")
}
{ 
    "_id" : ObjectId("5a95267dd3774fc263f521ea"), 
    "projectId" : ObjectId("5a95267dd3774fc263f521e9"), 
    "dateOfEntry" : ISODate("2018-02-27T00:00:00.000+0000"), 
    "userId" : ObjectId("5a93ef046c4b95a916def3cc"), 
    "comments" : "created new project", 
    "createdAt" : ISODate("2018-02-27T09:35:57.110+0000"), 
    "updatedAt" : ISODate("2018-02-27T09:35:57.110+0000")
}
{ 
    "_id" : ObjectId("5a95269cd3774fc263f521ec"), 
    "projectId" : ObjectId("5a95269cd3774fc263f521eb"), 
    "dateOfEntry" : ISODate("2018-02-27T00:00:00.000+0000"), 
    "userId" : ObjectId("5a93ef046c4b95a916def3cc"), 
    "comments" : "created new project", 
    "createdAt" : ISODate("2018-02-27T09:36:28.620+0000"), 
    "updatedAt" : ISODate("2018-02-27T09:36:28.620+0000")
}
{ 
    "_id" : ObjectId("5a9528add3774fc263f521ee"), 
    "projectId" : ObjectId("5a9528add3774fc263f521ed"), 
    "dateOfEntry" : ISODate("2018-02-27T00:00:00.000+0000"), 
    "userId" : ObjectId("5a93ef046c4b95a916def3cc"), 
    "comments" : "created new project", 
    "createdAt" : ISODate("2018-02-27T09:45:17.180+0000"), 
    "updatedAt" : ISODate("2018-02-27T09:45:17.180+0000")
}
{ 
    "_id" : ObjectId("5a9528e0d3774fc263f521f0"), 
    "projectId" : ObjectId("5a9528e0d3774fc263f521ef"), 
    "dateOfEntry" : ISODate("2018-02-27T00:00:00.000+0000"), 
    "userId" : ObjectId("5a93ef046c4b95a916def3cc"), 
    "comments" : "created new project", 
    "createdAt" : ISODate("2018-02-27T09:46:08.208+0000"), 
    "updatedAt" : ISODate("2018-02-27T09:46:08.208+0000")
}
{ 
    "_id" : ObjectId("5a952928d3774fc263f521f2"), 
    "projectId" : ObjectId("5a952928d3774fc263f521f1"), 
    "dateOfEntry" : ISODate("2018-02-27T00:00:00.000+0000"), 
    "userId" : ObjectId("5a93ef046c4b95a916def3cc"), 
    "comments" : "created new project", 
    "createdAt" : ISODate("2018-02-27T09:47:20.238+0000"), 
    "updatedAt" : ISODate("2018-02-27T09:47:20.238+0000")
}
{ 
    "_id" : ObjectId("5a952932d3774fc263f521f4"), 
    "projectId" : ObjectId("5a952932d3774fc263f521f3"), 
    "dateOfEntry" : ISODate("2018-02-27T00:00:00.000+0000"), 
    "userId" : ObjectId("5a93ef046c4b95a916def3cc"), 
    "comments" : "created new project", 
    "createdAt" : ISODate("2018-02-27T09:47:30.846+0000"), 
    "updatedAt" : ISODate("2018-02-27T09:47:30.846+0000")
}
{ 
    "_id" : ObjectId("5a952935d3774fc263f521f6"), 
    "projectId" : ObjectId("5a952935d3774fc263f521f5"), 
    "dateOfEntry" : ISODate("2018-02-27T00:00:00.000+0000"), 
    "userId" : ObjectId("5a93ef046c4b95a916def3cc"), 
    "comments" : "created new project", 
    "createdAt" : ISODate("2018-02-27T09:47:33.606+0000"), 
    "updatedAt" : ISODate("2018-02-27T09:47:33.606+0000")
}
{ 
    "_id" : ObjectId("5a952937d3774fc263f521f8"), 
    "projectId" : ObjectId("5a952937d3774fc263f521f7"), 
    "dateOfEntry" : ISODate("2018-02-27T00:00:00.000+0000"), 
    "userId" : ObjectId("5a93ef046c4b95a916def3cc"), 
    "comments" : "created new project", 
    "createdAt" : ISODate("2018-02-27T09:47:35.974+0000"), 
    "updatedAt" : ISODate("2018-02-27T09:47:35.974+0000")
}
{ 
    "_id" : ObjectId("5a952a4bb7b2bfbb650f748d"), 
    "projectId" : ObjectId("5a952a4bb7b2bfbb650f748c"), 
    "dateOfEntry" : ISODate("2018-02-27T00:00:00.000+0000"), 
    "userId" : ObjectId("5a93ef046c4b95a916def3cc"), 
    "comments" : "created new project", 
    "createdAt" : ISODate("2018-02-27T09:52:11.975+0000"), 
    "updatedAt" : ISODate("2018-02-27T09:52:11.975+0000")
}
{ 
    "_id" : ObjectId("5a952ac9b7b2bfbb650f748f"), 
    "projectId" : ObjectId("5a952ac9b7b2bfbb650f748e"), 
    "dateOfEntry" : ISODate("2018-02-27T00:00:00.000+0000"), 
    "userId" : ObjectId("5a93ef046c4b95a916def3cc"), 
    "comments" : "created new project", 
    "createdAt" : ISODate("2018-02-27T09:54:17.611+0000"), 
    "updatedAt" : ISODate("2018-02-27T09:54:17.611+0000")
}
{ 
    "_id" : ObjectId("5a952b0bb7b2bfbb650f7491"), 
    "projectId" : ObjectId("5a952b0bb7b2bfbb650f7490"), 
    "dateOfEntry" : ISODate("2018-02-27T00:00:00.000+0000"), 
    "userId" : ObjectId("5a93ef046c4b95a916def3cc"), 
    "comments" : "created new project", 
    "createdAt" : ISODate("2018-02-27T09:55:23.728+0000"), 
    "updatedAt" : ISODate("2018-02-27T09:55:23.728+0000")
}
{ 
    "_id" : ObjectId("5a952f20dc0a28289c19ea94"), 
    "projectId" : ObjectId("5a952f20dc0a28289c19ea93"), 
    "dateOfEntry" : ISODate("2018-02-27T00:00:00.000+0000"), 
    "userId" : ObjectId("5a93ef466c4b95a916def3ce"), 
    "comments" : "created new project", 
    "createdAt" : ISODate("2018-02-27T10:12:48.429+0000"), 
    "updatedAt" : ISODate("2018-02-27T10:12:48.429+0000")
}
{ 
    "_id" : ObjectId("5a964c9553f6f8c267446aa0"), 
    "projectId" : ObjectId("5a94de0d51503c890cf36420"), 
    "dateOfEntry" : ISODate("2018-02-28T00:00:00.000+0000"), 
    "userId" : ObjectId("5a93ef7c6c4b95a916def3d2"), 
    "comments" : "new task Task page creation is add to the Project", 
    "taskId" : ObjectId("5a964c9553f6f8c267446a9e"), 
    "createdAt" : ISODate("2018-02-28T06:30:45.022+0000"), 
    "updatedAt" : ISODate("2018-02-28T06:30:45.022+0000")
}
{ 
    "_id" : ObjectId("5a96536b53f6f8c267446aa2"), 
    "projectId" : ObjectId("5a96536b53f6f8c267446aa1"), 
    "dateOfEntry" : ISODate("2018-02-28T00:00:00.000+0000"), 
    "userId" : ObjectId("5a93ef046c4b95a916def3cc"), 
    "comments" : "created new project", 
    "createdAt" : ISODate("2018-02-28T06:59:55.939+0000"), 
    "updatedAt" : ISODate("2018-02-28T06:59:55.939+0000")
}
{ 
    "_id" : ObjectId("5a96578453f6f8c267446aa4"), 
    "projectId" : ObjectId("5a96578453f6f8c267446aa3"), 
    "dateOfEntry" : ISODate("2018-02-28T00:00:00.000+0000"), 
    "userId" : ObjectId("5a93ef046c4b95a916def3cc"), 
    "comments" : "created new project", 
    "createdAt" : ISODate("2018-02-28T07:17:24.966+0000"), 
    "updatedAt" : ISODate("2018-02-28T07:17:24.966+0000")
}
{ 
    "_id" : ObjectId("5a965dbe53f6f8c267446aa6"), 
    "projectId" : ObjectId("5a94de0d51503c890cf36420"), 
    "dateOfEntry" : ISODate("2018-02-28T00:00:00.000+0000"), 
    "userId" : ObjectId("5a93ef7c6c4b95a916def3d2"), 
    "comments" : "added Ramesh to this project", 
    "createdAt" : ISODate("2018-02-28T07:43:58.318+0000"), 
    "updatedAt" : ISODate("2018-02-28T07:43:58.318+0000")
}
{ 
    "_id" : ObjectId("5a965e0453f6f8c267446aa8"), 
    "projectId" : ObjectId("5a94de0d51503c890cf36420"), 
    "dateOfEntry" : ISODate("2018-02-28T00:00:00.000+0000"), 
    "userId" : ObjectId("5a93ef7c6c4b95a916def3d2"), 
    "comments" : "added Tasneem to this project", 
    "createdAt" : ISODate("2018-02-28T07:45:08.774+0000"), 
    "updatedAt" : ISODate("2018-02-28T07:45:08.774+0000")
}
{ 
    "_id" : ObjectId("5a965e2b53f6f8c267446aaa"), 
    "projectId" : ObjectId("5a94de0d51503c890cf36420"), 
    "dateOfEntry" : ISODate("2018-02-28T00:00:00.000+0000"), 
    "userId" : ObjectId("5a93ef7c6c4b95a916def3d2"), 
    "comments" : "added Rameshrajamani to this project", 
    "createdAt" : ISODate("2018-02-28T07:45:47.466+0000"), 
    "updatedAt" : ISODate("2018-02-28T07:45:47.466+0000")
}
{ 
    "_id" : ObjectId("5a967bb453f6f8c267446aad"), 
    "projectId" : ObjectId("5a94de0d51503c890cf36420"), 
    "dateOfEntry" : ISODate("2018-02-28T00:00:00.000+0000"), 
    "userId" : ObjectId("5a93ef7c6c4b95a916def3d2"), 
    "comments" : "new task Test 2 is add to the Project", 
    "taskId" : ObjectId("5a967bb453f6f8c267446aab"), 
    "createdAt" : ISODate("2018-02-28T09:51:48.454+0000"), 
    "updatedAt" : ISODate("2018-02-28T09:51:48.454+0000")
}
{ 
    "_id" : ObjectId("5a967d9a53f6f8c267446aaf"), 
    "projectId" : ObjectId("5a967d9a53f6f8c267446aae"), 
    "dateOfEntry" : ISODate("2018-02-28T00:00:00.000+0000"), 
    "userId" : ObjectId("5a93ef046c4b95a916def3cc"), 
    "comments" : "created new project", 
    "createdAt" : ISODate("2018-02-28T09:59:54.146+0000"), 
    "updatedAt" : ISODate("2018-02-28T09:59:54.146+0000")
}
{ 
    "_id" : ObjectId("5a979ca209abd7e0459dfd1f"), 
    "projectId" : ObjectId("5a979ca209abd7e0459dfd1e"), 
    "dateOfEntry" : ISODate("2018-03-01T00:00:00.000+0000"), 
    "userId" : ObjectId("5a93ef7c6c4b95a916def3d2"), 
    "comments" : "created new project", 
    "createdAt" : ISODate("2018-03-01T06:24:34.325+0000"), 
    "updatedAt" : ISODate("2018-03-01T06:24:34.325+0000")
}
{ 
    "_id" : ObjectId("5a97c1d009abd7e0459dfd28"), 
    "projectId" : ObjectId("5a94de0d51503c890cf36420"), 
    "dateOfEntry" : ISODate("2018-03-01T00:00:00.000+0000"), 
    "userId" : ObjectId("5a93ef7c6c4b95a916def3d2"), 
    "comments" : "new task Test 3 is add to the Project", 
    "taskId" : ObjectId("5a97c1d009abd7e0459dfd26"), 
    "createdAt" : ISODate("2018-03-01T09:03:12.448+0000"), 
    "updatedAt" : ISODate("2018-03-01T09:03:12.448+0000")
}
{ 
    "_id" : ObjectId("5a97c28609abd7e0459dfd2c"), 
    "projectId" : ObjectId("5a979ca209abd7e0459dfd1e"), 
    "dateOfEntry" : ISODate("2018-03-01T00:00:00.000+0000"), 
    "userId" : ObjectId("5a93ef7c6c4b95a916def3d2"), 
    "comments" : "added Rameshrajamani to this project", 
    "createdAt" : ISODate("2018-03-01T09:06:14.243+0000"), 
    "updatedAt" : ISODate("2018-03-01T09:06:14.243+0000")
}
{ 
    "_id" : ObjectId("5a97c33709abd7e0459dfd2e"), 
    "projectId" : ObjectId("5a979ca209abd7e0459dfd1e"), 
    "dateOfEntry" : ISODate("2018-03-01T00:00:00.000+0000"), 
    "userId" : ObjectId("5a93ef7c6c4b95a916def3d2"), 
    "comments" : "added Rajesh to this project", 
    "createdAt" : ISODate("2018-03-01T09:09:11.432+0000"), 
    "updatedAt" : ISODate("2018-03-01T09:09:11.432+0000")
}
{ 
    "_id" : ObjectId("5a97cd6e09abd7e0459dfd30"), 
    "projectId" : ObjectId("5a979ca209abd7e0459dfd1e"), 
    "dateOfEntry" : ISODate("2018-03-01T00:00:00.000+0000"), 
    "userId" : ObjectId("5a93ef7c6c4b95a916def3d2"), 
    "comments" : "added Ramesh to this project", 
    "createdAt" : ISODate("2018-03-01T09:52:46.344+0000"), 
    "updatedAt" : ISODate("2018-03-01T09:52:46.344+0000")
}
{ 
    "_id" : ObjectId("5a97cd7509abd7e0459dfd32"), 
    "projectId" : ObjectId("5a979ca209abd7e0459dfd1e"), 
    "dateOfEntry" : ISODate("2018-03-01T00:00:00.000+0000"), 
    "userId" : ObjectId("5a93ef7c6c4b95a916def3d2"), 
    "comments" : "added Tasneem to this project", 
    "createdAt" : ISODate("2018-03-01T09:52:53.361+0000"), 
    "updatedAt" : ISODate("2018-03-01T09:52:53.361+0000")
}
{ 
    "_id" : ObjectId("5a97ce7f09abd7e0459dfd35"), 
    "projectId" : ObjectId("5a94de0d51503c890cf36420"), 
    "dateOfEntry" : ISODate("2018-03-01T00:00:00.000+0000"), 
    "userId" : ObjectId("5a93ef7c6c4b95a916def3d2"), 
    "comments" : "new task Task page creation is add to the Project", 
    "taskId" : ObjectId("5a97ce7f09abd7e0459dfd33"), 
    "createdAt" : ISODate("2018-03-01T09:57:19.857+0000"), 
    "updatedAt" : ISODate("2018-03-01T09:57:19.857+0000")
}
{ 
    "_id" : ObjectId("5a97d11009abd7e0459dfd37"), 
    "projectId" : ObjectId("5a94de0d51503c890cf36420"), 
    "dateOfEntry" : ISODate("2018-03-01T00:00:00.000+0000"), 
    "userId" : ObjectId("5a93ef7c6c4b95a916def3d2"), 
    "comments" : "added Rajesh to this project", 
    "createdAt" : ISODate("2018-03-01T10:08:16.788+0000"), 
    "updatedAt" : ISODate("2018-03-01T10:08:16.788+0000")
}
{ 
    "_id" : ObjectId("5a97d5d809abd7e0459dfd39"), 
    "projectId" : ObjectId("5a94de0d51503c890cf36420"), 
    "dateOfEntry" : ISODate("2018-03-01T00:00:00.000+0000"), 
    "userId" : ObjectId("5a93ef7c6c4b95a916def3d2"), 
    "comments" : "added Ramesh Rajamani to this project", 
    "createdAt" : ISODate("2018-03-01T10:28:40.251+0000"), 
    "updatedAt" : ISODate("2018-03-01T10:28:40.251+0000")
}
{ 
    "_id" : ObjectId("5a97d61809abd7e0459dfd3b"), 
    "projectId" : ObjectId("5a94de0d51503c890cf36420"), 
    "dateOfEntry" : ISODate("2018-03-01T00:00:00.000+0000"), 
    "userId" : ObjectId("5a93ef7c6c4b95a916def3d2"), 
    "comments" : "added Tasneem to this project", 
    "createdAt" : ISODate("2018-03-01T10:29:44.603+0000"), 
    "updatedAt" : ISODate("2018-03-01T10:29:44.603+0000")
}
{ 
    "_id" : ObjectId("5a97d69e09abd7e0459dfd3d"), 
    "projectId" : ObjectId("5a97d69e09abd7e0459dfd3c"), 
    "dateOfEntry" : ISODate("2018-03-01T00:00:00.000+0000"), 
    "userId" : ObjectId("5a93ef7c6c4b95a916def3d2"), 
    "comments" : "created new project", 
    "createdAt" : ISODate("2018-03-01T10:31:58.662+0000"), 
    "updatedAt" : ISODate("2018-03-01T10:31:58.662+0000")
}
{ 
    "_id" : ObjectId("5a97d6b809abd7e0459dfd3f"), 
    "projectId" : ObjectId("5a97d69e09abd7e0459dfd3c"), 
    "dateOfEntry" : ISODate("2018-03-01T00:00:00.000+0000"), 
    "userId" : ObjectId("5a93ef7c6c4b95a916def3d2"), 
    "comments" : "added Ramesh to this project", 
    "createdAt" : ISODate("2018-03-01T10:32:24.868+0000"), 
    "updatedAt" : ISODate("2018-03-01T10:32:24.868+0000")
}
{ 
    "_id" : ObjectId("5a97e20709abd7e0459dfd42"), 
    "projectId" : ObjectId("5a94de0d51503c890cf36420"), 
    "dateOfEntry" : ISODate("2018-03-01T00:00:00.000+0000"), 
    "userId" : ObjectId("5a93ef7c6c4b95a916def3d2"), 
    "comments" : "new task Task page creation33 is add to the Project", 
    "taskId" : ObjectId("5a97e20709abd7e0459dfd40"), 
    "createdAt" : ISODate("2018-03-01T11:20:39.162+0000"), 
    "updatedAt" : ISODate("2018-03-01T11:20:39.162+0000")
}
{ 
    "_id" : ObjectId("5a97ed6d09abd7e0459dfd45"), 
    "projectId" : ObjectId("5a94de0d51503c890cf36420"), 
    "dateOfEntry" : ISODate("2018-03-01T00:00:00.000+0000"), 
    "userId" : ObjectId("5a93ef7c6c4b95a916def3d2"), 
    "comments" : "new task Test is add to the Project", 
    "taskId" : ObjectId("5a97ed6d09abd7e0459dfd43"), 
    "createdAt" : ISODate("2018-03-01T12:09:17.607+0000"), 
    "updatedAt" : ISODate("2018-03-01T12:09:17.607+0000")
}
{ 
    "_id" : ObjectId("5a97efa7dbcd014a19105dd2"), 
    "projectId" : ObjectId("5a979ca209abd7e0459dfd1e"), 
    "dateOfEntry" : ISODate("2018-03-01T00:00:00.000+0000"), 
    "userId" : ObjectId("5a93ef7c6c4b95a916def3d2"), 
    "comments" : "new task Test 3 is add to the Project", 
    "taskId" : ObjectId("5a97efa7dbcd014a19105dd0"), 
    "createdAt" : ISODate("2018-03-01T12:18:47.967+0000"), 
    "updatedAt" : ISODate("2018-03-01T12:18:47.967+0000")
}
{ 
    "_id" : ObjectId("5a97eff2dbcd014a19105dd5"), 
    "projectId" : ObjectId("5a979ca209abd7e0459dfd1e"), 
    "dateOfEntry" : ISODate("2018-03-01T00:00:00.000+0000"), 
    "userId" : ObjectId("5a93ef7c6c4b95a916def3d2"), 
    "comments" : "new task Test 2 is add to the Project", 
    "taskId" : ObjectId("5a97eff2dbcd014a19105dd3"), 
    "createdAt" : ISODate("2018-03-01T12:20:02.534+0000"), 
    "updatedAt" : ISODate("2018-03-01T12:20:02.534+0000")
}
{ 
    "_id" : ObjectId("5a97f47fdbcd014a19105dd8"), 
    "projectId" : ObjectId("5a97d69e09abd7e0459dfd3c"), 
    "dateOfEntry" : ISODate("2018-03-01T00:00:00.000+0000"), 
    "userId" : ObjectId("5a93ef7c6c4b95a916def3d2"), 
    "comments" : "new task Test 3 is add to the Project", 
    "taskId" : ObjectId("5a97f47fdbcd014a19105dd6"), 
    "createdAt" : ISODate("2018-03-01T12:39:27.925+0000"), 
    "updatedAt" : ISODate("2018-03-01T12:39:27.925+0000")
}
{ 
    "_id" : ObjectId("5a98d951dbcd014a19105dda"), 
    "projectId" : ObjectId("5a98d951dbcd014a19105dd9"), 
    "dateOfEntry" : ISODate("2018-03-02T00:00:00.000+0000"), 
    "userId" : ObjectId("5a93ef7c6c4b95a916def3d2"), 
    "comments" : "created new project", 
    "createdAt" : ISODate("2018-03-02T04:55:45.372+0000"), 
    "updatedAt" : ISODate("2018-03-02T04:55:45.372+0000")
}
{ 
    "_id" : ObjectId("5a98eabadbcd014a19105ddd"), 
    "projectId" : ObjectId("5a94de0d51503c890cf36420"), 
    "dateOfEntry" : ISODate("2018-03-02T00:00:00.000+0000"), 
    "userId" : ObjectId("5a93ef7c6c4b95a916def3d2"), 
    "comments" : "new task saS is add to the Project", 
    "taskId" : ObjectId("5a98eabadbcd014a19105ddb"), 
    "createdAt" : ISODate("2018-03-02T06:10:02.450+0000"), 
    "updatedAt" : ISODate("2018-03-02T06:10:02.450+0000")
}
{ 
    "_id" : ObjectId("5a9d0fccdbcd014a19105de2"), 
    "projectId" : ObjectId("5a94de0d51503c890cf36420"), 
    "dateOfEntry" : ISODate("2018-03-05T00:00:00.000+0000"), 
    "userId" : ObjectId("5a93ef7c6c4b95a916def3d2"), 
    "comments" : "new task erer is add to the Project", 
    "taskId" : ObjectId("5a9d0fccdbcd014a19105de0"), 
    "createdAt" : ISODate("2018-03-05T09:37:16.934+0000"), 
    "updatedAt" : ISODate("2018-03-05T09:37:16.934+0000")
}
{ 
    "_id" : ObjectId("5a9d11d0dbcd014a19105de4"), 
    "projectId" : ObjectId("5a9d11d0dbcd014a19105de3"), 
    "dateOfEntry" : ISODate("2018-03-05T00:00:00.000+0000"), 
    "userId" : ObjectId("5a93ef7c6c4b95a916def3d2"), 
    "comments" : "created new project", 
    "createdAt" : ISODate("2018-03-05T09:45:52.323+0000"), 
    "updatedAt" : ISODate("2018-03-05T09:45:52.323+0000")
}
{ 
    "_id" : ObjectId("5a9d11e2dbcd014a19105de6"), 
    "projectId" : ObjectId("5a9d11e2dbcd014a19105de5"), 
    "dateOfEntry" : ISODate("2018-03-05T00:00:00.000+0000"), 
    "userId" : ObjectId("5a93ef7c6c4b95a916def3d2"), 
    "comments" : "created new project", 
    "createdAt" : ISODate("2018-03-05T09:46:10.042+0000"), 
    "updatedAt" : ISODate("2018-03-05T09:46:10.042+0000")
}
{ 
    "_id" : ObjectId("5a9d1698dbcd014a19105de8"), 
    "projectId" : ObjectId("5a9d1698dbcd014a19105de7"), 
    "dateOfEntry" : ISODate("2018-03-05T00:00:00.000+0000"), 
    "userId" : ObjectId("5a93ef046c4b95a916def3cc"), 
    "comments" : "created new project", 
    "createdAt" : ISODate("2018-03-05T10:06:16.027+0000"), 
    "updatedAt" : ISODate("2018-03-05T10:06:16.027+0000")
}
{ 
    "_id" : ObjectId("5a9d1773dbcd014a19105dea"), 
    "projectId" : ObjectId("5a9d1773dbcd014a19105de9"), 
    "dateOfEntry" : ISODate("2018-03-05T00:00:00.000+0000"), 
    "userId" : ObjectId("5a99331fdbcd014a19105ddf"), 
    "comments" : "created new project", 
    "createdAt" : ISODate("2018-03-05T10:09:55.024+0000"), 
    "updatedAt" : ISODate("2018-03-05T10:09:55.024+0000")
}
{ 
    "_id" : ObjectId("5a9e256d2a7c28e67a4d57df"), 
    "projectId" : ObjectId("5a9d11e2dbcd014a19105de5"), 
    "dateOfEntry" : ISODate("2018-03-06T00:00:00.000+0000"), 
    "userId" : ObjectId("5a93ef7c6c4b95a916def3d2"), 
    "comments" : "added Tasneem to this project", 
    "createdAt" : ISODate("2018-03-06T05:21:49.088+0000"), 
    "updatedAt" : ISODate("2018-03-06T05:21:49.088+0000")
}
{ 
    "_id" : ObjectId("5a9e25772a7c28e67a4d57e1"), 
    "projectId" : ObjectId("5a9d11e2dbcd014a19105de5"), 
    "dateOfEntry" : ISODate("2018-03-06T00:00:00.000+0000"), 
    "userId" : ObjectId("5a93ef7c6c4b95a916def3d2"), 
    "comments" : "added Ramesh to this project", 
    "createdAt" : ISODate("2018-03-06T05:21:59.054+0000"), 
    "updatedAt" : ISODate("2018-03-06T05:21:59.054+0000")
}
{ 
    "_id" : ObjectId("5a9e279a2a7c28e67a4d57e3"), 
    "projectId" : ObjectId("5a9d11e2dbcd014a19105de5"), 
    "dateOfEntry" : ISODate("2018-03-06T00:00:00.000+0000"), 
    "userId" : ObjectId("5a93ef7c6c4b95a916def3d2"), 
    "comments" : "added Tasneem to this project", 
    "createdAt" : ISODate("2018-03-06T05:31:06.227+0000"), 
    "updatedAt" : ISODate("2018-03-06T05:31:06.227+0000")
}
{ 
    "_id" : ObjectId("5a9e27ae2a7c28e67a4d57e5"), 
    "projectId" : ObjectId("5a9d11e2dbcd014a19105de5"), 
    "dateOfEntry" : ISODate("2018-03-06T00:00:00.000+0000"), 
    "userId" : ObjectId("5a93ef7c6c4b95a916def3d2"), 
    "comments" : "added Rameshrajamani to this project", 
    "createdAt" : ISODate("2018-03-06T05:31:26.529+0000"), 
    "updatedAt" : ISODate("2018-03-06T05:31:26.529+0000")
}
{ 
    "_id" : ObjectId("5a9e27ae2a7c28e67a4d57e7"), 
    "projectId" : ObjectId("5a9d11e2dbcd014a19105de5"), 
    "dateOfEntry" : ISODate("2018-03-06T00:00:00.000+0000"), 
    "userId" : ObjectId("5a93ef7c6c4b95a916def3d2"), 
    "comments" : "added Ramesh Rajamani to this project", 
    "createdAt" : ISODate("2018-03-06T05:31:26.621+0000"), 
    "updatedAt" : ISODate("2018-03-06T05:31:26.621+0000")
}
{ 
    "_id" : ObjectId("5a9e28892a7c28e67a4d57e9"), 
    "projectId" : ObjectId("5a9d11e2dbcd014a19105de5"), 
    "dateOfEntry" : ISODate("2018-03-06T00:00:00.000+0000"), 
    "userId" : ObjectId("5a93ef7c6c4b95a916def3d2"), 
    "comments" : "added Rajesh to this project", 
    "createdAt" : ISODate("2018-03-06T05:35:05.224+0000"), 
    "updatedAt" : ISODate("2018-03-06T05:35:05.224+0000")
}
{ 
    "_id" : ObjectId("5a9e28fe2a7c28e67a4d57eb"), 
    "projectId" : ObjectId("5a98d951dbcd014a19105dd9"), 
    "dateOfEntry" : ISODate("2018-03-06T00:00:00.000+0000"), 
    "userId" : ObjectId("5a93ef7c6c4b95a916def3d2"), 
    "comments" : "added Tasneem to this project", 
    "createdAt" : ISODate("2018-03-06T05:37:02.350+0000"), 
    "updatedAt" : ISODate("2018-03-06T05:37:02.350+0000")
}
{ 
    "_id" : ObjectId("5a9e2a0b2a7c28e67a4d57ed"), 
    "projectId" : ObjectId("5a98d951dbcd014a19105dd9"), 
    "dateOfEntry" : ISODate("2018-03-06T00:00:00.000+0000"), 
    "userId" : ObjectId("5a93ef7c6c4b95a916def3d2"), 
    "comments" : "added Ramesh to this project", 
    "createdAt" : ISODate("2018-03-06T05:41:31.862+0000"), 
    "updatedAt" : ISODate("2018-03-06T05:41:31.862+0000")
}
{ 
    "_id" : ObjectId("5a9e2a0b2a7c28e67a4d57ef"), 
    "projectId" : ObjectId("5a98d951dbcd014a19105dd9"), 
    "dateOfEntry" : ISODate("2018-03-06T00:00:00.000+0000"), 
    "userId" : ObjectId("5a93ef7c6c4b95a916def3d2"), 
    "comments" : "added Tasneem to this project", 
    "createdAt" : ISODate("2018-03-06T05:41:31.951+0000"), 
    "updatedAt" : ISODate("2018-03-06T05:41:31.951+0000")
}
{ 
    "_id" : ObjectId("5a9e2a272a7c28e67a4d57f1"), 
    "projectId" : ObjectId("5a98d951dbcd014a19105dd9"), 
    "dateOfEntry" : ISODate("2018-03-06T00:00:00.000+0000"), 
    "userId" : ObjectId("5a93ef7c6c4b95a916def3d2"), 
    "comments" : "added Rameshrajamani to this project", 
    "createdAt" : ISODate("2018-03-06T05:41:59.622+0000"), 
    "updatedAt" : ISODate("2018-03-06T05:41:59.622+0000")
}
{ 
    "_id" : ObjectId("5a9e2a892a7c28e67a4d57f3"), 
    "projectId" : ObjectId("5a9d11d0dbcd014a19105de3"), 
    "dateOfEntry" : ISODate("2018-03-06T00:00:00.000+0000"), 
    "userId" : ObjectId("5a93ef7c6c4b95a916def3d2"), 
    "comments" : "added Tasneem to this project", 
    "createdAt" : ISODate("2018-03-06T05:43:37.016+0000"), 
    "updatedAt" : ISODate("2018-03-06T05:43:37.016+0000")
}
{ 
    "_id" : ObjectId("5a9e2a892a7c28e67a4d57f5"), 
    "projectId" : ObjectId("5a9d11d0dbcd014a19105de3"), 
    "dateOfEntry" : ISODate("2018-03-06T00:00:00.000+0000"), 
    "userId" : ObjectId("5a93ef7c6c4b95a916def3d2"), 
    "comments" : "added Rameshrajamani to this project", 
    "createdAt" : ISODate("2018-03-06T05:43:37.109+0000"), 
    "updatedAt" : ISODate("2018-03-06T05:43:37.109+0000")
}
{ 
    "_id" : ObjectId("5a9e2a912a7c28e67a4d57f7"), 
    "projectId" : ObjectId("5a9d11d0dbcd014a19105de3"), 
    "dateOfEntry" : ISODate("2018-03-06T00:00:00.000+0000"), 
    "userId" : ObjectId("5a93ef7c6c4b95a916def3d2"), 
    "comments" : "added Tasneem to this project", 
    "createdAt" : ISODate("2018-03-06T05:43:45.058+0000"), 
    "updatedAt" : ISODate("2018-03-06T05:43:45.058+0000")
}
{ 
    "_id" : ObjectId("5a9e2ba12a7c28e67a4d57f9"), 
    "projectId" : ObjectId("5a9d11d0dbcd014a19105de3"), 
    "dateOfEntry" : ISODate("2018-03-06T00:00:00.000+0000"), 
    "userId" : ObjectId("5a93ef7c6c4b95a916def3d2"), 
    "comments" : "added Ramesh to this project", 
    "createdAt" : ISODate("2018-03-06T05:48:17.156+0000"), 
    "updatedAt" : ISODate("2018-03-06T05:48:17.156+0000")
}
{ 
    "_id" : ObjectId("5a9e2c082a7c28e67a4d57fb"), 
    "projectId" : ObjectId("5a9d11d0dbcd014a19105de3"), 
    "dateOfEntry" : ISODate("2018-03-06T00:00:00.000+0000"), 
    "userId" : ObjectId("5a93ef7c6c4b95a916def3d2"), 
    "comments" : "added Ramesh Rajamani to this project", 
    "createdAt" : ISODate("2018-03-06T05:50:00.535+0000"), 
    "updatedAt" : ISODate("2018-03-06T05:50:00.535+0000")
}
{ 
    "_id" : ObjectId("5a9e2edc2a7c28e67a4d57fd"), 
    "projectId" : ObjectId("5a9d11d0dbcd014a19105de3"), 
    "dateOfEntry" : ISODate("2018-03-06T00:00:00.000+0000"), 
    "userId" : ObjectId("5a93ef7c6c4b95a916def3d2"), 
    "comments" : "added Rajesh to this project", 
    "createdAt" : ISODate("2018-03-06T06:02:04.382+0000"), 
    "updatedAt" : ISODate("2018-03-06T06:02:04.382+0000")
}
{ 
    "_id" : ObjectId("5a9e2f5c2a7c28e67a4d57ff"), 
    "projectId" : ObjectId("5a9e2f5c2a7c28e67a4d57fe"), 
    "dateOfEntry" : ISODate("2018-03-06T00:00:00.000+0000"), 
    "userId" : ObjectId("5a93ef7c6c4b95a916def3d2"), 
    "comments" : "created new project", 
    "createdAt" : ISODate("2018-03-06T06:04:12.065+0000"), 
    "updatedAt" : ISODate("2018-03-06T06:04:12.065+0000")
}
{ 
    "_id" : ObjectId("5a9e2f642a7c28e67a4d5801"), 
    "projectId" : ObjectId("5a9e2f5c2a7c28e67a4d57fe"), 
    "dateOfEntry" : ISODate("2018-03-06T00:00:00.000+0000"), 
    "userId" : ObjectId("5a93ef7c6c4b95a916def3d2"), 
    "comments" : "added Tasneem to this project", 
    "createdAt" : ISODate("2018-03-06T06:04:20.856+0000"), 
    "updatedAt" : ISODate("2018-03-06T06:04:20.856+0000")
}
{ 
    "_id" : ObjectId("5a9e2f692a7c28e67a4d5803"), 
    "projectId" : ObjectId("5a9e2f5c2a7c28e67a4d57fe"), 
    "dateOfEntry" : ISODate("2018-03-06T00:00:00.000+0000"), 
    "userId" : ObjectId("5a93ef7c6c4b95a916def3d2"), 
    "comments" : "added Ramesh to this project", 
    "createdAt" : ISODate("2018-03-06T06:04:25.353+0000"), 
    "updatedAt" : ISODate("2018-03-06T06:04:25.353+0000")
}
{ 
    "_id" : ObjectId("5a9e2f882a7c28e67a4d5805"), 
    "projectId" : ObjectId("5a9e2f5c2a7c28e67a4d57fe"), 
    "dateOfEntry" : ISODate("2018-03-06T00:00:00.000+0000"), 
    "userId" : ObjectId("5a93ef7c6c4b95a916def3d2"), 
    "comments" : "added Tasneem to this project", 
    "createdAt" : ISODate("2018-03-06T06:04:56.277+0000"), 
    "updatedAt" : ISODate("2018-03-06T06:04:56.277+0000")
}
{ 
    "_id" : ObjectId("5a9e2fbb2a7c28e67a4d5807"), 
    "projectId" : ObjectId("5a9e2f5c2a7c28e67a4d57fe"), 
    "dateOfEntry" : ISODate("2018-03-06T00:00:00.000+0000"), 
    "userId" : ObjectId("5a93ef7c6c4b95a916def3d2"), 
    "comments" : "added Rameshrajamani to this project", 
    "createdAt" : ISODate("2018-03-06T06:05:47.514+0000"), 
    "updatedAt" : ISODate("2018-03-06T06:05:47.514+0000")
}
{ 
    "_id" : ObjectId("5a9e304d2a7c28e67a4d5809"), 
    "projectId" : ObjectId("5a9e2f5c2a7c28e67a4d57fe"), 
    "dateOfEntry" : ISODate("2018-03-06T00:00:00.000+0000"), 
    "userId" : ObjectId("5a93ef7c6c4b95a916def3d2"), 
    "comments" : "added Ramesh Rajamani to this project", 
    "createdAt" : ISODate("2018-03-06T06:08:13.586+0000"), 
    "updatedAt" : ISODate("2018-03-06T06:08:13.586+0000")
}
{ 
    "_id" : ObjectId("5a9e344e2a7c28e67a4d580b"), 
    "projectId" : ObjectId("5a9e2f5c2a7c28e67a4d57fe"), 
    "dateOfEntry" : ISODate("2018-03-06T00:00:00.000+0000"), 
    "userId" : ObjectId("5a93ef7c6c4b95a916def3d2"), 
    "comments" : "added Rajesh to this project", 
    "createdAt" : ISODate("2018-03-06T06:25:18.546+0000"), 
    "updatedAt" : ISODate("2018-03-06T06:25:18.546+0000")
}
{ 
    "_id" : ObjectId("5a9e36b32a7c28e67a4d580d"), 
    "projectId" : ObjectId("5a9e36b32a7c28e67a4d580c"), 
    "dateOfEntry" : ISODate("2018-03-06T00:00:00.000+0000"), 
    "userId" : ObjectId("5a93ef7c6c4b95a916def3d2"), 
    "comments" : "created new project", 
    "createdAt" : ISODate("2018-03-06T06:35:31.989+0000"), 
    "updatedAt" : ISODate("2018-03-06T06:35:31.989+0000")
}
{ 
    "_id" : ObjectId("5a9e36be2a7c28e67a4d580f"), 
    "projectId" : ObjectId("5a9e36b32a7c28e67a4d580c"), 
    "dateOfEntry" : ISODate("2018-03-06T00:00:00.000+0000"), 
    "userId" : ObjectId("5a93ef7c6c4b95a916def3d2"), 
    "comments" : "added Tasneem to this project", 
    "createdAt" : ISODate("2018-03-06T06:35:42.025+0000"), 
    "updatedAt" : ISODate("2018-03-06T06:35:42.025+0000")
}
{ 
    "_id" : ObjectId("5a9e36be2a7c28e67a4d5811"), 
    "projectId" : ObjectId("5a9e36b32a7c28e67a4d580c"), 
    "dateOfEntry" : ISODate("2018-03-06T00:00:00.000+0000"), 
    "userId" : ObjectId("5a93ef7c6c4b95a916def3d2"), 
    "comments" : "added Ramesh to this project", 
    "createdAt" : ISODate("2018-03-06T06:35:42.118+0000"), 
    "updatedAt" : ISODate("2018-03-06T06:35:42.118+0000")
}
{ 
    "_id" : ObjectId("5a9e36cb2a7c28e67a4d5813"), 
    "projectId" : ObjectId("5a9e36b32a7c28e67a4d580c"), 
    "dateOfEntry" : ISODate("2018-03-06T00:00:00.000+0000"), 
    "userId" : ObjectId("5a93ef7c6c4b95a916def3d2"), 
    "comments" : "added Tasneem to this project", 
    "createdAt" : ISODate("2018-03-06T06:35:55.550+0000"), 
    "updatedAt" : ISODate("2018-03-06T06:35:55.550+0000")
}
{ 
    "_id" : ObjectId("5a9e44252a7c28e67a4d5815"), 
    "projectId" : ObjectId("5a9e36b32a7c28e67a4d580c"), 
    "dateOfEntry" : ISODate("2018-03-06T00:00:00.000+0000"), 
    "userId" : ObjectId("5a93ef7c6c4b95a916def3d2"), 
    "comments" : "added Rameshrajamani to this project", 
    "createdAt" : ISODate("2018-03-06T07:32:53.758+0000"), 
    "updatedAt" : ISODate("2018-03-06T07:32:53.758+0000")
}
{ 
    "_id" : ObjectId("5a9e44252a7c28e67a4d5817"), 
    "projectId" : ObjectId("5a9e36b32a7c28e67a4d580c"), 
    "dateOfEntry" : ISODate("2018-03-06T00:00:00.000+0000"), 
    "userId" : ObjectId("5a93ef7c6c4b95a916def3d2"), 
    "comments" : "added Rajesh to this project", 
    "createdAt" : ISODate("2018-03-06T07:32:53.849+0000"), 
    "updatedAt" : ISODate("2018-03-06T07:32:53.849+0000")
}
{ 
    "_id" : ObjectId("5a9e45032a7c28e67a4d5819"), 
    "projectId" : ObjectId("5a9e36b32a7c28e67a4d580c"), 
    "dateOfEntry" : ISODate("2018-03-06T00:00:00.000+0000"), 
    "userId" : ObjectId("5a93ef7c6c4b95a916def3d2"), 
    "comments" : "added Ramesh Rajamani to this project", 
    "createdAt" : ISODate("2018-03-06T07:36:35.555+0000"), 
    "updatedAt" : ISODate("2018-03-06T07:36:35.555+0000")
}
{ 
    "_id" : ObjectId("5a9e4bca2a7c28e67a4d581c"), 
    "projectId" : ObjectId("5a9e36b32a7c28e67a4d580c"), 
    "dateOfEntry" : ISODate("2018-03-06T00:00:00.000+0000"), 
    "userId" : ObjectId("5a93ef7c6c4b95a916def3d2"), 
    "comments" : "new task Test Task is add to the Project", 
    "taskId" : ObjectId("5a9e4bca2a7c28e67a4d581a"), 
    "createdAt" : ISODate("2018-03-06T08:05:30.693+0000"), 
    "updatedAt" : ISODate("2018-03-06T08:05:30.693+0000")
}
{ 
    "_id" : ObjectId("5a9e60872a7c28e67a4d581f"), 
    "projectId" : ObjectId("5a9e2f5c2a7c28e67a4d57fe"), 
    "dateOfEntry" : ISODate("2018-03-06T00:00:00.000+0000"), 
    "userId" : ObjectId("5a93ef7c6c4b95a916def3d2"), 
    "comments" : "new task Test Task is add to the Project", 
    "taskId" : ObjectId("5a9e60872a7c28e67a4d581d"), 
    "createdAt" : ISODate("2018-03-06T09:33:59.131+0000"), 
    "updatedAt" : ISODate("2018-03-06T09:33:59.131+0000")
}
{ 
    "_id" : ObjectId("5a9e7d4731ff2ef75e2d361b"), 
    "projectId" : ObjectId("5a9e7d4731ff2ef75e2d361a"), 
    "dateOfEntry" : ISODate("2018-03-06T00:00:00.000+0000"), 
    "userId" : ObjectId("5a93ef7c6c4b95a916def3d2"), 
    "comments" : "created new project", 
    "createdAt" : ISODate("2018-03-06T11:36:39.207+0000"), 
    "updatedAt" : ISODate("2018-03-06T11:36:39.207+0000")
}
{ 
    "_id" : ObjectId("5a9e7d7631ff2ef75e2d361d"), 
    "projectId" : ObjectId("5a9e7d4731ff2ef75e2d361a"), 
    "dateOfEntry" : ISODate("2018-03-06T00:00:00.000+0000"), 
    "userId" : ObjectId("5a93ef7c6c4b95a916def3d2"), 
    "comments" : "added Tasneem to this project", 
    "createdAt" : ISODate("2018-03-06T11:37:26.271+0000"), 
    "updatedAt" : ISODate("2018-03-06T11:37:26.271+0000")
}
{ 
    "_id" : ObjectId("5a9e7d7631ff2ef75e2d361f"), 
    "projectId" : ObjectId("5a9e7d4731ff2ef75e2d361a"), 
    "dateOfEntry" : ISODate("2018-03-06T00:00:00.000+0000"), 
    "userId" : ObjectId("5a93ef7c6c4b95a916def3d2"), 
    "comments" : "added Ramesh to this project", 
    "createdAt" : ISODate("2018-03-06T11:37:26.409+0000"), 
    "updatedAt" : ISODate("2018-03-06T11:37:26.409+0000")
}
{ 
    "_id" : ObjectId("5a9e7d7631ff2ef75e2d3621"), 
    "projectId" : ObjectId("5a9e7d4731ff2ef75e2d361a"), 
    "dateOfEntry" : ISODate("2018-03-06T00:00:00.000+0000"), 
    "userId" : ObjectId("5a93ef7c6c4b95a916def3d2"), 
    "comments" : "added Tasneem to this project", 
    "createdAt" : ISODate("2018-03-06T11:37:26.572+0000"), 
    "updatedAt" : ISODate("2018-03-06T11:37:26.572+0000")
}
{ 
    "_id" : ObjectId("5a9e87ff31ff2ef75e2d3623"), 
    "projectId" : ObjectId("5a9e87ff31ff2ef75e2d3622"), 
    "dateOfEntry" : ISODate("2018-03-06T00:00:00.000+0000"), 
    "userId" : ObjectId("5a99331fdbcd014a19105ddf"), 
    "comments" : "created new project", 
    "createdAt" : ISODate("2018-03-06T12:22:23.228+0000"), 
    "updatedAt" : ISODate("2018-03-06T12:22:23.228+0000")
}
{ 
    "_id" : ObjectId("5a9faddf37c89bd50adb8f38"), 
    "projectId" : ObjectId("5a9faddf37c89bd50adb8f37"), 
    "dateOfEntry" : ISODate("2018-03-07T00:00:00.000+0000"), 
    "userId" : ObjectId("5a99331fdbcd014a19105ddf"), 
    "comments" : "created new project", 
    "createdAt" : ISODate("2018-03-07T09:16:15.114+0000"), 
    "updatedAt" : ISODate("2018-03-07T09:16:15.114+0000")
}
{ 
    "_id" : ObjectId("5aa65e4d123c49259e705b3a"), 
    "projectId" : ObjectId("5aa65e4d123c49259e705b39"), 
    "dateOfEntry" : ISODate("2018-03-12T00:00:00.000+0000"), 
    "userId" : ObjectId("5a99331fdbcd014a19105ddf"), 
    "comments" : "created new project", 
    "createdAt" : ISODate("2018-03-12T11:02:37.293+0000"), 
    "updatedAt" : ISODate("2018-03-12T11:02:37.293+0000")
}
{ 
    "_id" : ObjectId("5aa668f2123c49259e705b3c"), 
    "projectId" : ObjectId("5aa668f2123c49259e705b3b"), 
    "dateOfEntry" : ISODate("2018-03-12T00:00:00.000+0000"), 
    "userId" : ObjectId("5a93ef466c4b95a916def3ce"), 
    "comments" : "created new project", 
    "createdAt" : ISODate("2018-03-12T11:48:02.587+0000"), 
    "updatedAt" : ISODate("2018-03-12T11:48:02.587+0000")
}
{ 
    "_id" : ObjectId("5aa75447123c49259e705b3f"), 
    "projectId" : ObjectId("5a94de0d51503c890cf36420"), 
    "dateOfEntry" : ISODate("2018-03-13T00:00:00.000+0000"), 
    "userId" : ObjectId("5a93ef7c6c4b95a916def3d2"), 
    "comments" : "new task Test Task is add to the Project", 
    "taskId" : ObjectId("5aa75447123c49259e705b3d"), 
    "createdAt" : ISODate("2018-03-13T04:32:07.090+0000"), 
    "updatedAt" : ISODate("2018-03-13T04:32:07.090+0000")
}
{ 
    "_id" : ObjectId("5aa7555d123c49259e705b42"), 
    "projectId" : ObjectId("5a94de0d51503c890cf36420"), 
    "dateOfEntry" : ISODate("2018-03-13T00:00:00.000+0000"), 
    "userId" : ObjectId("5a93ef7c6c4b95a916def3d2"), 
    "comments" : "new task Test Task is add to the Project", 
    "taskId" : ObjectId("5aa7555d123c49259e705b40"), 
    "createdAt" : ISODate("2018-03-13T04:36:45.144+0000"), 
    "updatedAt" : ISODate("2018-03-13T04:36:45.144+0000")
}
{ 
    "_id" : ObjectId("5aa75569123c49259e705b45"), 
    "projectId" : ObjectId("5a94de0d51503c890cf36420"), 
    "dateOfEntry" : ISODate("2018-03-13T00:00:00.000+0000"), 
    "userId" : ObjectId("5a93ef7c6c4b95a916def3d2"), 
    "comments" : "new task Test Task is add to the Project", 
    "taskId" : ObjectId("5aa75569123c49259e705b43"), 
    "createdAt" : ISODate("2018-03-13T04:36:57.397+0000"), 
    "updatedAt" : ISODate("2018-03-13T04:36:57.397+0000")
}
{ 
    "_id" : ObjectId("5aa75610123c49259e705b48"), 
    "projectId" : ObjectId("5a94de0d51503c890cf36420"), 
    "dateOfEntry" : ISODate("2018-03-13T00:00:00.000+0000"), 
    "userId" : ObjectId("5a93ef7c6c4b95a916def3d2"), 
    "comments" : "new task sadasd is add to the Project", 
    "taskId" : ObjectId("5aa75610123c49259e705b46"), 
    "createdAt" : ISODate("2018-03-13T04:39:44.627+0000"), 
    "updatedAt" : ISODate("2018-03-13T04:39:44.627+0000")
}
{ 
    "_id" : ObjectId("5aa7563c123c49259e705b4b"), 
    "projectId" : ObjectId("5a94de0d51503c890cf36420"), 
    "dateOfEntry" : ISODate("2018-03-13T00:00:00.000+0000"), 
    "userId" : ObjectId("5a93ef7c6c4b95a916def3d2"), 
    "comments" : "new task sadasd is add to the Project", 
    "taskId" : ObjectId("5aa7563c123c49259e705b49"), 
    "createdAt" : ISODate("2018-03-13T04:40:28.782+0000"), 
    "updatedAt" : ISODate("2018-03-13T04:40:28.782+0000")
}
{ 
    "_id" : ObjectId("5aa7565d123c49259e705b4e"), 
    "projectId" : ObjectId("5a94de0d51503c890cf36420"), 
    "dateOfEntry" : ISODate("2018-03-13T00:00:00.000+0000"), 
    "userId" : ObjectId("5a93ef7c6c4b95a916def3d2"), 
    "comments" : "new task sadasd is add to the Project", 
    "taskId" : ObjectId("5aa7565d123c49259e705b4c"), 
    "createdAt" : ISODate("2018-03-13T04:41:01.961+0000"), 
    "updatedAt" : ISODate("2018-03-13T04:41:01.961+0000")
}
{ 
    "_id" : ObjectId("5aa7566b123c49259e705b51"), 
    "projectId" : ObjectId("5a94de0d51503c890cf36420"), 
    "dateOfEntry" : ISODate("2018-03-13T00:00:00.000+0000"), 
    "userId" : ObjectId("5a93ef7c6c4b95a916def3d2"), 
    "comments" : "new task sadasd is add to the Project", 
    "taskId" : ObjectId("5aa7566b123c49259e705b4f"), 
    "createdAt" : ISODate("2018-03-13T04:41:15.526+0000"), 
    "updatedAt" : ISODate("2018-03-13T04:41:15.526+0000")
}
{ 
    "_id" : ObjectId("5aa75691123c49259e705b54"), 
    "projectId" : ObjectId("5a94de0d51503c890cf36420"), 
    "dateOfEntry" : ISODate("2018-03-13T00:00:00.000+0000"), 
    "userId" : ObjectId("5a93ef7c6c4b95a916def3d2"), 
    "comments" : "new task sadasd is add to the Project", 
    "taskId" : ObjectId("5aa75691123c49259e705b52"), 
    "createdAt" : ISODate("2018-03-13T04:41:53.786+0000"), 
    "updatedAt" : ISODate("2018-03-13T04:41:53.786+0000")
}
{ 
    "_id" : ObjectId("5aa756af123c49259e705b57"), 
    "projectId" : ObjectId("5a94de0d51503c890cf36420"), 
    "dateOfEntry" : ISODate("2018-03-13T00:00:00.000+0000"), 
    "userId" : ObjectId("5a93ef7c6c4b95a916def3d2"), 
    "comments" : "new task sadasd is add to the Project", 
    "taskId" : ObjectId("5aa756af123c49259e705b55"), 
    "createdAt" : ISODate("2018-03-13T04:42:23.619+0000"), 
    "updatedAt" : ISODate("2018-03-13T04:42:23.619+0000")
}
{ 
    "_id" : ObjectId("5aa756bc123c49259e705b5a"), 
    "projectId" : ObjectId("5a94de0d51503c890cf36420"), 
    "dateOfEntry" : ISODate("2018-03-13T00:00:00.000+0000"), 
    "userId" : ObjectId("5a93ef7c6c4b95a916def3d2"), 
    "comments" : "new task sadasd is add to the Project", 
    "taskId" : ObjectId("5aa756bc123c49259e705b58"), 
    "createdAt" : ISODate("2018-03-13T04:42:36.741+0000"), 
    "updatedAt" : ISODate("2018-03-13T04:42:36.741+0000")
}
{ 
    "_id" : ObjectId("5aa756cd123c49259e705b5d"), 
    "projectId" : ObjectId("5a94de0d51503c890cf36420"), 
    "dateOfEntry" : ISODate("2018-03-13T00:00:00.000+0000"), 
    "userId" : ObjectId("5a93ef7c6c4b95a916def3d2"), 
    "comments" : "new task sadasd is add to the Project", 
    "taskId" : ObjectId("5aa756cd123c49259e705b5b"), 
    "createdAt" : ISODate("2018-03-13T04:42:53.465+0000"), 
    "updatedAt" : ISODate("2018-03-13T04:42:53.465+0000")
}
{ 
    "_id" : ObjectId("5aa756f2123c49259e705b62"), 
    "projectId" : ObjectId("5a94de0d51503c890cf36420"), 
    "dateOfEntry" : ISODate("2018-03-13T00:00:00.000+0000"), 
    "userId" : ObjectId("5a93ef7c6c4b95a916def3d2"), 
    "comments" : "new task Test is add to the Project", 
    "taskId" : ObjectId("5aa756f2123c49259e705b60"), 
    "createdAt" : ISODate("2018-03-13T04:43:30.269+0000"), 
    "updatedAt" : ISODate("2018-03-13T04:43:30.269+0000")
}
{ 
    "_id" : ObjectId("5aa7579d123c49259e705b67"), 
    "projectId" : ObjectId("5a94de0d51503c890cf36420"), 
    "dateOfEntry" : ISODate("2018-03-13T00:00:00.000+0000"), 
    "userId" : ObjectId("5a93ef7c6c4b95a916def3d2"), 
    "comments" : "new task erer is add to the Project", 
    "taskId" : ObjectId("5aa7579d123c49259e705b65"), 
    "createdAt" : ISODate("2018-03-13T04:46:21.262+0000"), 
    "updatedAt" : ISODate("2018-03-13T04:46:21.262+0000")
}
{ 
    "_id" : ObjectId("5aa75a77123c49259e705b6d"), 
    "projectId" : ObjectId("5aa75a77123c49259e705b6c"), 
    "dateOfEntry" : ISODate("2018-03-13T00:00:00.000+0000"), 
    "userId" : ObjectId("5aa75a4c123c49259e705b6b"), 
    "comments" : "created new project", 
    "createdAt" : ISODate("2018-03-13T04:58:31.885+0000"), 
    "updatedAt" : ISODate("2018-03-13T04:58:31.885+0000")
}
{ 
    "_id" : ObjectId("5aa75aee123c49259e705b70"), 
    "projectId" : ObjectId("5a94de0d51503c890cf36420"), 
    "dateOfEntry" : ISODate("2018-03-13T00:00:00.000+0000"), 
    "userId" : ObjectId("5a93ef7c6c4b95a916def3d2"), 
    "comments" : "new task Test Task is add to the Project", 
    "taskId" : ObjectId("5aa75aee123c49259e705b6e"), 
    "createdAt" : ISODate("2018-03-13T05:00:30.843+0000"), 
    "updatedAt" : ISODate("2018-03-13T05:00:30.843+0000")
}
{ 
    "_id" : ObjectId("5aa767a6a647eb4278cef4b7"), 
    "projectId" : ObjectId("5a94de0d51503c890cf36420"), 
    "dateOfEntry" : ISODate("2018-03-13T00:00:00.000+0000"), 
    "userId" : ObjectId("5a93ef7c6c4b95a916def3d2"), 
    "comments" : "new task tesdsd is add to the Project", 
    "taskId" : ObjectId("5aa767a6a647eb4278cef4b5"), 
    "createdAt" : ISODate("2018-03-13T05:54:46.755+0000"), 
    "updatedAt" : ISODate("2018-03-13T05:54:46.755+0000")
}
{ 
    "_id" : ObjectId("5aa767eea647eb4278cef4bc"), 
    "projectId" : ObjectId("5a94de0d51503c890cf36420"), 
    "dateOfEntry" : ISODate("2018-03-13T00:00:00.000+0000"), 
    "userId" : ObjectId("5a93ef7c6c4b95a916def3d2"), 
    "comments" : "new task tresdsa is add to the Project", 
    "taskId" : ObjectId("5aa767eea647eb4278cef4ba"), 
    "createdAt" : ISODate("2018-03-13T05:55:58.715+0000"), 
    "updatedAt" : ISODate("2018-03-13T05:55:58.715+0000")
}
{ 
    "_id" : ObjectId("5aa76bb9a647eb4278cef4c1"), 
    "projectId" : ObjectId("5aa75a77123c49259e705b6c"), 
    "dateOfEntry" : ISODate("2018-03-13T00:00:00.000+0000"), 
    "userId" : ObjectId("5aa75a4c123c49259e705b6b"), 
    "comments" : "new task Afex Task 1 is add to the Project", 
    "taskId" : ObjectId("5aa76bb9a647eb4278cef4bf"), 
    "createdAt" : ISODate("2018-03-13T06:12:09.826+0000"), 
    "updatedAt" : ISODate("2018-03-13T06:12:09.826+0000")
}
{ 
    "_id" : ObjectId("5aa7814ba647eb4278cef4c4"), 
    "projectId" : ObjectId("5aa75a77123c49259e705b6c"), 
    "dateOfEntry" : ISODate("2018-03-13T00:00:00.000+0000"), 
    "userId" : ObjectId("5aa75a4c123c49259e705b6b"), 
    "comments" : "new task Afex Task 1 is add to the Project", 
    "taskId" : ObjectId("5aa7814ba647eb4278cef4c2"), 
    "createdAt" : ISODate("2018-03-13T07:44:11.873+0000"), 
    "updatedAt" : ISODate("2018-03-13T07:44:11.873+0000")
}
{ 
    "_id" : ObjectId("5aa7cd210849fe4a7faa33ca"), 
    "projectId" : ObjectId("5a979ca209abd7e0459dfd1e"), 
    "dateOfEntry" : ISODate("2018-03-13T00:00:00.000+0000"), 
    "userId" : ObjectId("5a93ef7c6c4b95a916def3d2"), 
    "comments" : "new task Test Task is add to the Project", 
    "taskId" : ObjectId("5aa7cd210849fe4a7faa33c8"), 
    "createdAt" : ISODate("2018-03-13T13:07:45.537+0000"), 
    "updatedAt" : ISODate("2018-03-13T13:07:45.537+0000")
}
{ 
    "_id" : ObjectId("5aa8c2900849fe4a7faa33cd"), 
    "projectId" : ObjectId("5a979ca209abd7e0459dfd1e"), 
    "dateOfEntry" : ISODate("2018-03-14T00:00:00.000+0000"), 
    "userId" : ObjectId("5a93ef7c6c4b95a916def3d2"), 
    "comments" : "new task Testtt is add to the Project", 
    "taskId" : ObjectId("5aa8c2900849fe4a7faa33cb"), 
    "createdAt" : ISODate("2018-03-14T06:34:56.826+0000"), 
    "updatedAt" : ISODate("2018-03-14T06:34:56.826+0000")
}
{ 
    "_id" : ObjectId("5aa8c2a50849fe4a7faa33d0"), 
    "projectId" : ObjectId("5a979ca209abd7e0459dfd1e"), 
    "dateOfEntry" : ISODate("2018-03-14T00:00:00.000+0000"), 
    "userId" : ObjectId("5a93ef7c6c4b95a916def3d2"), 
    "comments" : "new task Test data is add to the Project", 
    "taskId" : ObjectId("5aa8c2a50849fe4a7faa33ce"), 
    "createdAt" : ISODate("2018-03-14T06:35:17.025+0000"), 
    "updatedAt" : ISODate("2018-03-14T06:35:17.025+0000")
}
{ 
    "_id" : ObjectId("5aa8c53c0849fe4a7faa33d5"), 
    "projectId" : ObjectId("5a979ca209abd7e0459dfd1e"), 
    "dateOfEntry" : ISODate("2018-03-14T00:00:00.000+0000"), 
    "userId" : ObjectId("5a93ef7c6c4b95a916def3d2"), 
    "comments" : "new task tesfasdsd is add to the Project", 
    "taskId" : ObjectId("5aa8c53c0849fe4a7faa33d3"), 
    "createdAt" : ISODate("2018-03-14T06:46:20.575+0000"), 
    "updatedAt" : ISODate("2018-03-14T06:46:20.575+0000")
}
{ 
    "_id" : ObjectId("5aa8c7900849fe4a7faa33d8"), 
    "projectId" : ObjectId("5a979ca209abd7e0459dfd1e"), 
    "dateOfEntry" : ISODate("2018-03-14T00:00:00.000+0000"), 
    "userId" : ObjectId("5a93ef7c6c4b95a916def3d2"), 
    "comments" : "new task tesfasdsd is add to the Project", 
    "taskId" : ObjectId("5aa8c7900849fe4a7faa33d6"), 
    "createdAt" : ISODate("2018-03-14T06:56:16.403+0000"), 
    "updatedAt" : ISODate("2018-03-14T06:56:16.403+0000")
}
{ 
    "_id" : ObjectId("5aa8c8050849fe4a7faa33df"), 
    "projectId" : ObjectId("5a979ca209abd7e0459dfd1e"), 
    "dateOfEntry" : ISODate("2018-03-14T00:00:00.000+0000"), 
    "userId" : ObjectId("5a93ef7c6c4b95a916def3d2"), 
    "comments" : "new task tesfasdsd is add to the Project", 
    "taskId" : ObjectId("5aa8c8050849fe4a7faa33dd"), 
    "createdAt" : ISODate("2018-03-14T06:58:13.329+0000"), 
    "updatedAt" : ISODate("2018-03-14T06:58:13.329+0000")
}
{ 
    "_id" : ObjectId("5aa8c8f60849fe4a7faa33e6"), 
    "projectId" : ObjectId("5a979ca209abd7e0459dfd1e"), 
    "dateOfEntry" : ISODate("2018-03-14T00:00:00.000+0000"), 
    "userId" : ObjectId("5a93ef7c6c4b95a916def3d2"), 
    "comments" : "new task Test Task is add to the Project", 
    "taskId" : ObjectId("5aa8c8f60849fe4a7faa33e4"), 
    "createdAt" : ISODate("2018-03-14T07:02:14.498+0000"), 
    "updatedAt" : ISODate("2018-03-14T07:02:14.498+0000")
}
{ 
    "_id" : ObjectId("5aa8c90d0849fe4a7faa33ed"), 
    "projectId" : ObjectId("5a979ca209abd7e0459dfd1e"), 
    "dateOfEntry" : ISODate("2018-03-14T00:00:00.000+0000"), 
    "userId" : ObjectId("5a93ef7c6c4b95a916def3d2"), 
    "comments" : "new task Test Task is add to the Project", 
    "taskId" : ObjectId("5aa8c90d0849fe4a7faa33eb"), 
    "createdAt" : ISODate("2018-03-14T07:02:37.459+0000"), 
    "updatedAt" : ISODate("2018-03-14T07:02:37.459+0000")
}
{ 
    "_id" : ObjectId("5aa8c9530849fe4a7faa33f4"), 
    "projectId" : ObjectId("5a979ca209abd7e0459dfd1e"), 
    "dateOfEntry" : ISODate("2018-03-14T00:00:00.000+0000"), 
    "userId" : ObjectId("5a93ef7c6c4b95a916def3d2"), 
    "comments" : "new task Test is add to the Project", 
    "taskId" : ObjectId("5aa8c9530849fe4a7faa33f2"), 
    "createdAt" : ISODate("2018-03-14T07:03:47.483+0000"), 
    "updatedAt" : ISODate("2018-03-14T07:03:47.483+0000")
}
{ 
    "_id" : ObjectId("5aa8c96f0849fe4a7faa33f7"), 
    "projectId" : ObjectId("5a979ca209abd7e0459dfd1e"), 
    "dateOfEntry" : ISODate("2018-03-14T00:00:00.000+0000"), 
    "userId" : ObjectId("5a93ef7c6c4b95a916def3d2"), 
    "comments" : "new task erhjsfds is add to the Project", 
    "taskId" : ObjectId("5aa8c96f0849fe4a7faa33f5"), 
    "createdAt" : ISODate("2018-03-14T07:04:15.249+0000"), 
    "updatedAt" : ISODate("2018-03-14T07:04:15.249+0000")
}
{ 
    "_id" : ObjectId("5aa8c9830849fe4a7faa33fa"), 
    "projectId" : ObjectId("5a979ca209abd7e0459dfd1e"), 
    "dateOfEntry" : ISODate("2018-03-14T00:00:00.000+0000"), 
    "userId" : ObjectId("5a93ef7c6c4b95a916def3d2"), 
    "comments" : "new task wregsf is add to the Project", 
    "taskId" : ObjectId("5aa8c9830849fe4a7faa33f8"), 
    "createdAt" : ISODate("2018-03-14T07:04:35.051+0000"), 
    "updatedAt" : ISODate("2018-03-14T07:04:35.051+0000")
}
{ 
    "_id" : ObjectId("5aa8c9d80849fe4a7faa3400"), 
    "projectId" : ObjectId("5a979ca209abd7e0459dfd1e"), 
    "dateOfEntry" : ISODate("2018-03-14T00:00:00.000+0000"), 
    "userId" : ObjectId("5a93ef7c6c4b95a916def3d2"), 
    "comments" : "added Ramesh Rajamani to this project", 
    "createdAt" : ISODate("2018-03-14T07:06:00.364+0000"), 
    "updatedAt" : ISODate("2018-03-14T07:06:00.364+0000")
}
{ 
    "_id" : ObjectId("5aa8c9d80849fe4a7faa3401"), 
    "projectId" : ObjectId("5a979ca209abd7e0459dfd1e"), 
    "dateOfEntry" : ISODate("2018-03-14T00:00:00.000+0000"), 
    "userId" : ObjectId("5a93ef7c6c4b95a916def3d2"), 
    "comments" : "added Rajesh to this project", 
    "createdAt" : ISODate("2018-03-14T07:06:00.539+0000"), 
    "updatedAt" : ISODate("2018-03-14T07:06:00.539+0000")
}
{ 
    "_id" : ObjectId("5aa8c9e50849fe4a7faa3402"), 
    "projectId" : ObjectId("5a979ca209abd7e0459dfd1e"), 
    "dateOfEntry" : ISODate("2018-03-14T00:00:00.000+0000"), 
    "userId" : ObjectId("5a93ef7c6c4b95a916def3d2"), 
    "comments" : "added Ramesh Rajamani to this project", 
    "createdAt" : ISODate("2018-03-14T07:06:13.199+0000"), 
    "updatedAt" : ISODate("2018-03-14T07:06:13.199+0000")
}
{ 
    "_id" : ObjectId("5aa8c9e50849fe4a7faa3403"), 
    "projectId" : ObjectId("5a979ca209abd7e0459dfd1e"), 
    "dateOfEntry" : ISODate("2018-03-14T00:00:00.000+0000"), 
    "userId" : ObjectId("5a93ef7c6c4b95a916def3d2"), 
    "comments" : "added Rajesh to this project", 
    "createdAt" : ISODate("2018-03-14T07:06:13.332+0000"), 
    "updatedAt" : ISODate("2018-03-14T07:06:13.332+0000")
}
{ 
    "_id" : ObjectId("5aa8c9f20849fe4a7faa3404"), 
    "projectId" : ObjectId("5a979ca209abd7e0459dfd1e"), 
    "dateOfEntry" : ISODate("2018-03-14T00:00:00.000+0000"), 
    "userId" : ObjectId("5a93ef7c6c4b95a916def3d2"), 
    "comments" : "added Ramesh Rajamani to this project", 
    "createdAt" : ISODate("2018-03-14T07:06:26.409+0000"), 
    "updatedAt" : ISODate("2018-03-14T07:06:26.409+0000")
}
{ 
    "_id" : ObjectId("5aa8c9f20849fe4a7faa3405"), 
    "projectId" : ObjectId("5a979ca209abd7e0459dfd1e"), 
    "dateOfEntry" : ISODate("2018-03-14T00:00:00.000+0000"), 
    "userId" : ObjectId("5a93ef7c6c4b95a916def3d2"), 
    "comments" : "added Rajesh to this project", 
    "createdAt" : ISODate("2018-03-14T07:06:26.574+0000"), 
    "updatedAt" : ISODate("2018-03-14T07:06:26.574+0000")
}
{ 
    "_id" : ObjectId("5aa8ca280849fe4a7faa3406"), 
    "projectId" : ObjectId("5a979ca209abd7e0459dfd1e"), 
    "dateOfEntry" : ISODate("2018-03-14T00:00:00.000+0000"), 
    "userId" : ObjectId("5a93ef7c6c4b95a916def3d2"), 
    "comments" : "added Ramesh Rajamani to this project", 
    "createdAt" : ISODate("2018-03-14T07:07:20.126+0000"), 
    "updatedAt" : ISODate("2018-03-14T07:07:20.126+0000")
}
{ 
    "_id" : ObjectId("5aa8ca280849fe4a7faa3407"), 
    "projectId" : ObjectId("5a979ca209abd7e0459dfd1e"), 
    "dateOfEntry" : ISODate("2018-03-14T00:00:00.000+0000"), 
    "userId" : ObjectId("5a93ef7c6c4b95a916def3d2"), 
    "comments" : "added Rajesh to this project", 
    "createdAt" : ISODate("2018-03-14T07:07:20.284+0000"), 
    "updatedAt" : ISODate("2018-03-14T07:07:20.284+0000")
}
{ 
    "_id" : ObjectId("5aa8ca530849fe4a7faa3408"), 
    "projectId" : ObjectId("5a979ca209abd7e0459dfd1e"), 
    "dateOfEntry" : ISODate("2018-03-14T00:00:00.000+0000"), 
    "userId" : ObjectId("5a93ef7c6c4b95a916def3d2"), 
    "comments" : "added Ramesh Rajamani to this project", 
    "createdAt" : ISODate("2018-03-14T07:08:03.804+0000"), 
    "updatedAt" : ISODate("2018-03-14T07:08:03.804+0000")
}
{ 
    "_id" : ObjectId("5aa8ca530849fe4a7faa3409"), 
    "projectId" : ObjectId("5a979ca209abd7e0459dfd1e"), 
    "dateOfEntry" : ISODate("2018-03-14T00:00:00.000+0000"), 
    "userId" : ObjectId("5a93ef7c6c4b95a916def3d2"), 
    "comments" : "added Rajesh to this project", 
    "createdAt" : ISODate("2018-03-14T07:08:03.987+0000"), 
    "updatedAt" : ISODate("2018-03-14T07:08:03.987+0000")
}
{ 
    "_id" : ObjectId("5aa8cadd0849fe4a7faa340a"), 
    "projectId" : ObjectId("5a979ca209abd7e0459dfd1e"), 
    "dateOfEntry" : ISODate("2018-03-14T00:00:00.000+0000"), 
    "userId" : ObjectId("5a93ef7c6c4b95a916def3d2"), 
    "comments" : "added Ramesh Rajamani to this project", 
    "createdAt" : ISODate("2018-03-14T07:10:21.281+0000"), 
    "updatedAt" : ISODate("2018-03-14T07:10:21.281+0000")
}
{ 
    "_id" : ObjectId("5aa8cae20849fe4a7faa340b"), 
    "projectId" : ObjectId("5a979ca209abd7e0459dfd1e"), 
    "dateOfEntry" : ISODate("2018-03-14T00:00:00.000+0000"), 
    "userId" : ObjectId("5a93ef7c6c4b95a916def3d2"), 
    "comments" : "added Ramesh Rajamani to this project", 
    "createdAt" : ISODate("2018-03-14T07:10:26.028+0000"), 
    "updatedAt" : ISODate("2018-03-14T07:10:26.028+0000")
}
{ 
    "_id" : ObjectId("5aa8cb6d0849fe4a7faa340e"), 
    "projectId" : ObjectId("5a979ca209abd7e0459dfd1e"), 
    "dateOfEntry" : ISODate("2018-03-14T00:00:00.000+0000"), 
    "userId" : ObjectId("5a93ef7c6c4b95a916def3d2"), 
    "comments" : "new task erer is add to the Project", 
    "taskId" : ObjectId("5aa8cb6d0849fe4a7faa340c"), 
    "createdAt" : ISODate("2018-03-14T07:12:45.100+0000"), 
    "updatedAt" : ISODate("2018-03-14T07:12:45.100+0000")
}
{ 
    "_id" : ObjectId("5aaf6bc4dcbd750e7f8d3f0b"), 
    "projectId" : ObjectId("5a979ca209abd7e0459dfd1e"), 
    "dateOfEntry" : ISODate("2018-03-19T00:00:00.000+0000"), 
    "userId" : ObjectId("5a93ef7c6c4b95a916def3d2"), 
    "comments" : "added Ramesh Rajamani to this project", 
    "createdAt" : ISODate("2018-03-19T07:50:28.002+0000"), 
    "updatedAt" : ISODate("2018-03-19T07:50:28.002+0000")
}
{ 
    "_id" : ObjectId("5aaf8e524ac0b3086238f4d2"), 
    "projectId" : ObjectId("5a979ca209abd7e0459dfd1e"), 
    "dateOfEntry" : ISODate("2018-03-19T00:00:00.000+0000"), 
    "userId" : ObjectId("5a93ef7c6c4b95a916def3d2"), 
    "comments" : "added Ramesh Rajamani to this project", 
    "createdAt" : ISODate("2018-03-19T10:17:54.285+0000"), 
    "updatedAt" : ISODate("2018-03-19T10:17:54.285+0000")
}
{ 
    "_id" : ObjectId("5ab8d63d6dcdec0bfab9d782"), 
    "projectId" : ObjectId("5ab8d63d6dcdec0bfab9d781"), 
    "dateOfEntry" : ISODate("2018-03-26T00:00:00.000+0000"), 
    "userId" : ObjectId("5ab8d6206dcdec0bfab9d780"), 
    "comments" : "created new project", 
    "createdAt" : ISODate("2018-03-26T11:15:09.491+0000"), 
    "updatedAt" : ISODate("2018-03-26T11:15:09.491+0000")
}
{ 
    "_id" : ObjectId("5ab8e90b6dcdec0bfab9d784"), 
    "projectId" : ObjectId("5ab8e90b6dcdec0bfab9d783"), 
    "dateOfEntry" : ISODate("2018-03-26T00:00:00.000+0000"), 
    "userId" : ObjectId("5ab8d6206dcdec0bfab9d780"), 
    "comments" : "created new project", 
    "createdAt" : ISODate("2018-03-26T12:35:23.658+0000"), 
    "updatedAt" : ISODate("2018-03-26T12:35:23.658+0000")
}
{ 
    "_id" : ObjectId("5ab9d16a8cf479109ef14f4f"), 
    "projectId" : ObjectId("5ab9d16a8cf479109ef14f4e"), 
    "dateOfEntry" : ISODate("2018-03-27T00:00:00.000+0000"), 
    "userId" : ObjectId("5ab8d6206dcdec0bfab9d780"), 
    "comments" : "created new project", 
    "createdAt" : ISODate("2018-03-27T05:06:50.667+0000"), 
    "updatedAt" : ISODate("2018-03-27T05:06:50.667+0000")
}
{ 
    "_id" : ObjectId("5ab9d1be8cf479109ef14f51"), 
    "projectId" : ObjectId("5ab9d1be8cf479109ef14f50"), 
    "dateOfEntry" : ISODate("2018-03-27T00:00:00.000+0000"), 
    "userId" : ObjectId("5ab8d6206dcdec0bfab9d780"), 
    "comments" : "created new project", 
    "createdAt" : ISODate("2018-03-27T05:08:14.772+0000"), 
    "updatedAt" : ISODate("2018-03-27T05:08:14.772+0000")
}
{ 
    "_id" : ObjectId("5ab9d7af8cf479109ef14f53"), 
    "projectId" : ObjectId("5ab9d7af8cf479109ef14f52"), 
    "dateOfEntry" : ISODate("2018-03-27T00:00:00.000+0000"), 
    "userId" : ObjectId("5ab8d6206dcdec0bfab9d780"), 
    "comments" : "created new project", 
    "createdAt" : ISODate("2018-03-27T05:33:35.978+0000"), 
    "updatedAt" : ISODate("2018-03-27T05:33:35.978+0000")
}
{ 
    "_id" : ObjectId("5aba2907ca5be418ed2c9a85"), 
    "projectId" : ObjectId("5aa75a77123c49259e705b6c"), 
    "dateOfEntry" : ISODate("2018-03-27T00:00:00.000+0000"), 
    "userId" : ObjectId("5aa75a4c123c49259e705b6b"), 
    "comments" : "new task Afex Task 1 is add to the Project", 
    "taskId" : ObjectId("5aba2907ca5be418ed2c9a83"), 
    "createdAt" : ISODate("2018-03-27T11:20:39.223+0000"), 
    "updatedAt" : ISODate("2018-03-27T11:20:39.223+0000")
}
{ 
    "_id" : ObjectId("5aba3977ca5be418ed2c9a88"), 
    "projectId" : ObjectId("5ab9d1be8cf479109ef14f50"), 
    "dateOfEntry" : ISODate("2018-03-27T00:00:00.000+0000"), 
    "userId" : ObjectId("5ab8d6206dcdec0bfab9d780"), 
    "comments" : "new task gvfg is add to the Project", 
    "taskId" : ObjectId("5aba3977ca5be418ed2c9a86"), 
    "createdAt" : ISODate("2018-03-27T12:30:47.311+0000"), 
    "updatedAt" : ISODate("2018-03-27T12:30:47.311+0000")
}
{ 
    "_id" : ObjectId("5aba3bb9ca5be418ed2c9a8b"), 
    "projectId" : ObjectId("5ab8e90b6dcdec0bfab9d783"), 
    "dateOfEntry" : ISODate("2018-03-27T00:00:00.000+0000"), 
    "userId" : ObjectId("5ab8d6206dcdec0bfab9d780"), 
    "comments" : "new task dfgh is add to the Project", 
    "taskId" : ObjectId("5aba3bb9ca5be418ed2c9a89"), 
    "createdAt" : ISODate("2018-03-27T12:40:25.938+0000"), 
    "updatedAt" : ISODate("2018-03-27T12:40:25.938+0000")
}
{ 
    "_id" : ObjectId("5abb23415a6a070e55f4498a"), 
    "projectId" : ObjectId("5abb23415a6a070e55f44989"), 
    "dateOfEntry" : ISODate("2018-03-28T00:00:00.000+0000"), 
    "userId" : ObjectId("5a99331fdbcd014a19105ddf"), 
    "comments" : "created new project", 
    "createdAt" : ISODate("2018-03-28T05:08:17.994+0000"), 
    "updatedAt" : ISODate("2018-03-28T05:08:17.994+0000")
}
{ 
    "_id" : ObjectId("5abb234a5a6a070e55f4498c"), 
    "projectId" : ObjectId("5abb234a5a6a070e55f4498b"), 
    "dateOfEntry" : ISODate("2018-03-28T00:00:00.000+0000"), 
    "userId" : ObjectId("5a99331fdbcd014a19105ddf"), 
    "comments" : "created new project", 
    "createdAt" : ISODate("2018-03-28T05:08:26.733+0000"), 
    "updatedAt" : ISODate("2018-03-28T05:08:26.733+0000")
}
{ 
    "_id" : ObjectId("5aa64c17bb1b83235425232d"), 
    "projectId" : ObjectId("5aa64c17bb1b83235425232c"), 
    "dateOfEntry" : ISODate("2018-03-12T00:00:00.000+0000"), 
    "userId" : ObjectId("5a99331fdbcd014a19105ddf"), 
    "comments" : "created new project", 
    "createdAt" : ISODate("2018-03-12T09:44:55.827+0000"), 
    "updatedAt" : ISODate("2018-03-12T09:44:55.827+0000")
}
{ 
    "_id" : ObjectId("5abb24bf5a6a070e55f4498e"), 
    "projectId" : ObjectId("5abb24bf5a6a070e55f4498d"), 
    "dateOfEntry" : ISODate("2018-03-28T00:00:00.000+0000"), 
    "userId" : ObjectId("5ab8d6206dcdec0bfab9d780"), 
    "comments" : "created new project", 
    "createdAt" : ISODate("2018-03-28T05:14:39.317+0000"), 
    "updatedAt" : ISODate("2018-03-28T05:14:39.317+0000")
}
{ 
    "_id" : ObjectId("5abb3d115a6a070e55f44990"), 
    "projectId" : ObjectId("5abb3d115a6a070e55f4498f"), 
    "dateOfEntry" : ISODate("2018-03-28T00:00:00.000+0000"), 
    "userId" : ObjectId("5a99331fdbcd014a19105ddf"), 
    "comments" : "created new project", 
    "createdAt" : ISODate("2018-03-28T06:58:25.354+0000"), 
    "updatedAt" : ISODate("2018-03-28T06:58:25.354+0000")
}
{ 
    "_id" : ObjectId("5abb3d495a6a070e55f44992"), 
    "projectId" : ObjectId("5abb3d495a6a070e55f44991"), 
    "dateOfEntry" : ISODate("2018-03-28T00:00:00.000+0000"), 
    "userId" : ObjectId("5a99331fdbcd014a19105ddf"), 
    "comments" : "created new project", 
    "createdAt" : ISODate("2018-03-28T06:59:21.406+0000"), 
    "updatedAt" : ISODate("2018-03-28T06:59:21.406+0000")
}
{ 
    "_id" : ObjectId("5abb3d7b5a6a070e55f44994"), 
    "projectId" : ObjectId("5abb3d7b5a6a070e55f44993"), 
    "dateOfEntry" : ISODate("2018-03-28T00:00:00.000+0000"), 
    "userId" : ObjectId("5a99331fdbcd014a19105ddf"), 
    "comments" : "created new project", 
    "createdAt" : ISODate("2018-03-28T07:00:11.955+0000"), 
    "updatedAt" : ISODate("2018-03-28T07:00:11.955+0000")
}
{ 
    "_id" : ObjectId("5abb64be455d9713eaafdc92"), 
    "projectId" : ObjectId("5abb64be455d9713eaafdc91"), 
    "dateOfEntry" : ISODate("2018-03-28T00:00:00.000+0000"), 
    "userId" : ObjectId("5abb605e455d9713eaafdc8e"), 
    "comments" : "created new project", 
    "createdAt" : ISODate("2018-03-28T09:47:42.700+0000"), 
    "updatedAt" : ISODate("2018-03-28T09:47:42.700+0000")
}
{ 
    "_id" : ObjectId("5abb64d1455d9713eaafdc94"), 
    "projectId" : ObjectId("5abb64d1455d9713eaafdc93"), 
    "dateOfEntry" : ISODate("2018-03-28T00:00:00.000+0000"), 
    "userId" : ObjectId("5abb605e455d9713eaafdc8e"), 
    "comments" : "created new project", 
    "createdAt" : ISODate("2018-03-28T09:48:01.482+0000"), 
    "updatedAt" : ISODate("2018-03-28T09:48:01.482+0000")
}
{ 
    "_id" : ObjectId("5abb64da455d9713eaafdc96"), 
    "projectId" : ObjectId("5abb64da455d9713eaafdc95"), 
    "dateOfEntry" : ISODate("2018-03-28T00:00:00.000+0000"), 
    "userId" : ObjectId("5abb605e455d9713eaafdc8e"), 
    "comments" : "created new project", 
    "createdAt" : ISODate("2018-03-28T09:48:10.327+0000"), 
    "updatedAt" : ISODate("2018-03-28T09:48:10.327+0000")
}
{ 
    "_id" : ObjectId("5abb64ea455d9713eaafdc98"), 
    "projectId" : ObjectId("5abb64e9455d9713eaafdc97"), 
    "dateOfEntry" : ISODate("2018-03-28T00:00:00.000+0000"), 
    "userId" : ObjectId("5abb605e455d9713eaafdc8e"), 
    "comments" : "created new project", 
    "createdAt" : ISODate("2018-03-28T09:48:25.999+0000"), 
    "updatedAt" : ISODate("2018-03-28T09:48:25.999+0000")
}
{ 
    "_id" : ObjectId("5abb6586455d9713eaafdc9b"), 
    "projectId" : ObjectId("5abb64e9455d9713eaafdc97"), 
    "dateOfEntry" : ISODate("2018-03-28T00:00:00.000+0000"), 
    "userId" : ObjectId("5abb605e455d9713eaafdc8e"), 
    "comments" : "new task Create google sign in is add to the Project", 
    "taskId" : ObjectId("5abb6586455d9713eaafdc99"), 
    "createdAt" : ISODate("2018-03-28T09:51:02.444+0000"), 
    "updatedAt" : ISODate("2018-03-28T09:51:02.444+0000")
}
{ 
    "_id" : ObjectId("5abb65a4455d9713eaafdc9e"), 
    "projectId" : ObjectId("5abb64e9455d9713eaafdc97"), 
    "dateOfEntry" : ISODate("2018-03-28T00:00:00.000+0000"), 
    "userId" : ObjectId("5abb605e455d9713eaafdc8e"), 
    "comments" : "new task Create HomePage is add to the Project", 
    "taskId" : ObjectId("5abb65a4455d9713eaafdc9c"), 
    "createdAt" : ISODate("2018-03-28T09:51:32.284+0000"), 
    "updatedAt" : ISODate("2018-03-28T09:51:32.284+0000")
}
{ 
    "_id" : ObjectId("5abb65d4455d9713eaafdca1"), 
    "projectId" : ObjectId("5abb64e9455d9713eaafdc97"), 
    "dateOfEntry" : ISODate("2018-03-28T00:00:00.000+0000"), 
    "userId" : ObjectId("5abb605e455d9713eaafdc8e"), 
    "comments" : "new task create bottom-nav tabs is add to the Project", 
    "taskId" : ObjectId("5abb65d4455d9713eaafdc9f"), 
    "createdAt" : ISODate("2018-03-28T09:52:20.628+0000"), 
    "updatedAt" : ISODate("2018-03-28T09:52:20.628+0000")
}
{ 
    "_id" : ObjectId("5abc7fe218adf109a5249b93"), 
    "projectId" : ObjectId("5abb64be455d9713eaafdc91"), 
    "dateOfEntry" : ISODate("2018-03-29T00:00:00.000+0000"), 
    "userId" : ObjectId("5abb605e455d9713eaafdc8e"), 
    "comments" : "new task test is add to the Project", 
    "taskId" : ObjectId("5abc7fe218adf109a5249b91"), 
    "createdAt" : ISODate("2018-03-29T05:55:46.773+0000"), 
    "updatedAt" : ISODate("2018-03-29T05:55:46.773+0000")
}
{ 
    "_id" : ObjectId("5abc84c318adf109a5249b96"), 
    "projectId" : ObjectId("5abb64e9455d9713eaafdc97"), 
    "dateOfEntry" : ISODate("2018-03-29T00:00:00.000+0000"), 
    "userId" : ObjectId("5abb605e455d9713eaafdc8e"), 
    "comments" : "new task create bottom-nav tabs is add to the Project", 
    "taskId" : ObjectId("5abc84c318adf109a5249b94"), 
    "createdAt" : ISODate("2018-03-29T06:16:35.355+0000"), 
    "updatedAt" : ISODate("2018-03-29T06:16:35.355+0000")
}
{ 
    "_id" : ObjectId("5abcb81c3b16c4150f706c0c"), 
    "projectId" : ObjectId("5abb64e9455d9713eaafdc97"), 
    "dateOfEntry" : ISODate("2018-03-29T00:00:00.000+0000"), 
    "userId" : ObjectId("5abb605e455d9713eaafdc8e"), 
    "comments" : "new task create bottom-nav tabs is add to the Project", 
    "taskId" : ObjectId("5abcb81c3b16c4150f706c0a"), 
    "createdAt" : ISODate("2018-03-29T09:55:40.403+0000"), 
    "updatedAt" : ISODate("2018-03-29T09:55:40.403+0000")
}
