{ 
    "_id" : ObjectId("5a94e0a751503c890cf36422"), 
    "name" : "Test 1", 
    "projectId" : ObjectId("5a94de0d51503c890cf36420"), 
    "loggedInUserId" : "5a93ef7c6c4b95a916def3d1", 
    "startDate" : ISODate("2018-02-28T00:00:00.000+0000"), 
    "endDate" : ISODate("2018-02-28T00:00:00.000+0000"), 
    "state" : NumberInt(1), 
    "createdAt" : ISODate("2018-02-27T04:37:59.486+0000"), 
    "updatedAt" : ISODate("2018-03-07T12:59:36.994+0000")
}
{ 
    "_id" : ObjectId("5a964c9553f6f8c267446a9e"), 
    "name" : "Task page creation", 
    "projectId" : ObjectId("5a94de0d51503c890cf36420"), 
    "loggedInUserId" : "5a93ef7c6c4b95a916def3d1", 
    "startDate" : ISODate("2018-02-28T00:00:00.000+0000"), 
    "endDate" : ISODate("2018-03-01T00:00:00.000+0000"), 
    "state" : NumberInt(1), 
    "createdAt" : ISODate("2018-02-28T06:30:45.018+0000"), 
    "updatedAt" : ISODate("2018-02-28T06:30:45.018+0000")
}
{ 
    "_id" : ObjectId("5a967bb453f6f8c267446aab"), 
    "name" : "Test 2", 
    "projectId" : ObjectId("5a94de0d51503c890cf36420"), 
    "loggedInUserId" : "5a93ef7c6c4b95a916def3d1", 
    "startDate" : ISODate("2018-02-28T00:00:00.000+0000"), 
    "endDate" : ISODate("2018-02-28T00:00:00.000+0000"), 
    "state" : NumberInt(1), 
    "createdAt" : ISODate("2018-02-28T09:51:48.450+0000"), 
    "updatedAt" : ISODate("2018-02-28T09:51:48.450+0000")
}
{ 
    "_id" : ObjectId("5a97c1d009abd7e0459dfd26"), 
    "name" : "Test 3", 
    "projectId" : ObjectId("5a94de0d51503c890cf36420"), 
    "loggedInUserId" : "5a93ef7c6c4b95a916def3d1", 
    "startDate" : ISODate("2018-03-01T00:00:00.000+0000"), 
    "endDate" : ISODate("2018-03-02T00:00:00.000+0000"), 
    "state" : NumberInt(1), 
    "createdAt" : ISODate("2018-03-01T09:03:12.443+0000"), 
    "updatedAt" : ISODate("2018-03-01T09:03:12.443+0000")
}
{ 
    "_id" : ObjectId("5a97ce7f09abd7e0459dfd33"), 
    "name" : "Task page creation", 
    "projectId" : ObjectId("5a94de0d51503c890cf36420"), 
    "loggedInUserId" : "5a93ef7c6c4b95a916def3d1", 
    "startDate" : ISODate("2018-03-01T00:00:00.000+0000"), 
    "endDate" : ISODate("2018-03-03T00:00:00.000+0000"), 
    "state" : NumberInt(1), 
    "createdAt" : ISODate("2018-03-01T09:57:19.853+0000"), 
    "updatedAt" : ISODate("2018-03-01T09:57:19.853+0000")
}
{ 
    "_id" : ObjectId("5a97e20709abd7e0459dfd40"), 
    "name" : "Task page creation33", 
    "projectId" : ObjectId("5a94de0d51503c890cf36420"), 
    "loggedInUserId" : "5a93ef7c6c4b95a916def3d1", 
    "startDate" : ISODate("2018-03-01T00:00:00.000+0000"), 
    "endDate" : ISODate("2018-03-06T00:00:00.000+0000"), 
    "state" : NumberInt(1), 
    "createdAt" : ISODate("2018-03-01T11:20:39.158+0000"), 
    "updatedAt" : ISODate("2018-03-01T11:20:39.158+0000")
}
{ 
    "_id" : ObjectId("5a97ed6d09abd7e0459dfd43"), 
    "name" : "Test", 
    "projectId" : ObjectId("5a94de0d51503c890cf36420"), 
    "loggedInUserId" : "5a93ef7c6c4b95a916def3d1", 
    "startDate" : ISODate("2018-03-01T00:00:00.000+0000"), 
    "endDate" : ISODate("2018-03-06T00:00:00.000+0000"), 
    "state" : NumberInt(1), 
    "createdAt" : ISODate("2018-03-01T12:09:17.602+0000"), 
    "updatedAt" : ISODate("2018-03-01T12:09:17.602+0000")
}
{ 
    "_id" : ObjectId("5a97efa7dbcd014a19105dd0"), 
    "name" : "Test 3", 
    "projectId" : ObjectId("5a979ca209abd7e0459dfd1e"), 
    "loggedInUserId" : "5a93ef7c6c4b95a916def3d1", 
    "startDate" : ISODate("2018-03-01T00:00:00.000+0000"), 
    "endDate" : ISODate("2018-03-02T00:00:00.000+0000"), 
    "state" : NumberInt(1), 
    "createdAt" : ISODate("2018-03-01T12:18:47.953+0000"), 
    "updatedAt" : ISODate("2018-03-01T12:18:47.953+0000")
}
{ 
    "_id" : ObjectId("5a97eff2dbcd014a19105dd3"), 
    "name" : "Test 2", 
    "projectId" : ObjectId("5a979ca209abd7e0459dfd1e"), 
    "loggedInUserId" : "5a93ef7c6c4b95a916def3d1", 
    "startDate" : ISODate("2018-03-01T00:00:00.000+0000"), 
    "endDate" : ISODate("2018-03-02T00:00:00.000+0000"), 
    "state" : NumberInt(1), 
    "createdAt" : ISODate("2018-03-01T12:20:02.526+0000"), 
    "updatedAt" : ISODate("2018-03-01T12:20:02.526+0000")
}
{ 
    "_id" : ObjectId("5a97f47fdbcd014a19105dd6"), 
    "name" : "Test 3", 
    "projectId" : ObjectId("5a97d69e09abd7e0459dfd3c"), 
    "loggedInUserId" : "5a93ef7c6c4b95a916def3d1", 
    "startDate" : ISODate("2018-03-01T00:00:00.000+0000"), 
    "endDate" : ISODate("2018-03-02T00:00:00.000+0000"), 
    "state" : NumberInt(1), 
    "createdAt" : ISODate("2018-03-01T12:39:27.921+0000"), 
    "updatedAt" : ISODate("2018-03-01T12:39:27.921+0000")
}
{ 
    "_id" : ObjectId("5a98eabadbcd014a19105ddb"), 
    "name" : "saS", 
    "projectId" : ObjectId("5a94de0d51503c890cf36420"), 
    "loggedInUserId" : "5a93ef7c6c4b95a916def3d1", 
    "startDate" : ISODate("2018-03-02T00:00:00.000+0000"), 
    "endDate" : ISODate("2018-03-02T00:00:00.000+0000"), 
    "state" : NumberInt(1), 
    "createdAt" : ISODate("2018-03-02T06:10:02.445+0000"), 
    "updatedAt" : ISODate("2018-03-02T06:10:02.445+0000")
}
{ 
    "_id" : ObjectId("5a9d0fccdbcd014a19105de0"), 
    "name" : "erer", 
    "projectId" : ObjectId("5a94de0d51503c890cf36420"), 
    "loggedInUserId" : "5a93ef7c6c4b95a916def3d1", 
    "startDate" : ISODate("2018-03-01T00:00:00.000+0000"), 
    "endDate" : ISODate("2018-03-07T00:00:00.000+0000"), 
    "state" : NumberInt(1), 
    "createdAt" : ISODate("2018-03-05T09:37:16.927+0000"), 
    "updatedAt" : ISODate("2018-03-05T09:37:16.927+0000")
}
{ 
    "_id" : ObjectId("5a9e4bca2a7c28e67a4d581a"), 
    "name" : "Test Task", 
    "projectId" : ObjectId("5a9e36b32a7c28e67a4d580c"), 
    "loggedInUserId" : "5a93ef7c6c4b95a916def3d1", 
    "startDate" : ISODate("2018-03-17T00:00:00.000+0000"), 
    "endDate" : ISODate("2018-03-27T00:00:00.000+0000"), 
    "state" : NumberInt(1), 
    "createdAt" : ISODate("2018-03-06T08:05:30.687+0000"), 
    "updatedAt" : ISODate("2018-03-06T08:05:30.687+0000")
}
{ 
    "_id" : ObjectId("5a9e60872a7c28e67a4d581d"), 
    "name" : "Test Task", 
    "projectId" : ObjectId("5a9e2f5c2a7c28e67a4d57fe"), 
    "loggedInUserId" : "5a93ef7c6c4b95a916def3d1", 
    "startDate" : ISODate("2018-03-14T00:00:00.000+0000"), 
    "endDate" : ISODate("2018-03-28T00:00:00.000+0000"), 
    "state" : NumberInt(1), 
    "createdAt" : ISODate("2018-03-06T09:33:59.127+0000"), 
    "updatedAt" : ISODate("2018-03-06T09:33:59.127+0000")
}
{ 
    "_id" : ObjectId("5aa75447123c49259e705b3d"), 
    "name" : "Test Task", 
    "projectId" : ObjectId("5a94de0d51503c890cf36420"), 
    "loggedInUserId" : "5a93ef7c6c4b95a916def3d1", 
    "startDate" : ISODate("2018-03-01T00:00:00.000+0000"), 
    "endDate" : ISODate("2018-03-01T00:00:00.000+0000"), 
    "state" : NumberInt(1), 
    "createdAt" : ISODate("2018-03-13T04:32:07.010+0000"), 
    "updatedAt" : ISODate("2018-03-13T04:32:07.010+0000")
}
{ 
    "_id" : ObjectId("5aa7555d123c49259e705b40"), 
    "name" : "Test Task", 
    "projectId" : ObjectId("5a94de0d51503c890cf36420"), 
    "loggedInUserId" : "5a93ef7c6c4b95a916def3d1", 
    "startDate" : ISODate("2018-03-01T00:00:00.000+0000"), 
    "endDate" : ISODate("2018-03-01T00:00:00.000+0000"), 
    "state" : NumberInt(1), 
    "createdAt" : ISODate("2018-03-13T04:36:45.138+0000"), 
    "updatedAt" : ISODate("2018-03-13T04:36:45.138+0000")
}
{ 
    "_id" : ObjectId("5aa75569123c49259e705b43"), 
    "name" : "Test Task", 
    "projectId" : ObjectId("5a94de0d51503c890cf36420"), 
    "loggedInUserId" : "5a93ef7c6c4b95a916def3d1", 
    "startDate" : ISODate("2018-03-01T00:00:00.000+0000"), 
    "endDate" : ISODate("2018-03-01T00:00:00.000+0000"), 
    "state" : NumberInt(1), 
    "createdAt" : ISODate("2018-03-13T04:36:57.362+0000"), 
    "updatedAt" : ISODate("2018-03-13T04:36:57.362+0000")
}
{ 
    "_id" : ObjectId("5aa75610123c49259e705b46"), 
    "name" : "sadasd", 
    "projectId" : ObjectId("5a94de0d51503c890cf36420"), 
    "loggedInUserId" : "5a93ef7c6c4b95a916def3d1", 
    "startDate" : ISODate("2018-03-01T00:00:00.000+0000"), 
    "endDate" : ISODate("2018-03-01T00:00:00.000+0000"), 
    "state" : NumberInt(1), 
    "createdAt" : ISODate("2018-03-13T04:39:44.619+0000"), 
    "updatedAt" : ISODate("2018-03-13T04:39:44.619+0000")
}
{ 
    "_id" : ObjectId("5aa7563c123c49259e705b49"), 
    "name" : "sadasd", 
    "projectId" : ObjectId("5a94de0d51503c890cf36420"), 
    "loggedInUserId" : "5a93ef7c6c4b95a916def3d1", 
    "startDate" : ISODate("2018-03-01T00:00:00.000+0000"), 
    "endDate" : ISODate("2018-03-01T00:00:00.000+0000"), 
    "state" : NumberInt(1), 
    "createdAt" : ISODate("2018-03-13T04:40:28.767+0000"), 
    "updatedAt" : ISODate("2018-03-13T04:40:28.767+0000")
}
{ 
    "_id" : ObjectId("5aa7565d123c49259e705b4c"), 
    "name" : "sadasd", 
    "projectId" : ObjectId("5a94de0d51503c890cf36420"), 
    "loggedInUserId" : "5a93ef7c6c4b95a916def3d1", 
    "startDate" : ISODate("2018-03-01T00:00:00.000+0000"), 
    "endDate" : ISODate("2018-03-01T00:00:00.000+0000"), 
    "state" : NumberInt(1), 
    "createdAt" : ISODate("2018-03-13T04:41:01.930+0000"), 
    "updatedAt" : ISODate("2018-03-13T04:41:01.930+0000")
}
{ 
    "_id" : ObjectId("5aa7566b123c49259e705b4f"), 
    "name" : "sadasd", 
    "projectId" : ObjectId("5a94de0d51503c890cf36420"), 
    "loggedInUserId" : "5a93ef7c6c4b95a916def3d1", 
    "startDate" : ISODate("2018-03-01T00:00:00.000+0000"), 
    "endDate" : ISODate("2018-03-01T00:00:00.000+0000"), 
    "state" : NumberInt(1), 
    "createdAt" : ISODate("2018-03-13T04:41:15.514+0000"), 
    "updatedAt" : ISODate("2018-03-13T04:41:15.514+0000")
}
{ 
    "_id" : ObjectId("5aa75691123c49259e705b52"), 
    "name" : "sadasd", 
    "projectId" : ObjectId("5a94de0d51503c890cf36420"), 
    "loggedInUserId" : "5a93ef7c6c4b95a916def3d1", 
    "startDate" : ISODate("2018-03-01T00:00:00.000+0000"), 
    "endDate" : ISODate("2018-03-01T00:00:00.000+0000"), 
    "state" : NumberInt(1), 
    "createdAt" : ISODate("2018-03-13T04:41:53.772+0000"), 
    "updatedAt" : ISODate("2018-03-13T04:41:53.772+0000")
}
{ 
    "_id" : ObjectId("5aa756af123c49259e705b55"), 
    "name" : "sadasd", 
    "projectId" : ObjectId("5a94de0d51503c890cf36420"), 
    "loggedInUserId" : "5a93ef7c6c4b95a916def3d1", 
    "startDate" : ISODate("2018-03-01T00:00:00.000+0000"), 
    "endDate" : ISODate("2018-03-01T00:00:00.000+0000"), 
    "state" : NumberInt(1), 
    "createdAt" : ISODate("2018-03-13T04:42:23.583+0000"), 
    "updatedAt" : ISODate("2018-03-13T04:42:23.583+0000")
}
{ 
    "_id" : ObjectId("5aa756bc123c49259e705b58"), 
    "name" : "sadasd", 
    "projectId" : ObjectId("5a94de0d51503c890cf36420"), 
    "loggedInUserId" : "5a93ef7c6c4b95a916def3d1", 
    "startDate" : ISODate("2018-03-01T00:00:00.000+0000"), 
    "endDate" : ISODate("2018-03-01T00:00:00.000+0000"), 
    "state" : NumberInt(1), 
    "createdAt" : ISODate("2018-03-13T04:42:36.737+0000"), 
    "updatedAt" : ISODate("2018-03-13T04:42:36.737+0000")
}
{ 
    "_id" : ObjectId("5aa756cd123c49259e705b5b"), 
    "name" : "sadasd", 
    "projectId" : ObjectId("5a94de0d51503c890cf36420"), 
    "loggedInUserId" : "5a93ef7c6c4b95a916def3d1", 
    "startDate" : ISODate("2018-03-01T00:00:00.000+0000"), 
    "endDate" : ISODate("2018-03-01T00:00:00.000+0000"), 
    "state" : NumberInt(1), 
    "createdAt" : ISODate("2018-03-13T04:42:53.439+0000"), 
    "updatedAt" : ISODate("2018-03-13T04:42:53.708+0000")
}
{ 
    "_id" : ObjectId("5aa756f2123c49259e705b60"), 
    "name" : "Test", 
    "projectId" : ObjectId("5a94de0d51503c890cf36420"), 
    "loggedInUserId" : "5a93ef7c6c4b95a916def3d1", 
    "startDate" : ISODate("2018-03-01T00:00:00.000+0000"), 
    "endDate" : ISODate("2018-03-01T00:00:00.000+0000"), 
    "state" : NumberInt(1), 
    "createdAt" : ISODate("2018-03-13T04:43:30.238+0000"), 
    "updatedAt" : ISODate("2018-03-13T04:43:30.547+0000")
}
{ 
    "_id" : ObjectId("5aa7579d123c49259e705b65"), 
    "name" : "erer", 
    "projectId" : ObjectId("5a94de0d51503c890cf36420"), 
    "loggedInUserId" : "5a93ef7c6c4b95a916def3d1", 
    "startDate" : ISODate("2018-03-01T00:00:00.000+0000"), 
    "endDate" : ISODate("2018-03-01T00:00:00.000+0000"), 
    "state" : NumberInt(1), 
    "createdAt" : ISODate("2018-03-13T04:46:21.248+0000"), 
    "updatedAt" : ISODate("2018-03-13T04:46:35.994+0000")
}
{ 
    "_id" : ObjectId("5aa75aee123c49259e705b6e"), 
    "name" : "Test Task", 
    "projectId" : ObjectId("5a94de0d51503c890cf36420"), 
    "loggedInUserId" : "5a93ef7c6c4b95a916def3d1", 
    "startDate" : ISODate("2018-03-01T00:00:00.000+0000"), 
    "endDate" : ISODate("2018-03-01T00:00:00.000+0000"), 
    "state" : NumberInt(1), 
    "createdAt" : ISODate("2018-03-13T05:00:30.831+0000"), 
    "updatedAt" : ISODate("2018-03-13T05:00:30.831+0000")
}
{ 
    "_id" : ObjectId("5aa767a6a647eb4278cef4b5"), 
    "name" : "tesdsd", 
    "projectId" : ObjectId("5a94de0d51503c890cf36420"), 
    "loggedInUserId" : "5a93ef7c6c4b95a916def3d1", 
    "startDate" : ISODate("2018-03-01T00:00:00.000+0000"), 
    "endDate" : ISODate("2018-03-01T00:00:00.000+0000"), 
    "state" : NumberInt(1), 
    "createdAt" : ISODate("2018-03-13T05:54:46.712+0000"), 
    "updatedAt" : ISODate("2018-03-13T05:54:46.944+0000")
}
{ 
    "_id" : ObjectId("5aa767eea647eb4278cef4ba"), 
    "name" : "tresdsa", 
    "projectId" : ObjectId("5a94de0d51503c890cf36420"), 
    "loggedInUserId" : "5a93ef7c6c4b95a916def3d1", 
    "startDate" : ISODate("2018-03-01T00:00:00.000+0000"), 
    "endDate" : ISODate("2018-03-01T00:00:00.000+0000"), 
    "state" : NumberInt(1), 
    "createdAt" : ISODate("2018-03-13T05:55:58.686+0000"), 
    "updatedAt" : ISODate("2018-03-13T05:55:58.917+0000")
}
{ 
    "_id" : ObjectId("5aa76bb9a647eb4278cef4bf"), 
    "name" : "Afex Task 1", 
    "projectId" : ObjectId("5aa75a77123c49259e705b6c"), 
    "loggedInUserId" : "5aa75a4c123c49259e705b6a", 
    "startDate" : ISODate("2018-03-13T00:00:00.000+0000"), 
    "endDate" : ISODate("2018-03-26T00:00:00.000+0000"), 
    "state" : NumberInt(1), 
    "createdAt" : ISODate("2018-03-13T06:12:09.799+0000"), 
    "updatedAt" : ISODate("2018-03-13T06:12:09.799+0000")
}
{ 
    "_id" : ObjectId("5aa7814ba647eb4278cef4c2"), 
    "name" : "Afex Task 1", 
    "projectId" : ObjectId("5aa75a77123c49259e705b6c"), 
    "loggedInUserId" : "5aa75a4c123c49259e705b6a", 
    "startDate" : ISODate("2018-03-13T00:00:00.000+0000"), 
    "endDate" : ISODate("2018-03-26T00:00:00.000+0000"), 
    "state" : NumberInt(1), 
    "createdAt" : ISODate("2018-03-13T07:44:11.861+0000"), 
    "updatedAt" : ISODate("2018-03-13T07:44:11.861+0000")
}
{ 
    "_id" : ObjectId("5aa7cd210849fe4a7faa33c8"), 
    "name" : "Test Task", 
    "projectId" : ObjectId("5a979ca209abd7e0459dfd1e"), 
    "loggedInUserId" : "5a93ef7c6c4b95a916def3d1", 
    "startDate" : ISODate("2018-03-01T00:00:00.000+0000"), 
    "endDate" : ISODate("2018-03-02T00:00:00.000+0000"), 
    "state" : NumberInt(1), 
    "createdAt" : ISODate("2018-03-13T13:07:45.484+0000"), 
    "updatedAt" : ISODate("2018-03-13T13:07:45.484+0000")
}
{ 
    "_id" : ObjectId("5aa8c2900849fe4a7faa33cb"), 
    "name" : "Testtt", 
    "projectId" : ObjectId("5a979ca209abd7e0459dfd1e"), 
    "loggedInUserId" : "5a93ef7c6c4b95a916def3d1", 
    "startDate" : ISODate("2018-03-01T00:00:00.000+0000"), 
    "endDate" : ISODate("2018-03-02T00:00:00.000+0000"), 
    "state" : NumberInt(1), 
    "createdAt" : ISODate("2018-03-14T06:34:56.810+0000"), 
    "updatedAt" : ISODate("2018-03-14T06:34:56.810+0000")
}
{ 
    "_id" : ObjectId("5aa8c2a50849fe4a7faa33ce"), 
    "name" : "Test data", 
    "projectId" : ObjectId("5a979ca209abd7e0459dfd1e"), 
    "loggedInUserId" : "5a93ef7c6c4b95a916def3d1", 
    "startDate" : ISODate("2018-03-01T00:00:00.000+0000"), 
    "endDate" : ISODate("2018-03-02T00:00:00.000+0000"), 
    "state" : NumberInt(1), 
    "createdAt" : ISODate("2018-03-14T06:35:17.018+0000"), 
    "updatedAt" : ISODate("2018-03-14T06:35:17.193+0000")
}
{ 
    "_id" : ObjectId("5aa8c53c0849fe4a7faa33d3"), 
    "name" : "tesfasdsd", 
    "projectId" : ObjectId("5a979ca209abd7e0459dfd1e"), 
    "loggedInUserId" : "5a93ef7c6c4b95a916def3d1", 
    "startDate" : ISODate("2018-03-01T00:00:00.000+0000"), 
    "endDate" : ISODate("2018-03-02T00:00:00.000+0000"), 
    "state" : NumberInt(1), 
    "createdAt" : ISODate("2018-03-14T06:46:20.558+0000"), 
    "updatedAt" : ISODate("2018-03-14T06:46:20.558+0000")
}
{ 
    "_id" : ObjectId("5aa8c7900849fe4a7faa33d6"), 
    "name" : "tesfasdsd", 
    "projectId" : ObjectId("5a979ca209abd7e0459dfd1e"), 
    "loggedInUserId" : "5a93ef7c6c4b95a916def3d1", 
    "startDate" : ISODate("2018-03-01T00:00:00.000+0000"), 
    "endDate" : ISODate("2018-03-02T00:00:00.000+0000"), 
    "state" : NumberInt(1), 
    "createdAt" : ISODate("2018-03-14T06:56:16.394+0000"), 
    "updatedAt" : ISODate("2018-03-14T06:56:16.775+0000")
}
{ 
    "_id" : ObjectId("5aa8c8050849fe4a7faa33dd"), 
    "name" : "tesfasdsd", 
    "projectId" : ObjectId("5a979ca209abd7e0459dfd1e"), 
    "loggedInUserId" : "5a93ef7c6c4b95a916def3d1", 
    "startDate" : ISODate("2018-03-01T00:00:00.000+0000"), 
    "endDate" : ISODate("2018-03-02T00:00:00.000+0000"), 
    "state" : NumberInt(1), 
    "createdAt" : ISODate("2018-03-14T06:58:13.321+0000"), 
    "updatedAt" : ISODate("2018-03-14T06:58:13.713+0000")
}
{ 
    "_id" : ObjectId("5aa8c8f60849fe4a7faa33e4"), 
    "name" : "Test Task", 
    "projectId" : ObjectId("5a979ca209abd7e0459dfd1e"), 
    "loggedInUserId" : "5a93ef7c6c4b95a916def3d1", 
    "startDate" : ISODate("2018-03-01T00:00:00.000+0000"), 
    "endDate" : ISODate("2018-03-02T00:00:00.000+0000"), 
    "state" : NumberInt(1), 
    "createdAt" : ISODate("2018-03-14T07:02:14.384+0000"), 
    "updatedAt" : ISODate("2018-03-14T07:02:14.876+0000")
}
{ 
    "_id" : ObjectId("5aa8c90d0849fe4a7faa33eb"), 
    "name" : "Test Task", 
    "projectId" : ObjectId("5a979ca209abd7e0459dfd1e"), 
    "loggedInUserId" : "5a93ef7c6c4b95a916def3d1", 
    "startDate" : ISODate("2018-03-01T00:00:00.000+0000"), 
    "endDate" : ISODate("2018-03-02T00:00:00.000+0000"), 
    "state" : NumberInt(1), 
    "createdAt" : ISODate("2018-03-14T07:02:37.451+0000"), 
    "updatedAt" : ISODate("2018-03-14T07:02:37.833+0000")
}
{ 
    "_id" : ObjectId("5aa8c9530849fe4a7faa33f2"), 
    "name" : "Test", 
    "projectId" : ObjectId("5a979ca209abd7e0459dfd1e"), 
    "loggedInUserId" : "5a93ef7c6c4b95a916def3d1", 
    "startDate" : ISODate("2018-03-01T00:00:00.000+0000"), 
    "endDate" : ISODate("2018-03-02T00:00:00.000+0000"), 
    "state" : NumberInt(1), 
    "createdAt" : ISODate("2018-03-14T07:03:47.473+0000"), 
    "updatedAt" : ISODate("2018-03-14T07:03:47.473+0000")
}
{ 
    "_id" : ObjectId("5aa8c96f0849fe4a7faa33f5"), 
    "name" : "erhjsfds", 
    "projectId" : ObjectId("5a979ca209abd7e0459dfd1e"), 
    "loggedInUserId" : "5a93ef7c6c4b95a916def3d1", 
    "startDate" : ISODate("2018-03-01T00:00:00.000+0000"), 
    "endDate" : ISODate("2018-03-02T00:00:00.000+0000"), 
    "state" : NumberInt(1), 
    "createdAt" : ISODate("2018-03-14T07:04:15.229+0000"), 
    "updatedAt" : ISODate("2018-03-14T07:04:15.229+0000")
}
{ 
    "_id" : ObjectId("5aa8c9830849fe4a7faa33f8"), 
    "name" : "wregsf", 
    "projectId" : ObjectId("5a979ca209abd7e0459dfd1e"), 
    "loggedInUserId" : "5a93ef7c6c4b95a916def3d1", 
    "startDate" : ISODate("2018-03-01T00:00:00.000+0000"), 
    "endDate" : ISODate("2018-03-02T00:00:00.000+0000"), 
    "state" : NumberInt(1), 
    "createdAt" : ISODate("2018-03-14T07:04:35.044+0000"), 
    "updatedAt" : ISODate("2018-03-14T07:04:35.378+0000")
}
{ 
    "_id" : ObjectId("5aa8cb6d0849fe4a7faa340c"), 
    "name" : "erer", 
    "projectId" : ObjectId("5a979ca209abd7e0459dfd1e"), 
    "loggedInUserId" : "5a93ef7c6c4b95a916def3d1", 
    "startDate" : ISODate("2018-03-01T00:00:00.000+0000"), 
    "endDate" : ISODate("2018-03-02T00:00:00.000+0000"), 
    "state" : NumberInt(1), 
    "createdAt" : ISODate("2018-03-14T07:12:45.091+0000"), 
    "updatedAt" : ISODate("2018-03-14T07:12:45.091+0000")
}
{ 
    "_id" : ObjectId("5aba2907ca5be418ed2c9a83"), 
    "name" : "Afex Task 1", 
    "projectId" : ObjectId("5aa75a77123c49259e705b6c"), 
    "loggedInUserId" : "5aa75a4c123c49259e705b6a", 
    "startDate" : ISODate("2018-03-13T00:00:00.000+0000"), 
    "endDate" : ISODate("2018-03-26T00:00:00.000+0000"), 
    "state" : NumberInt(1), 
    "createdAt" : ISODate("2018-03-27T11:20:39.147+0000"), 
    "updatedAt" : ISODate("2018-03-27T11:20:39.147+0000")
}
{ 
    "_id" : ObjectId("5aba3977ca5be418ed2c9a86"), 
    "name" : "gvfg", 
    "startDate" : ISODate("2018-03-28T00:00:00.000+0000"), 
    "loggedInUserId" : "5ab8d6206dcdec0bfab9d77f", 
    "projectId" : ObjectId("5ab9d1be8cf479109ef14f50"), 
    "endDate" : ISODate("2018-03-30T00:00:00.000+0000"), 
    "state" : NumberInt(1), 
    "createdAt" : ISODate("2018-03-27T12:30:47.278+0000"), 
    "updatedAt" : ISODate("2018-03-27T12:30:47.278+0000")
}
{ 
    "_id" : ObjectId("5aba3bb9ca5be418ed2c9a89"), 
    "name" : "dfgh", 
    "startDate" : ISODate("2018-03-28T00:00:00.000+0000"), 
    "loggedInUserId" : "5ab8d6206dcdec0bfab9d77f", 
    "projectId" : ObjectId("5ab8e90b6dcdec0bfab9d783"), 
    "endDate" : ISODate("2018-03-29T00:00:00.000+0000"), 
    "state" : NumberInt(1), 
    "createdAt" : ISODate("2018-03-27T12:40:25.931+0000"), 
    "updatedAt" : ISODate("2018-03-27T12:40:25.931+0000")
}
{ 
    "_id" : ObjectId("5abb6586455d9713eaafdc99"), 
    "name" : "Create google sign in", 
    "projectId" : ObjectId("5abb64e9455d9713eaafdc97"), 
    "startDate" : ISODate("2018-03-28T00:00:00.000+0000"), 
    "endDate" : ISODate("2018-03-30T00:00:00.000+0000"), 
    "state" : NumberInt(1), 
    "createdAt" : ISODate("2018-03-28T09:51:02.419+0000"), 
    "updatedAt" : ISODate("2018-03-28T09:51:02.419+0000")
}
{ 
    "_id" : ObjectId("5abb65a4455d9713eaafdc9c"), 
    "name" : "Create HomePage", 
    "projectId" : ObjectId("5abb64e9455d9713eaafdc97"), 
    "startDate" : ISODate("2018-03-28T00:00:00.000+0000"), 
    "endDate" : ISODate("2018-03-30T00:00:00.000+0000"), 
    "state" : NumberInt(1), 
    "createdAt" : ISODate("2018-03-28T09:51:32.255+0000"), 
    "updatedAt" : ISODate("2018-03-28T09:51:32.255+0000")
}
{ 
    "_id" : ObjectId("5abb65d4455d9713eaafdc9f"), 
    "name" : "create bottom-nav tabs", 
    "projectId" : ObjectId("5abb64e9455d9713eaafdc97"), 
    "startDate" : ISODate("2018-03-28T00:00:00.000+0000"), 
    "endDate" : ISODate("2018-03-30T00:00:00.000+0000"), 
    "state" : NumberInt(1), 
    "createdAt" : ISODate("2018-03-28T09:52:20.617+0000"), 
    "updatedAt" : ISODate("2018-03-28T09:52:20.617+0000")
}
{ 
    "_id" : ObjectId("5abc7fe218adf109a5249b91"), 
    "name" : "test", 
    "projectId" : ObjectId("5abb64be455d9713eaafdc91"), 
    "startDate" : ISODate("2018-03-29T00:00:00.000+0000"), 
    "endDate" : ISODate("2018-03-30T00:00:00.000+0000"), 
    "state" : NumberInt(1), 
    "createdAt" : ISODate("2018-03-29T05:55:46.696+0000"), 
    "updatedAt" : ISODate("2018-03-29T05:55:46.696+0000")
}
{ 
    "_id" : ObjectId("5abc84c318adf109a5249b94"), 
    "name" : "create bottom-nav tabs", 
    "projectId" : ObjectId("5abb64e9455d9713eaafdc97"), 
    "startDate" : ISODate("2018-03-28T00:00:00.000+0000"), 
    "endDate" : ISODate("2018-03-30T00:00:00.000+0000"), 
    "state" : NumberInt(1), 
    "createdAt" : ISODate("2018-03-29T06:16:35.342+0000"), 
    "updatedAt" : ISODate("2018-03-29T06:16:35.342+0000")
}
{ 
    "_id" : ObjectId("5abcb81c3b16c4150f706c0a"), 
    "name" : "create bottom-nav tabs", 
    "projectId" : ObjectId("5abb64e9455d9713eaafdc97"), 
    "startDate" : ISODate("2018-03-28T00:00:00.000+0000"), 
    "endDate" : ISODate("2018-03-30T00:00:00.000+0000"), 
    "state" : NumberInt(1), 
    "createdAt" : ISODate("2018-03-29T09:55:40.380+0000"), 
    "updatedAt" : ISODate("2018-03-29T09:55:40.380+0000")
}
