{ 
    "_id" : ObjectId("5abcb7df3b16c4150f706c08"), 
    "ProjectId" : ObjectId("5a94de0d51503c890cf36420"), 
    "TaskId" : ObjectId("5a94e0a751503c890cf36422"), 
    "DateAndTime" : ISODate("2018-02-28T00:00:00.000+0000"), 
    "commments" : "tedasdsad", 
    "associateId" : ObjectId("5a94e57f51503c890cf36426"), 
    "approvelManager" : ObjectId("5a93ef7c6c4b95a916def3d2"), 
    "hours" : NumberInt(8), 
    "isSubmitted" : false, 
    "isApproved" : false, 
    "isRejected" : false, 
    "createdAt" : ISODate("2018-03-29T09:54:39.316+0000"), 
    "updatedAt" : ISODate("2018-03-29T09:54:39.316+0000")
}
{ 
    "_id" : ObjectId("5abcb7f43b16c4150f706c09"), 
    "ProjectId" : ObjectId("5a94de0d51503c890cf36420"), 
    "TaskId" : ObjectId("5a94e0a751503c890cf36422"), 
    "DateAndTime" : ISODate("2018-02-28T00:00:00.000+0000"), 
    "commments" : "Test Commmer 5", 
    "associateId" : ObjectId("5a94e57f51503c890cf36426"), 
    "approvelManager" : ObjectId("5a93ef7c6c4b95a916def3d2"), 
    "hours" : NumberInt(6), 
    "isSubmitted" : false, 
    "isApproved" : false, 
    "isRejected" : false, 
    "createdAt" : ISODate("2018-03-29T09:55:00.770+0000"), 
    "updatedAt" : ISODate("2018-03-29T09:55:00.770+0000")
}
