{ 
    "_id" : ObjectId("5a9fd46aa4baa605e484d9e8"), 
    "associate_tasks" : ObjectId("5a94e57f51503c890cf36426"), 
    "task_assignedTo" : ObjectId("5a94e0a751503c890cf36422")
}
{ 
    "_id" : ObjectId("5a9fe1fb43f2940618a78b9e"), 
    "associate_tasks" : ObjectId("5a952facb7b2bfbb650f7493"), 
    "task_assignedTo" : ObjectId("5a94e0a751503c890cf36422")
}
{ 
    "_id" : ObjectId("5a9fe23943f2940618a78ba0"), 
    "associate_tasks" : ObjectId("5a9564c553f6f8c267446a9c"), 
    "task_assignedTo" : ObjectId("5a94e0a751503c890cf36422")
}
{ 
    "_id" : ObjectId("5aa756cd123c49259e705b5e"), 
    "associate_tasks" : ObjectId("5a9564c553f6f8c267446a9c"), 
    "task_assignedTo" : ObjectId("5aa756cd123c49259e705b5b")
}
{ 
    "_id" : ObjectId("5aa756f2123c49259e705b63"), 
    "associate_tasks" : ObjectId("5a9564c553f6f8c267446a9c"), 
    "task_assignedTo" : ObjectId("5aa756f2123c49259e705b60")
}
{ 
    "_id" : ObjectId("5aa757ac123c49259e705b68"), 
    "associate_tasks" : ObjectId("5a9564c553f6f8c267446a9c"), 
    "task_assignedTo" : ObjectId("5aa7579d123c49259e705b65")
}
{ 
    "_id" : ObjectId("5aa767a6a647eb4278cef4b8"), 
    "associate_tasks" : ObjectId("5a97aa0f09abd7e0459dfd25"), 
    "task_assignedTo" : ObjectId("5aa767a6a647eb4278cef4b5")
}
{ 
    "_id" : ObjectId("5aa767eea647eb4278cef4bd"), 
    "associate_tasks" : ObjectId("5a97aa0f09abd7e0459dfd25"), 
    "task_assignedTo" : ObjectId("5aa767eea647eb4278cef4ba")
}
