{ 
    "_id" : ObjectId("5a93ed876c4b95a916def3ca"), 
    "profileId" : ObjectId("5a93ed876c4b95a916def3c9"), 
    "createdAt" : ISODate("2018-02-26T11:20:39.793+0000"), 
    "updatedAt" : ISODate("2018-02-26T11:20:39.801+0000")
}
{ 
    "_id" : ObjectId("5a94e57f51503c890cf36426"), 
    "profileId" : ObjectId("5a94e57f51503c890cf36425"), 
    "createdAt" : ISODate("2018-02-27T04:58:39.127+0000"), 
    "updatedAt" : ISODate("2018-02-27T04:58:39.130+0000")
}
{ 
    "_id" : ObjectId("5a952facb7b2bfbb650f7493"), 
    "profileId" : ObjectId("5a952facb7b2bfbb650f7492"), 
    "createdAt" : ISODate("2018-02-27T10:15:08.882+0000"), 
    "updatedAt" : ISODate("2018-02-27T10:15:08.889+0000")
}
{ 
    "_id" : ObjectId("5a9564c553f6f8c267446a9c"), 
    "profileId" : ObjectId("5a9564c553f6f8c267446a9b"), 
    "createdAt" : ISODate("2018-02-27T14:01:41.710+0000"), 
    "updatedAt" : ISODate("2018-02-27T14:01:41.713+0000")
}
{ 
    "_id" : ObjectId("5a97aa0f09abd7e0459dfd25"), 
    "profileId" : ObjectId("5a97aa0f09abd7e0459dfd24"), 
    "createdAt" : ISODate("2018-03-01T07:21:51.601+0000"), 
    "updatedAt" : ISODate("2018-03-01T07:21:51.604+0000")
}
{ 
    "_id" : ObjectId("5a97c21409abd7e0459dfd2a"), 
    "profileId" : ObjectId("5a97c21409abd7e0459dfd29"), 
    "createdAt" : ISODate("2018-03-01T09:04:20.449+0000"), 
    "updatedAt" : ISODate("2018-03-01T09:04:20.452+0000")
}
