{ 
    "_id" : ObjectId("5a93ef046c4b95a916def3cc"), 
    "profileId" : ObjectId("5a93ef046c4b95a916def3cb"), 
    "createdAt" : ISODate("2018-02-26T11:27:00.153+0000"), 
    "updatedAt" : ISODate("2018-02-26T11:27:00.156+0000"), 
    "isDeleted" : false
}
{ 
    "_id" : ObjectId("5a93ef466c4b95a916def3ce"), 
    "profileId" : ObjectId("5a93ef466c4b95a916def3cd"), 
    "createdAt" : ISODate("2018-02-26T11:28:06.519+0000"), 
    "updatedAt" : ISODate("2018-02-26T11:28:06.522+0000"), 
    "isDeleted" : false
}
{ 
    "_id" : ObjectId("5a93ef7c6c4b95a916def3d2"), 
    "profileId" : ObjectId("5a93ef7c6c4b95a916def3d1"), 
    "createdAt" : ISODate("2018-02-26T11:29:00.528+0000"), 
    "updatedAt" : ISODate("2018-02-26T11:29:00.530+0000"), 
    "isDeleted" : false
}
{ 
    "_id" : ObjectId("5a9531f153f6f8c267446a9a"), 
    "profileId" : ObjectId("5a9531f153f6f8c267446a99"), 
    "createdAt" : ISODate("2018-02-27T10:24:49.071+0000"), 
    "updatedAt" : ISODate("2018-03-28T00:21:56.782+0000"), 
    "isDeleted" : false
}
{ 
    "_id" : ObjectId("5a97a6fb09abd7e0459dfd21"), 
    "profileId" : ObjectId("5a97a6fb09abd7e0459dfd20"), 
    "createdAt" : ISODate("2018-03-01T07:08:43.989+0000"), 
    "updatedAt" : ISODate("2018-03-01T07:08:43.994+0000"), 
    "isDeleted" : false
}
{ 
    "_id" : ObjectId("5a99331fdbcd014a19105ddf"), 
    "profileId" : ObjectId("5a99331fdbcd014a19105dde"), 
    "createdAt" : ISODate("2018-03-02T11:18:55.868+0000"), 
    "updatedAt" : ISODate("2018-03-02T11:18:55.875+0000"), 
    "isDeleted" : false
}
{ 
    "_id" : ObjectId("5aa75a4c123c49259e705b6b"), 
    "profileId" : ObjectId("5aa75a4c123c49259e705b6a"), 
    "createdAt" : ISODate("2018-03-13T04:57:48.483+0000"), 
    "updatedAt" : ISODate("2018-03-13T04:57:48.491+0000"), 
    "isDeleted" : false
}
