{ 
    "_id" : ObjectId("5a93ec37a600397e1680a9c9"), 
    "profileId" : ObjectId("5a93ec37a600397e1680a9c8"), 
    "createdAt" : ISODate("2018-02-26T11:15:03.109+0000"), 
    "updatedAt" : ISODate("2018-03-28T00:23:23.869+0000"), 
    "isDeleted" : false
}
{ 
    "_id" : ObjectId("5a94067151503c890cf3641e"), 
    "profileId" : ObjectId("5a94067151503c890cf3641d"), 
    "createdAt" : ISODate("2018-02-26T13:06:57.472+0000"), 
    "updatedAt" : ISODate("2018-02-26T13:06:57.483+0000"), 
    "isDeleted" : false
}
