{ 
    "_id" : ObjectId("5a9fd46aa4baa605e484d9e8"), 
    "associate_tasks" : ObjectId("5a94e57f51503c890cf36426"), 
    "task_assignedTo" : ObjectId("5a94e0a751503c890cf36422")
}
{ 
    "_id" : ObjectId("5a9fe23943f2940618a78ba0"), 
    "associate_tasks" : ObjectId("5a9564c553f6f8c267446a9c"), 
    "task_assignedTo" : ObjectId("5a94e0a751503c890cf36422")
}
{ 
    "_id" : ObjectId("5aa756cd123c49259e705b5e"), 
    "associate_tasks" : ObjectId("5a9564c553f6f8c267446a9c"), 
    "task_assignedTo" : ObjectId("5aa756cd123c49259e705b5b")
}
{ 
    "_id" : ObjectId("5aa756f2123c49259e705b63"), 
    "associate_tasks" : ObjectId("5a9564c553f6f8c267446a9c"), 
    "task_assignedTo" : ObjectId("5aa756f2123c49259e705b60")
}
{ 
    "_id" : ObjectId("5aa757ac123c49259e705b68"), 
    "associate_tasks" : ObjectId("5a9564c553f6f8c267446a9c"), 
    "task_assignedTo" : ObjectId("5aa7579d123c49259e705b65")
}
{ 
    "_id" : ObjectId("5aa767a6a647eb4278cef4b8"), 
    "associate_tasks" : ObjectId("5a97aa0f09abd7e0459dfd25"), 
    "task_assignedTo" : ObjectId("5aa767a6a647eb4278cef4b5")
}
{ 
    "_id" : ObjectId("5aa767eea647eb4278cef4bd"), 
    "associate_tasks" : ObjectId("5a97aa0f09abd7e0459dfd25"), 
    "task_assignedTo" : ObjectId("5aa767eea647eb4278cef4ba")
}
{ 
    "_id" : ObjectId("5ab0e5d228e155272c55e850"), 
    "associate_tasks" : ObjectId("5a94e57f51503c890cf36426"), 
    "task_assignedTo" : ObjectId("5ab0e5d228e155272c55e84d")
}
{ 
    "_id" : ObjectId("5ab37401a7ef54024cbc19b4"), 
    "associate_tasks" : ObjectId("5a94e57f51503c890cf36426"), 
    "task_assignedTo" : ObjectId("5ab37400a7ef54024cbc19b1")
}
{ 
    "_id" : ObjectId("5abcab68656266149c410bde"), 
    "associate_tasks" : ObjectId("5a94e57f51503c890cf36426"), 
    "task_assignedTo" : ObjectId("5abcab68656266149c410bdb")
}
{ 
    "_id" : ObjectId("5abcdf64cbc4da1b58229ed7"), 
    "associate_tasks" : ObjectId("5a94e57f51503c890cf36426"), 
    "task_assignedTo" : ObjectId("5abcdf64cbc4da1b58229ed4")
}
{ 
    "_id" : ObjectId("5ac34d2999e6981cb86fccb5"), 
    "associate_tasks" : ObjectId("5a952facb7b2bfbb650f7493"), 
    "task_assignedTo" : ObjectId("5a964c9553f6f8c267446a9e")
}
{ 
    "_id" : ObjectId("5ac34d8599e6981cb86fccb9"), 
    "associate_tasks" : ObjectId("5a97c21409abd7e0459dfd2a"), 
    "task_assignedTo" : ObjectId("5a967bb453f6f8c267446aab")
}
{ 
    "_id" : ObjectId("5ac3502999e6981cb86fccc7"), 
    "associate_tasks" : ObjectId("5a952facb7b2bfbb650f7493"), 
    "task_assignedTo" : ObjectId("5ab0e5d228e155272c55e84d")
}
{ 
    "_id" : ObjectId("5ac4b29f4ba1b206b4dc258b"), 
    "associate_tasks" : ObjectId("5a94e57f51503c890cf36426"), 
    "task_assignedTo" : ObjectId("5ac4b29f4ba1b206b4dc2588")
}
{ 
    "_id" : ObjectId("5ac5b78d6b09c32dac30ac4c"), 
    "associate_tasks" : ObjectId("5a97c21409abd7e0459dfd2a"), 
    "task_assignedTo" : ObjectId("5a94e0a751503c890cf36422")
}
{ 
    "_id" : ObjectId("5ac5fa716b09c32dac30ac50"), 
    "associate_tasks" : ObjectId("5a9564c553f6f8c267446a9c"), 
    "task_assignedTo" : ObjectId("5a97c1d009abd7e0459dfd26")
}
{ 
    "_id" : ObjectId("5ac739436b46661a701b702d"), 
    "associate_tasks" : ObjectId("5a94e57f51503c890cf36426"), 
    "task_assignedTo" : ObjectId("5ac7393b6b46661a701b7028")
}
{ 
    "_id" : ObjectId("5acb7205c36b0615e014a7c1"), 
    "associate_tasks" : ObjectId("5a93ed876c4b95a916def3ca"), 
    "task_assignedTo" : ObjectId("5ac7393b6b46661a701b7028")
}
{ 
    "_id" : ObjectId("5acb7205c36b0615e014a7c3"), 
    "associate_tasks" : ObjectId("5a9564c553f6f8c267446a9c"), 
    "task_assignedTo" : ObjectId("5ac7393b6b46661a701b7028")
}
{ 
    "_id" : ObjectId("5accb19d068489190838f933"), 
    "associate_tasks" : ObjectId("5a93ed876c4b95a916def3ca"), 
    "task_assignedTo" : ObjectId("5accb171068489190838f92a")
}
{ 
    "_id" : ObjectId("5accb19d068489190838f935"), 
    "associate_tasks" : ObjectId("5a94e57f51503c890cf36426"), 
    "task_assignedTo" : ObjectId("5accb171068489190838f92a")
}
{ 
    "_id" : ObjectId("5aceff26aa05320838305000"), 
    "associate_tasks" : ObjectId("5acefd95aa05320838304ffb"), 
    "task_assignedTo" : ObjectId("5acefbc0aa05320838304fee")
}
{ 
    "_id" : ObjectId("5aceff42aa05320838305002"), 
    "associate_tasks" : ObjectId("5acefd95aa05320838304ffb"), 
    "task_assignedTo" : ObjectId("5acefbf3aa05320838304ff4")
}
{ 
    "_id" : ObjectId("5acf0575aa05320838305022"), 
    "associate_tasks" : ObjectId("5a93ed876c4b95a916def3ca"), 
    "task_assignedTo" : ObjectId("5acf0574aa0532083830501f")
}
{ 
    "_id" : ObjectId("5acf0575aa05320838305024"), 
    "associate_tasks" : ObjectId("5a94e57f51503c890cf36426"), 
    "task_assignedTo" : ObjectId("5acf0574aa0532083830501f")
}
{ 
    "_id" : ObjectId("5ad02e6f6901ac0720e7a376"), 
    "associate_tasks" : ObjectId("5a9564c553f6f8c267446a9c"), 
    "task_assignedTo" : ObjectId("5ad02e656901ac0720e7a36f")
}
