{ 
    "_id" : ObjectId("5a965dbe53f6f8c267446aa5"), 
    "associate_Projects" : ObjectId("5a94e57f51503c890cf36426"), 
    "project_membares" : ObjectId("5a94de0d51503c890cf36420")
}
{ 
    "_id" : ObjectId("5a965e0453f6f8c267446aa7"), 
    "associate_Projects" : ObjectId("5a952facb7b2bfbb650f7493"), 
    "project_membares" : ObjectId("5a94de0d51503c890cf36420")
}
{ 
    "_id" : ObjectId("5a965e2b53f6f8c267446aa9"), 
    "associate_Projects" : ObjectId("5a9564c553f6f8c267446a9c"), 
    "project_membares" : ObjectId("5a94de0d51503c890cf36420")
}
{ 
    "_id" : ObjectId("5a97c28609abd7e0459dfd2b"), 
    "associate_Projects" : ObjectId("5a9564c553f6f8c267446a9c"), 
    "project_membares" : ObjectId("5a979ca209abd7e0459dfd1e")
}
{ 
    "_id" : ObjectId("5a97c33709abd7e0459dfd2d"), 
    "associate_Projects" : ObjectId("5a97c21409abd7e0459dfd2a"), 
    "project_membares" : ObjectId("5a979ca209abd7e0459dfd1e")
}
{ 
    "_id" : ObjectId("5a97cd6e09abd7e0459dfd2f"), 
    "associate_Projects" : ObjectId("5a94e57f51503c890cf36426"), 
    "project_membares" : ObjectId("5a979ca209abd7e0459dfd1e")
}
{ 
    "_id" : ObjectId("5a97cd7509abd7e0459dfd31"), 
    "associate_Projects" : ObjectId("5a952facb7b2bfbb650f7493"), 
    "project_membares" : ObjectId("5a979ca209abd7e0459dfd1e")
}
{ 
    "_id" : ObjectId("5a97d11009abd7e0459dfd36"), 
    "associate_Projects" : ObjectId("5a97c21409abd7e0459dfd2a"), 
    "project_membares" : ObjectId("5a94de0d51503c890cf36420")
}
{ 
    "_id" : ObjectId("5a97d6b809abd7e0459dfd3e"), 
    "associate_Projects" : ObjectId("5a94e57f51503c890cf36426"), 
    "project_membares" : ObjectId("5a97d69e09abd7e0459dfd3c")
}
{ 
    "_id" : ObjectId("5a9cddd23bc8c92e182901e0"), 
    "associate_Projects" : ObjectId("5a93ed876c4b95a916def3ca"), 
    "project_membares" : ObjectId("5a93ef9b6c4b95a916def3d3")
}
{ 
    "_id" : ObjectId("5a9cddd23bc8c92e182901e1"), 
    "associate_Projects" : ObjectId("5a94e57f51503c890cf36426"), 
    "project_membares" : ObjectId("5a93ef9b6c4b95a916def3d3")
}
{ 
    "_id" : ObjectId("5a9e256d2a7c28e67a4d57de"), 
    "associate_Projects" : ObjectId("5a93ed876c4b95a916def3ca"), 
    "project_membares" : ObjectId("5a9d11e2dbcd014a19105de5")
}
{ 
    "_id" : ObjectId("5a9e25772a7c28e67a4d57e0"), 
    "associate_Projects" : ObjectId("5a94e57f51503c890cf36426"), 
    "project_membares" : ObjectId("5a9d11e2dbcd014a19105de5")
}
{ 
    "_id" : ObjectId("5a9e279a2a7c28e67a4d57e2"), 
    "associate_Projects" : ObjectId("5a952facb7b2bfbb650f7493"), 
    "project_membares" : ObjectId("5a9d11e2dbcd014a19105de5")
}
{ 
    "_id" : ObjectId("5a9e27ae2a7c28e67a4d57e4"), 
    "associate_Projects" : ObjectId("5a9564c553f6f8c267446a9c"), 
    "project_membares" : ObjectId("5a9d11e2dbcd014a19105de5")
}
{ 
    "_id" : ObjectId("5a9e27ae2a7c28e67a4d57e6"), 
    "associate_Projects" : ObjectId("5a97aa0f09abd7e0459dfd25"), 
    "project_membares" : ObjectId("5a9d11e2dbcd014a19105de5")
}
{ 
    "_id" : ObjectId("5a9e28892a7c28e67a4d57e8"), 
    "associate_Projects" : ObjectId("5a97c21409abd7e0459dfd2a"), 
    "project_membares" : ObjectId("5a9d11e2dbcd014a19105de5")
}
{ 
    "_id" : ObjectId("5a9e28fe2a7c28e67a4d57ea"), 
    "associate_Projects" : ObjectId("5a93ed876c4b95a916def3ca"), 
    "project_membares" : ObjectId("5a98d951dbcd014a19105dd9")
}
{ 
    "_id" : ObjectId("5a9e2a0b2a7c28e67a4d57ec"), 
    "associate_Projects" : ObjectId("5a94e57f51503c890cf36426"), 
    "project_membares" : ObjectId("5a98d951dbcd014a19105dd9")
}
{ 
    "_id" : ObjectId("5a9e2a0b2a7c28e67a4d57ee"), 
    "associate_Projects" : ObjectId("5a952facb7b2bfbb650f7493"), 
    "project_membares" : ObjectId("5a98d951dbcd014a19105dd9")
}
{ 
    "_id" : ObjectId("5a9e2a272a7c28e67a4d57f0"), 
    "associate_Projects" : ObjectId("5a9564c553f6f8c267446a9c"), 
    "project_membares" : ObjectId("5a98d951dbcd014a19105dd9")
}
{ 
    "_id" : ObjectId("5a9e2a892a7c28e67a4d57f2"), 
    "associate_Projects" : ObjectId("5a952facb7b2bfbb650f7493"), 
    "project_membares" : ObjectId("5a9d11d0dbcd014a19105de3")
}
{ 
    "_id" : ObjectId("5a9e2a892a7c28e67a4d57f4"), 
    "associate_Projects" : ObjectId("5a9564c553f6f8c267446a9c"), 
    "project_membares" : ObjectId("5a9d11d0dbcd014a19105de3")
}
{ 
    "_id" : ObjectId("5a9e2a912a7c28e67a4d57f6"), 
    "associate_Projects" : ObjectId("5a93ed876c4b95a916def3ca"), 
    "project_membares" : ObjectId("5a9d11d0dbcd014a19105de3")
}
{ 
    "_id" : ObjectId("5a9e2ba12a7c28e67a4d57f8"), 
    "associate_Projects" : ObjectId("5a94e57f51503c890cf36426"), 
    "project_membares" : ObjectId("5a9d11d0dbcd014a19105de3")
}
{ 
    "_id" : ObjectId("5a9e2c082a7c28e67a4d57fa"), 
    "associate_Projects" : ObjectId("5a97aa0f09abd7e0459dfd25"), 
    "project_membares" : ObjectId("5a9d11d0dbcd014a19105de3")
}
{ 
    "_id" : ObjectId("5a9e2edc2a7c28e67a4d57fc"), 
    "associate_Projects" : ObjectId("5a97c21409abd7e0459dfd2a"), 
    "project_membares" : ObjectId("5a9d11d0dbcd014a19105de3")
}
{ 
    "_id" : ObjectId("5a9e2f642a7c28e67a4d5800"), 
    "associate_Projects" : ObjectId("5a93ed876c4b95a916def3ca"), 
    "project_membares" : ObjectId("5a9e2f5c2a7c28e67a4d57fe")
}
{ 
    "_id" : ObjectId("5a9e2f692a7c28e67a4d5802"), 
    "associate_Projects" : ObjectId("5a94e57f51503c890cf36426"), 
    "project_membares" : ObjectId("5a9e2f5c2a7c28e67a4d57fe")
}
{ 
    "_id" : ObjectId("5a9e2f882a7c28e67a4d5804"), 
    "associate_Projects" : ObjectId("5a952facb7b2bfbb650f7493"), 
    "project_membares" : ObjectId("5a9e2f5c2a7c28e67a4d57fe")
}
{ 
    "_id" : ObjectId("5a9e2fbb2a7c28e67a4d5806"), 
    "associate_Projects" : ObjectId("5a9564c553f6f8c267446a9c"), 
    "project_membares" : ObjectId("5a9e2f5c2a7c28e67a4d57fe")
}
{ 
    "_id" : ObjectId("5a9e304d2a7c28e67a4d5808"), 
    "associate_Projects" : ObjectId("5a97aa0f09abd7e0459dfd25"), 
    "project_membares" : ObjectId("5a9e2f5c2a7c28e67a4d57fe")
}
{ 
    "_id" : ObjectId("5a9e344e2a7c28e67a4d580a"), 
    "associate_Projects" : ObjectId("5a97c21409abd7e0459dfd2a"), 
    "project_membares" : ObjectId("5a9e2f5c2a7c28e67a4d57fe")
}
{ 
    "_id" : ObjectId("5a9e36be2a7c28e67a4d580e"), 
    "associate_Projects" : ObjectId("5a93ed876c4b95a916def3ca"), 
    "project_membares" : ObjectId("5a9e36b32a7c28e67a4d580c")
}
{ 
    "_id" : ObjectId("5a9e36be2a7c28e67a4d5810"), 
    "associate_Projects" : ObjectId("5a94e57f51503c890cf36426"), 
    "project_membares" : ObjectId("5a9e36b32a7c28e67a4d580c")
}
{ 
    "_id" : ObjectId("5a9e36cb2a7c28e67a4d5812"), 
    "associate_Projects" : ObjectId("5a952facb7b2bfbb650f7493"), 
    "project_membares" : ObjectId("5a9e36b32a7c28e67a4d580c")
}
{ 
    "_id" : ObjectId("5a9e44252a7c28e67a4d5814"), 
    "associate_Projects" : ObjectId("5a9564c553f6f8c267446a9c"), 
    "project_membares" : ObjectId("5a9e36b32a7c28e67a4d580c")
}
{ 
    "_id" : ObjectId("5a9e44252a7c28e67a4d5816"), 
    "associate_Projects" : ObjectId("5a97c21409abd7e0459dfd2a"), 
    "project_membares" : ObjectId("5a9e36b32a7c28e67a4d580c")
}
{ 
    "_id" : ObjectId("5a9e45032a7c28e67a4d5818"), 
    "associate_Projects" : ObjectId("5a97aa0f09abd7e0459dfd25"), 
    "project_membares" : ObjectId("5a9e36b32a7c28e67a4d580c")
}
{ 
    "_id" : ObjectId("5a9e7d7631ff2ef75e2d361c"), 
    "associate_Projects" : ObjectId("5a93ed876c4b95a916def3ca"), 
    "project_membares" : ObjectId("5a9e7d4731ff2ef75e2d361a")
}
{ 
    "_id" : ObjectId("5a9e7d7631ff2ef75e2d361e"), 
    "associate_Projects" : ObjectId("5a94e57f51503c890cf36426"), 
    "project_membares" : ObjectId("5a9e7d4731ff2ef75e2d361a")
}
{ 
    "_id" : ObjectId("5a9e7d7631ff2ef75e2d3620"), 
    "associate_Projects" : ObjectId("5a952facb7b2bfbb650f7493"), 
    "project_membares" : ObjectId("5a9e7d4731ff2ef75e2d361a")
}
{ 
    "_id" : ObjectId("5ac4b2884ba1b206b4dc2586"), 
    "associate_Projects" : ObjectId("5a94e57f51503c890cf36426"), 
    "project_membares" : ObjectId("5ac4b2714ba1b206b4dc2584")
}
{ 
    "_id" : ObjectId("5ac739196b46661a701b7022"), 
    "associate_Projects" : ObjectId("5a93ed876c4b95a916def3ca"), 
    "project_membares" : ObjectId("5ac738f16b46661a701b7020")
}
{ 
    "_id" : ObjectId("5ac739196b46661a701b7024"), 
    "associate_Projects" : ObjectId("5a94e57f51503c890cf36426"), 
    "project_membares" : ObjectId("5ac738f16b46661a701b7020")
}
{ 
    "_id" : ObjectId("5ac739196b46661a701b7026"), 
    "associate_Projects" : ObjectId("5a9564c553f6f8c267446a9c"), 
    "project_membares" : ObjectId("5ac738f16b46661a701b7020")
}
{ 
    "_id" : ObjectId("5accb18d068489190838f92d"), 
    "associate_Projects" : ObjectId("5a93ed876c4b95a916def3ca"), 
    "project_membares" : ObjectId("5accb159068489190838f928")
}
{ 
    "_id" : ObjectId("5accb18d068489190838f92f"), 
    "associate_Projects" : ObjectId("5a94e57f51503c890cf36426"), 
    "project_membares" : ObjectId("5accb159068489190838f928")
}
{ 
    "_id" : ObjectId("5acefe59aa05320838304ffc"), 
    "associate_Projects" : ObjectId("5acefd95aa05320838304ffb"), 
    "project_membares" : ObjectId("5acefa4eaa05320838304fde")
}
{ 
    "_id" : ObjectId("5acefe8caa05320838304ffe"), 
    "associate_Projects" : ObjectId("5acefd95aa05320838304ffb"), 
    "project_membares" : ObjectId("5acefa7daa05320838304fe0")
}
{ 
    "_id" : ObjectId("5acf0557aa05320838305018"), 
    "associate_Projects" : ObjectId("5a93ed876c4b95a916def3ca"), 
    "project_membares" : ObjectId("5acf02a9aa05320838305004")
}
{ 
    "_id" : ObjectId("5acf0557aa0532083830501a"), 
    "associate_Projects" : ObjectId("5a94e57f51503c890cf36426"), 
    "project_membares" : ObjectId("5acf02a9aa05320838305004")
}
{ 
    "_id" : ObjectId("5ad02e166901ac0720e7a36d"), 
    "associate_Projects" : ObjectId("5acefd95aa05320838304ffb"), 
    "project_membares" : ObjectId("5a94de0d51503c890cf36420")
}
{ 
    "_id" : ObjectId("5ad09125bb7d262b8c89c6f6"), 
    "associate_Projects" : ObjectId("5a9564c553f6f8c267446a9c"), 
    "project_membares" : ObjectId("5ac4b2714ba1b206b4dc2584")
}
