{ 
    "_id" : ObjectId("5a93ed876c4b95a916def3ca"), 
    "profileId" : ObjectId("5a93ed876c4b95a916def3c9"), 
    "createdAt" : ISODate("2018-02-26T11:20:39.793+0000"), 
    "updatedAt" : ISODate("2018-03-28T00:50:16.031+0000"), 
    "isDeleted" : false
}
{ 
    "_id" : ObjectId("5a94e57f51503c890cf36426"), 
    "profileId" : ObjectId("5a94e57f51503c890cf36425"), 
    "createdAt" : ISODate("2018-02-27T04:58:39.127+0000"), 
    "updatedAt" : ISODate("2018-04-09T05:34:31.237+0000"), 
    "isDeleted" : false
}
{ 
    "_id" : ObjectId("5a952facb7b2bfbb650f7493"), 
    "profileId" : ObjectId("5a952facb7b2bfbb650f7492"), 
    "createdAt" : ISODate("2018-02-27T10:15:08.882+0000"), 
    "updatedAt" : ISODate("2018-03-28T00:20:17.150+0000"), 
    "isDeleted" : false
}
{ 
    "_id" : ObjectId("5a9564c553f6f8c267446a9c"), 
    "profileId" : ObjectId("5a9564c553f6f8c267446a9b"), 
    "createdAt" : ISODate("2018-02-27T14:01:41.710+0000"), 
    "updatedAt" : ISODate("2018-02-27T14:01:41.713+0000"), 
    "isDeleted" : false
}
{ 
    "_id" : ObjectId("5a97aa0f09abd7e0459dfd25"), 
    "profileId" : ObjectId("5a97aa0f09abd7e0459dfd24"), 
    "createdAt" : ISODate("2018-03-01T07:21:51.601+0000"), 
    "updatedAt" : ISODate("2018-03-01T07:21:51.604+0000"), 
    "isDeleted" : false
}
{ 
    "_id" : ObjectId("5a97c21409abd7e0459dfd2a"), 
    "profileId" : ObjectId("5a97c21409abd7e0459dfd29"), 
    "createdAt" : ISODate("2018-03-01T09:04:20.449+0000"), 
    "updatedAt" : ISODate("2018-03-01T09:04:20.452+0000"), 
    "isDeleted" : false
}
{ 
    "_id" : ObjectId("5ac1efbfd249121348b01211"), 
    "profileId" : ObjectId("5ac1efbfd249121348b01210"), 
    "isDeleted" : true, 
    "createdAt" : ISODate("2018-04-02T08:54:23.858+0000"), 
    "updatedAt" : ISODate("2018-04-02T08:55:09.978+0000")
}
{ 
    "_id" : ObjectId("5ac1f025d249121348b01213"), 
    "profileId" : ObjectId("5ac1f025d249121348b01212"), 
    "isDeleted" : true, 
    "createdAt" : ISODate("2018-04-02T08:56:05.581+0000"), 
    "updatedAt" : ISODate("2018-04-02T10:18:09.724+0000")
}
{ 
    "_id" : ObjectId("5ac1f044d249121348b01215"), 
    "profileId" : ObjectId("5ac1f044d249121348b01214"), 
    "isDeleted" : false, 
    "createdAt" : ISODate("2018-04-02T08:56:36.624+0000"), 
    "updatedAt" : ISODate("2018-04-13T11:56:20.805+0000")
}
{ 
    "_id" : ObjectId("5acb284f519ca31af4cca10d"), 
    "profileId" : ObjectId("5acb284f519ca31af4cca10c"), 
    "isDeleted" : true, 
    "createdAt" : ISODate("2018-04-09T08:46:07.117+0000"), 
    "updatedAt" : ISODate("2018-04-09T08:46:12.271+0000")
}
{ 
    "_id" : ObjectId("5acefd95aa05320838304ffb"), 
    "profileId" : ObjectId("5acefd95aa05320838304ffa"), 
    "isDeleted" : false, 
    "createdAt" : ISODate("2018-04-12T06:32:53.418+0000"), 
    "updatedAt" : ISODate("2018-04-12T06:32:53.421+0000")
}
