{ 
    "_id" : ObjectId("5a93ec37a600397e1680a9c9"), 
    "profileId" : ObjectId("5a93ec37a600397e1680a9c8"), 
    "createdAt" : ISODate("2018-02-26T11:15:03.109+0000"), 
    "updatedAt" : ISODate("2018-04-09T05:12:32.403+0000"), 
    "isDeleted" : false
}
{ 
    "_id" : ObjectId("5a94067151503c890cf3641e"), 
    "profileId" : ObjectId("5a94067151503c890cf3641d"), 
    "createdAt" : ISODate("2018-02-26T13:06:57.472+0000"), 
    "updatedAt" : ISODate("2018-02-26T13:06:57.483+0000"), 
    "isDeleted" : false
}
{ 
    "_id" : ObjectId("5acf08c6aa05320838305027"), 
    "profileId" : ObjectId("5acf08c6aa05320838305026"), 
    "isDeleted" : false, 
    "createdAt" : ISODate("2018-04-12T07:20:38.688+0000"), 
    "updatedAt" : ISODate("2018-04-12T07:20:38.700+0000")
}
