{ 
    "_id" : ObjectId("5a93ef046c4b95a916def3cc"), 
    "profileId" : ObjectId("5a93ef046c4b95a916def3cb"), 
    "createdAt" : ISODate("2018-02-26T11:27:00.153+0000"), 
    "updatedAt" : ISODate("2018-04-12T13:34:09.980+0000"), 
    "isDeleted" : true
}
{ 
    "_id" : ObjectId("5a93ef466c4b95a916def3ce"), 
    "profileId" : ObjectId("5a93ef466c4b95a916def3cd"), 
    "createdAt" : ISODate("2018-02-26T11:28:06.519+0000"), 
    "updatedAt" : ISODate("2018-02-26T11:28:06.522+0000"), 
    "isDeleted" : false
}
{ 
    "_id" : ObjectId("5a93ef7c6c4b95a916def3d2"), 
    "profileId" : ObjectId("5a93ef7c6c4b95a916def3d1"), 
    "createdAt" : ISODate("2018-02-26T11:29:00.528+0000"), 
    "updatedAt" : ISODate("2018-02-26T11:29:00.530+0000"), 
    "isDeleted" : false
}
{ 
    "_id" : ObjectId("5a9531f153f6f8c267446a9a"), 
    "profileId" : ObjectId("5a9531f153f6f8c267446a99"), 
    "createdAt" : ISODate("2018-02-27T10:24:49.071+0000"), 
    "updatedAt" : ISODate("2018-04-12T12:15:20.155+0000"), 
    "isDeleted" : true
}
{ 
    "_id" : ObjectId("5a97a6fb09abd7e0459dfd21"), 
    "profileId" : ObjectId("5a97a6fb09abd7e0459dfd20"), 
    "createdAt" : ISODate("2018-03-01T07:08:43.989+0000"), 
    "updatedAt" : ISODate("2018-04-02T08:53:00.198+0000"), 
    "isDeleted" : true
}
{ 
    "_id" : ObjectId("5a99331fdbcd014a19105ddf"), 
    "profileId" : ObjectId("5a99331fdbcd014a19105dde"), 
    "createdAt" : ISODate("2018-03-02T11:18:55.868+0000"), 
    "updatedAt" : ISODate("2018-03-02T11:18:55.875+0000"), 
    "isDeleted" : false
}
{ 
    "_id" : ObjectId("5aa75a4c123c49259e705b6b"), 
    "profileId" : ObjectId("5aa75a4c123c49259e705b6a"), 
    "createdAt" : ISODate("2018-03-13T04:57:48.483+0000"), 
    "updatedAt" : ISODate("2018-03-13T04:57:48.491+0000"), 
    "isDeleted" : false
}
{ 
    "_id" : ObjectId("5aceddacaa05320838304fd7"), 
    "profileId" : ObjectId("5aceddacaa05320838304fd6"), 
    "isDeleted" : false, 
    "createdAt" : ISODate("2018-04-12T04:16:44.405+0000"), 
    "updatedAt" : ISODate("2018-04-12T04:16:44.420+0000")
}
{ 
    "_id" : ObjectId("5acef7c5aa05320838304fd9"), 
    "profileId" : ObjectId("5acef7c5aa05320838304fd8"), 
    "isDeleted" : false, 
    "createdAt" : ISODate("2018-04-12T06:08:05.996+0000"), 
    "updatedAt" : ISODate("2018-04-12T06:08:05.998+0000")
}
{ 
    "_id" : ObjectId("5acf4e57aa05320838305029"), 
    "profileId" : ObjectId("5acf4e57aa05320838305028"), 
    "isDeleted" : false, 
    "createdAt" : ISODate("2018-04-12T12:17:27.264+0000"), 
    "updatedAt" : ISODate("2018-04-12T12:17:27.266+0000")
}
{ 
    "_id" : ObjectId("5acf4f7caa0532083830502d"), 
    "profileId" : ObjectId("5acf4f7caa0532083830502c"), 
    "isDeleted" : false, 
    "createdAt" : ISODate("2018-04-12T12:22:20.414+0000"), 
    "updatedAt" : ISODate("2018-04-12T12:22:20.415+0000")
}
