{ 
    "_id" : ObjectId("5a9fd46aa4baa605e484d9e8"), 
    "associate_tasks" : ObjectId("5a94e57f51503c890cf36426"), 
    "task_assignedTo" : ObjectId("5a94e0a751503c890cf36422")
}
{ 
    "_id" : ObjectId("5a9fe1fb43f2940618a78b9e"), 
    "associate_tasks" : ObjectId("5a952facb7b2bfbb650f7493"), 
    "task_assignedTo" : ObjectId("5a94e0a751503c890cf36422")
}
{ 
    "_id" : ObjectId("5a9fe23943f2940618a78ba0"), 
    "associate_tasks" : ObjectId("5a9564c553f6f8c267446a9c"), 
    "task_assignedTo" : ObjectId("5a94e0a751503c890cf36422")
}
{ 
    "_id" : ObjectId("5aa756cd123c49259e705b5e"), 
    "associate_tasks" : ObjectId("5a9564c553f6f8c267446a9c"), 
    "task_assignedTo" : ObjectId("5aa756cd123c49259e705b5b")
}
{ 
    "_id" : ObjectId("5aa756f2123c49259e705b63"), 
    "associate_tasks" : ObjectId("5a9564c553f6f8c267446a9c"), 
    "task_assignedTo" : ObjectId("5aa756f2123c49259e705b60")
}
{ 
    "_id" : ObjectId("5aa757ac123c49259e705b68"), 
    "associate_tasks" : ObjectId("5a9564c553f6f8c267446a9c"), 
    "task_assignedTo" : ObjectId("5aa7579d123c49259e705b65")
}
{ 
    "_id" : ObjectId("5aa767a6a647eb4278cef4b8"), 
    "associate_tasks" : ObjectId("5a97aa0f09abd7e0459dfd25"), 
    "task_assignedTo" : ObjectId("5aa767a6a647eb4278cef4b5")
}
{ 
    "_id" : ObjectId("5aa767eea647eb4278cef4bd"), 
    "associate_tasks" : ObjectId("5a97aa0f09abd7e0459dfd25"), 
    "task_assignedTo" : ObjectId("5aa767eea647eb4278cef4ba")
}
{ 
    "_id" : ObjectId("5aa8c2a50849fe4a7faa33d1"), 
    "associate_tasks" : ObjectId("5a97c21409abd7e0459dfd2a"), 
    "task_assignedTo" : ObjectId("5aa8c2a50849fe4a7faa33ce")
}
{ 
    "_id" : ObjectId("5aa8c7900849fe4a7faa33d9"), 
    "associate_tasks" : ObjectId("5a94e57f51503c890cf36426"), 
    "task_assignedTo" : ObjectId("5aa8c7900849fe4a7faa33d6")
}
{ 
    "_id" : ObjectId("5aa8c7900849fe4a7faa33db"), 
    "associate_tasks" : ObjectId("5a952facb7b2bfbb650f7493"), 
    "task_assignedTo" : ObjectId("5aa8c7900849fe4a7faa33d6")
}
{ 
    "_id" : ObjectId("5aa8c8050849fe4a7faa33e0"), 
    "associate_tasks" : ObjectId("5a94e57f51503c890cf36426"), 
    "task_assignedTo" : ObjectId("5aa8c8050849fe4a7faa33dd")
}
{ 
    "_id" : ObjectId("5aa8c8050849fe4a7faa33e2"), 
    "associate_tasks" : ObjectId("5a952facb7b2bfbb650f7493"), 
    "task_assignedTo" : ObjectId("5aa8c8050849fe4a7faa33dd")
}
{ 
    "_id" : ObjectId("5aa8c8f60849fe4a7faa33e7"), 
    "associate_tasks" : ObjectId("5a94e57f51503c890cf36426"), 
    "task_assignedTo" : ObjectId("5aa8c8f60849fe4a7faa33e4")
}
{ 
    "_id" : ObjectId("5aa8c8f60849fe4a7faa33e9"), 
    "associate_tasks" : ObjectId("5a952facb7b2bfbb650f7493"), 
    "task_assignedTo" : ObjectId("5aa8c8f60849fe4a7faa33e4")
}
{ 
    "_id" : ObjectId("5aa8c90d0849fe4a7faa33ee"), 
    "associate_tasks" : ObjectId("5a94e57f51503c890cf36426"), 
    "task_assignedTo" : ObjectId("5aa8c90d0849fe4a7faa33eb")
}
{ 
    "_id" : ObjectId("5aa8c90d0849fe4a7faa33f0"), 
    "associate_tasks" : ObjectId("5a952facb7b2bfbb650f7493"), 
    "task_assignedTo" : ObjectId("5aa8c90d0849fe4a7faa33eb")
}
{ 
    "_id" : ObjectId("5aa8c9830849fe4a7faa33fb"), 
    "associate_tasks" : ObjectId("5a94e57f51503c890cf36426"), 
    "task_assignedTo" : ObjectId("5aa8c9830849fe4a7faa33f8")
}
{ 
    "_id" : ObjectId("5aa8c9830849fe4a7faa33fd"), 
    "associate_tasks" : ObjectId("5a952facb7b2bfbb650f7493"), 
    "task_assignedTo" : ObjectId("5aa8c9830849fe4a7faa33f8")
}
