{ 
    "_id" : ObjectId("5ae98f313f06e716ae55bccf"), 
    "submittedTimeSheetId" : ObjectId("5ae987013f06e716ae55bb67"), 
    "approvedBy" : ObjectId("5adedab158c28575101c8ae6"), 
    "approvedDate" : "2018-05-02", 
    "createdAt" : "2018-05-02T10:13:05.256Z", 
    "updatedAt" : "2018-05-02T10:13:05.256Z"
}
{ 
    "_id" : ObjectId("5aebf0553f06e716ae55be56"), 
    "submittedTimeSheetId" : ObjectId("5ae9b0ea3f06e716ae55bcdf"), 
    "approvedBy" : ObjectId("5adedab158c28575101c8ae6"), 
    "approvedDate" : "2018-05-04", 
    "createdAt" : "2018-05-04T05:32:05.360Z", 
    "updatedAt" : "2018-05-04T05:32:05.360Z"
}
{ 
    "_id" : ObjectId("5aebf0593f06e716ae55be57"), 
    "submittedTimeSheetId" : ObjectId("5ae9b21d3f06e716ae55bce0"), 
    "approvedBy" : ObjectId("5adedab158c28575101c8ae6"), 
    "approvedDate" : "2018-05-04", 
    "createdAt" : "2018-05-04T05:32:09.736Z", 
    "updatedAt" : "2018-05-04T05:32:09.736Z"
}
{ 
    "_id" : ObjectId("5aebf0833f06e716ae55be59"), 
    "submittedTimeSheetId" : ObjectId("5aead8613f06e716ae55bd2d"), 
    "approvedBy" : ObjectId("5adedab158c28575101c8ae6"), 
    "approvedDate" : "2018-05-04", 
    "createdAt" : "2018-05-04T05:32:51.367Z", 
    "updatedAt" : "2018-05-04T05:32:51.367Z"
}
{ 
    "_id" : ObjectId("5aebf08a3f06e716ae55be5a"), 
    "submittedTimeSheetId" : ObjectId("5aead8e63f06e716ae55bd2f"), 
    "approvedBy" : ObjectId("5adedab158c28575101c8ae6"), 
    "approvedDate" : "2018-05-04", 
    "createdAt" : "2018-05-04T05:32:58.234Z", 
    "updatedAt" : "2018-05-04T05:32:58.234Z"
}
{ 
    "_id" : ObjectId("5aec39983f06e716ae55be5d"), 
    "submittedTimeSheetId" : ObjectId("5aebefe93f06e716ae55be54"), 
    "approvedBy" : ObjectId("5adedab158c28575101c8ae6"), 
    "approvedDate" : "2018-05-04", 
    "createdAt" : "2018-05-04T10:44:40.828Z", 
    "updatedAt" : "2018-05-04T10:44:40.828Z"
}
{ 
    "_id" : ObjectId("5aec39a43f06e716ae55be5e"), 
    "submittedTimeSheetId" : ObjectId("5aebeafc3f06e716ae55be09"), 
    "approvedBy" : ObjectId("5adedab158c28575101c8ae6"), 
    "approvedDate" : "2018-05-04", 
    "createdAt" : "2018-05-04T10:44:52.212Z", 
    "updatedAt" : "2018-05-04T10:44:52.212Z"
}
{ 
    "_id" : ObjectId("5aec3c323f06e716ae55be5f"), 
    "submittedTimeSheetId" : ObjectId("5aeb131a3f06e716ae55be01"), 
    "approvedBy" : ObjectId("5adedab158c28575101c8ae6"), 
    "approvedDate" : "2018-05-04", 
    "createdAt" : "2018-05-04T10:55:46.907Z", 
    "updatedAt" : "2018-05-04T10:55:46.907Z"
}
{ 
    "_id" : ObjectId("5aec3c3a3f06e716ae55be60"), 
    "submittedTimeSheetId" : ObjectId("5aeb13943f06e716ae55be03"), 
    "approvedBy" : ObjectId("5adedab158c28575101c8ae6"), 
    "approvedDate" : "2018-05-04", 
    "createdAt" : "2018-05-04T10:55:54.362Z", 
    "updatedAt" : "2018-05-04T10:55:54.362Z"
}
{ 
    "_id" : ObjectId("5aec6b8b3f06e716ae55bea4"), 
    "submittedTimeSheetId" : ObjectId("5aeb09f63f06e716ae55bd89"), 
    "approvedBy" : ObjectId("5adedab158c28575101c8ae6"), 
    "approvedDate" : "2018-05-04", 
    "createdAt" : "2018-05-04T14:17:47.504Z", 
    "updatedAt" : "2018-05-04T14:17:47.504Z"
}
{ 
    "_id" : ObjectId("5aec6b9c3f06e716ae55bea5"), 
    "submittedTimeSheetId" : ObjectId("5aec60f83f06e716ae55be7d"), 
    "approvedBy" : ObjectId("5adedab158c28575101c8ae6"), 
    "approvedDate" : "2018-05-04", 
    "createdAt" : "2018-05-04T14:18:04.291Z", 
    "updatedAt" : "2018-05-04T14:18:04.291Z"
}
{ 
    "_id" : ObjectId("5aec6ba43f06e716ae55bea6"), 
    "submittedTimeSheetId" : ObjectId("5aec616e3f06e716ae55be85"), 
    "approvedBy" : ObjectId("5adedab158c28575101c8ae6"), 
    "approvedDate" : "2018-05-04", 
    "createdAt" : "2018-05-04T14:18:12.942Z", 
    "updatedAt" : "2018-05-04T14:18:12.942Z"
}
{ 
    "_id" : ObjectId("5aec6c323f06e716ae55bea7"), 
    "submittedTimeSheetId" : ObjectId("5aec61d73f06e716ae55be8d"), 
    "approvedBy" : ObjectId("5adedab158c28575101c8ae6"), 
    "approvedDate" : "2018-05-04", 
    "createdAt" : "2018-05-04T14:20:34.167Z", 
    "updatedAt" : "2018-05-04T14:20:34.167Z"
}
{ 
    "_id" : ObjectId("5aec6c433f06e716ae55bea8"), 
    "submittedTimeSheetId" : ObjectId("5aec5b843f06e716ae55be6c"), 
    "approvedBy" : ObjectId("5adedab158c28575101c8ae6"), 
    "approvedDate" : "2018-05-04", 
    "createdAt" : "2018-05-04T14:20:51.711Z", 
    "updatedAt" : "2018-05-04T14:20:51.711Z"
}
{ 
    "_id" : ObjectId("5aec6d7b3f06e716ae55bea9"), 
    "submittedTimeSheetId" : ObjectId("5aec09763f06e716ae55be5b"), 
    "approvedBy" : ObjectId("5adedab158c28575101c8ae6"), 
    "approvedDate" : "2018-05-04", 
    "createdAt" : "2018-05-04T14:26:03.306Z", 
    "updatedAt" : "2018-05-04T14:26:03.306Z"
}
