{ 
    "_id" : ObjectId("5ae9702bae3bb145f0103c3a"), 
    "createdAt" : "2018-05-02T08:00:43.364Z", 
    "updatedAt" : "2018-05-02T08:00:43.364Z", 
    "submittedDate" : "2018-05-02", 
    "timeSheetId" : ObjectId("5ae9702bae3bb145f0103c39")
}
{ 
    "_id" : ObjectId("5ae987143f06e716ae55bb68"), 
    "timeSheetId" : ObjectId("5ae987013f06e716ae55bb67"), 
    "submittedDate" : "2018-05-02", 
    "createdAt" : "2018-05-02T09:38:28.592Z", 
    "updatedAt" : "2018-05-02T09:38:28.592Z"
}
{ 
    "_id" : ObjectId("5ae9a4c43f06e716ae55bcd9"), 
    "timeSheetId" : ObjectId("5ae9a4c43f06e716ae55bcd8"), 
    "submittedDate" : "2018-05-02", 
    "createdAt" : "2018-05-02T11:45:08.096Z", 
    "updatedAt" : "2018-05-02T11:45:08.096Z"
}
{ 
    "_id" : ObjectId("5ae9a8cc3f06e716ae55bcdb"), 
    "timeSheetId" : ObjectId("5ae9a8cc3f06e716ae55bcda"), 
    "submittedDate" : "2018-05-02", 
    "createdAt" : "2018-05-02T12:02:20.179Z", 
    "updatedAt" : "2018-05-02T12:02:20.179Z"
}
{ 
    "_id" : ObjectId("5ae9c4f13f06e716ae55bd2b"), 
    "timeSheetId" : ObjectId("5ae9c4883f06e716ae55bd29"), 
    "submittedDate" : "2018-05-02", 
    "createdAt" : "2018-05-02T14:02:25.397Z", 
    "updatedAt" : "2018-05-02T14:02:25.397Z"
}
{ 
    "_id" : ObjectId("5ae9c4f83f06e716ae55bd2c"), 
    "timeSheetId" : ObjectId("5ae9c4d73f06e716ae55bd2a"), 
    "submittedDate" : "2018-05-02", 
    "createdAt" : "2018-05-02T14:02:32.268Z", 
    "updatedAt" : "2018-05-02T14:02:32.268Z"
}
{ 
    "_id" : ObjectId("5aead8613f06e716ae55bd2e"), 
    "timeSheetId" : ObjectId("5aead8613f06e716ae55bd2d"), 
    "submittedDate" : "2018-05-03", 
    "createdAt" : "2018-05-03T09:37:37.827Z", 
    "updatedAt" : "2018-05-03T09:37:37.827Z"
}
{ 
    "_id" : ObjectId("5aead8e63f06e716ae55bd30"), 
    "timeSheetId" : ObjectId("5aead8e63f06e716ae55bd2f"), 
    "submittedDate" : "2018-05-03", 
    "createdAt" : "2018-05-03T09:39:50.573Z", 
    "updatedAt" : "2018-05-03T09:39:50.573Z"
}
{ 
    "_id" : ObjectId("5aeadab23f06e716ae55bd34"), 
    "timeSheetId" : ObjectId("5ae9b0ea3f06e716ae55bcdf"), 
    "submittedDate" : "2018-05-03", 
    "createdAt" : "2018-05-03T09:47:30.194Z", 
    "updatedAt" : "2018-05-03T09:47:30.194Z"
}
{ 
    "_id" : ObjectId("5aeadab63f06e716ae55bd35"), 
    "timeSheetId" : ObjectId("5ae9b21d3f06e716ae55bce0"), 
    "submittedDate" : "2018-05-03", 
    "createdAt" : "2018-05-03T09:47:34.431Z", 
    "updatedAt" : "2018-05-03T09:47:34.431Z"
}
{ 
    "_id" : ObjectId("5aeadaba3f06e716ae55bd36"), 
    "timeSheetId" : ObjectId("5ae9b24d3f06e716ae55bce1"), 
    "submittedDate" : "2018-05-03", 
    "createdAt" : "2018-05-03T09:47:38.530Z", 
    "updatedAt" : "2018-05-03T09:47:38.530Z"
}
{ 
    "_id" : ObjectId("5aeb05303f06e716ae55bd86"), 
    "timeSheetId" : ObjectId("5aeb05303f06e716ae55bd85"), 
    "submittedDate" : "2018-05-03", 
    "createdAt" : "2018-05-03T12:48:48.436Z", 
    "updatedAt" : "2018-05-03T12:48:48.436Z"
}
{ 
    "_id" : ObjectId("5aeb054b3f06e716ae55bd88"), 
    "timeSheetId" : ObjectId("5aeb054b3f06e716ae55bd87"), 
    "submittedDate" : "2018-05-03", 
    "createdAt" : "2018-05-03T12:49:15.223Z", 
    "updatedAt" : "2018-05-03T12:49:15.223Z"
}
{ 
    "_id" : ObjectId("5aeb135b3f06e716ae55be02"), 
    "timeSheetId" : ObjectId("5aeb131a3f06e716ae55be01"), 
    "submittedDate" : "2018-05-03", 
    "createdAt" : "2018-05-03T13:49:15.359Z", 
    "updatedAt" : "2018-05-03T13:49:15.359Z"
}
{ 
    "_id" : ObjectId("5aeb13943f06e716ae55be04"), 
    "timeSheetId" : ObjectId("5aeb13943f06e716ae55be03"), 
    "submittedDate" : "2018-05-03", 
    "createdAt" : "2018-05-03T13:50:12.520Z", 
    "updatedAt" : "2018-05-03T13:50:12.520Z"
}
{ 
    "_id" : ObjectId("5aebeadb3f06e716ae55be08"), 
    "timeSheetId" : ObjectId("5aebeadb3f06e716ae55be07"), 
    "submittedDate" : "2018-05-04", 
    "createdAt" : "2018-05-04T05:08:43.669Z", 
    "updatedAt" : "2018-05-04T05:08:43.669Z"
}
{ 
    "_id" : ObjectId("5aebeafc3f06e716ae55be0a"), 
    "timeSheetId" : ObjectId("5aebeafc3f06e716ae55be09"), 
    "submittedDate" : "2018-05-04", 
    "createdAt" : "2018-05-04T05:09:16.546Z", 
    "updatedAt" : "2018-05-04T05:09:16.546Z"
}
{ 
    "_id" : ObjectId("5aebeb383f06e716ae55be0c"), 
    "timeSheetId" : ObjectId("5aebeb383f06e716ae55be0b"), 
    "submittedDate" : "2018-05-04", 
    "createdAt" : "2018-05-04T05:10:16.395Z", 
    "updatedAt" : "2018-05-04T05:10:16.395Z"
}
{ 
    "_id" : ObjectId("5aebefe93f06e716ae55be55"), 
    "timeSheetId" : ObjectId("5aebefe93f06e716ae55be54"), 
    "submittedDate" : "2018-05-04", 
    "createdAt" : "2018-05-04T05:30:17.076Z", 
    "updatedAt" : "2018-05-04T05:30:17.076Z"
}
{ 
    "_id" : ObjectId("5aec50123f06e716ae55be61"), 
    "timeSheetId" : ObjectId("5aec0ae33f06e716ae55be5c"), 
    "submittedDate" : "2018-05-04", 
    "createdAt" : "2018-05-04T12:20:34.919Z", 
    "updatedAt" : "2018-05-04T12:20:34.919Z"
}
{ 
    "_id" : ObjectId("5aec50363f06e716ae55be62"), 
    "timeSheetId" : ObjectId("5ae9bd053f06e716ae55bce7"), 
    "submittedDate" : "2018-05-04", 
    "createdAt" : "2018-05-04T12:21:10.786Z", 
    "updatedAt" : "2018-05-04T12:21:10.786Z"
}
{ 
    "_id" : ObjectId("5aec50393f06e716ae55be63"), 
    "timeSheetId" : ObjectId("5aeb09f63f06e716ae55bd89"), 
    "submittedDate" : "2018-05-04", 
    "createdAt" : "2018-05-04T12:21:13.020Z", 
    "updatedAt" : "2018-05-04T12:21:13.020Z"
}
{ 
    "_id" : ObjectId("5aec503a3f06e716ae55be64"), 
    "timeSheetId" : ObjectId("5ae9c18c3f06e716ae55bd28"), 
    "submittedDate" : "2018-05-04", 
    "createdAt" : "2018-05-04T12:21:14.228Z", 
    "updatedAt" : "2018-05-04T12:21:14.228Z"
}
{ 
    "_id" : ObjectId("5aec503c3f06e716ae55be65"), 
    "timeSheetId" : ObjectId("5aeb17b93f06e716ae55be05"), 
    "submittedDate" : "2018-05-04", 
    "createdAt" : "2018-05-04T12:21:16.726Z", 
    "updatedAt" : "2018-05-04T12:21:16.726Z"
}
{ 
    "_id" : ObjectId("5aec503c3f06e716ae55be66"), 
    "timeSheetId" : ObjectId("5aec09763f06e716ae55be5b"), 
    "submittedDate" : "2018-05-04", 
    "createdAt" : "2018-05-04T12:21:16.776Z", 
    "updatedAt" : "2018-05-04T12:21:16.776Z"
}
{ 
    "_id" : ObjectId("5aec503f3f06e716ae55be67"), 
    "timeSheetId" : ObjectId("5aeb1f173f06e716ae55be06"), 
    "submittedDate" : "2018-05-04", 
    "createdAt" : "2018-05-04T12:21:19.376Z", 
    "updatedAt" : "2018-05-04T12:21:19.376Z"
}
{ 
    "_id" : ObjectId("5aec58403f06e716ae55be6a"), 
    "timeSheetId" : ObjectId("5aec57d63f06e716ae55be68"), 
    "submittedDate" : "2018-05-04", 
    "createdAt" : "2018-05-04T12:55:28.868Z", 
    "updatedAt" : "2018-05-04T12:55:28.868Z"
}
{ 
    "_id" : ObjectId("5aec58493f06e716ae55be6b"), 
    "timeSheetId" : ObjectId("5aec580d3f06e716ae55be69"), 
    "submittedDate" : "2018-05-04", 
    "createdAt" : "2018-05-04T12:55:37.175Z", 
    "updatedAt" : "2018-05-04T12:55:37.175Z"
}
{ 
    "_id" : ObjectId("5aec5b843f06e716ae55be6d"), 
    "timeSheetId" : ObjectId("5aec5b843f06e716ae55be6c"), 
    "submittedDate" : "2018-05-04", 
    "createdAt" : "2018-05-04T13:09:24.850Z", 
    "updatedAt" : "2018-05-04T13:09:24.850Z"
}
{ 
    "_id" : ObjectId("5aec60f83f06e716ae55be7e"), 
    "timeSheetId" : ObjectId("5aec60f83f06e716ae55be7d"), 
    "submittedDate" : "2018-05-04", 
    "createdAt" : "2018-05-04T13:32:40.366Z", 
    "updatedAt" : "2018-05-04T13:32:40.366Z"
}
{ 
    "_id" : ObjectId("5aec616e3f06e716ae55be86"), 
    "timeSheetId" : ObjectId("5aec616e3f06e716ae55be85"), 
    "submittedDate" : "2018-05-04", 
    "createdAt" : "2018-05-04T13:34:38.919Z", 
    "updatedAt" : "2018-05-04T13:34:38.919Z"
}
{ 
    "_id" : ObjectId("5aec61d73f06e716ae55be8e"), 
    "timeSheetId" : ObjectId("5aec61d73f06e716ae55be8d"), 
    "submittedDate" : "2018-05-04", 
    "createdAt" : "2018-05-04T13:36:23.824Z", 
    "updatedAt" : "2018-05-04T13:36:23.824Z"
}
