{ 
    "_id" : ObjectId("5ae9702bae3bb145f0103c39"), 
    "createdAt" : "2018-05-02T08:00:43.351Z", 
    "updatedAt" : "2018-05-02T08:00:43.372Z", 
    "hours" : NumberInt(4), 
    "DateAndTime" : "2018-05-02", 
    "comments" : "Working on product price issue in apple pay", 
    "isSubmitted" : true, 
    "isApproved" : false, 
    "isRejected" : false, 
    "isTicket" : true, 
    "ProjectId" : null, 
    "TaskId" : ObjectId("5ae96e6cae3bb145f0103c34"), 
    "associateId" : ObjectId("5aded92158c28575101c8ad2"), 
    "approvelManager" : ObjectId("5adedafd58c28575101c8aea"), 
    "ticket" : ObjectId("5ae96e6cae3bb145f0103c36")
}
{ 
    "_id" : ObjectId("5ae987013f06e716ae55bb67"), 
    "hours" : NumberInt(9), 
    "isTicket" : true, 
    "ticket" : ObjectId("5ae986a03f06e716ae55bb66"), 
    "TaskId" : ObjectId("5ae9869f3f06e716ae55bb64"), 
    "DateAndTime" : "2018-04-03", 
    "associateId" : ObjectId("5aded85558c28575101c8ace"), 
    "approvelManager" : ObjectId("5adedab158c28575101c8ae6"), 
    "comments" : "Add Time entry screen", 
    "createdAt" : "2018-05-02T09:38:09.294Z", 
    "updatedAt" : "2018-05-02T10:13:05.265Z", 
    "ProjectId" : null, 
    "isSubmitted" : true, 
    "isApproved" : true, 
    "isRejected" : false
}
{ 
    "_id" : ObjectId("5ae98ae23f06e716ae55bc49"), 
    "hours" : NumberInt(2), 
    "isTicket" : true, 
    "ticket" : ObjectId("5ae986a03f06e716ae55bb66"), 
    "TaskId" : ObjectId("5ae9869f3f06e716ae55bb64"), 
    "DateAndTime" : "2018-04-02", 
    "associateId" : ObjectId("5aded85558c28575101c8ace"), 
    "approvelManager" : ObjectId("5adedab158c28575101c8ae6"), 
    "comments" : "Magento2 - Environmental setup", 
    "createdAt" : "2018-05-02T09:54:42.165Z", 
    "updatedAt" : "2018-05-02T09:54:42.165Z", 
    "ProjectId" : null, 
    "isSubmitted" : false, 
    "isApproved" : false, 
    "isRejected" : false
}
{ 
    "_id" : ObjectId("5ae98bd83f06e716ae55bcb8"), 
    "hours" : NumberInt(3), 
    "isTicket" : true, 
    "ticket" : ObjectId("5ae972c720dcc2132c376a96"), 
    "TaskId" : ObjectId("5ae972c720dcc2132c376a94"), 
    "DateAndTime" : "2018-05-02", 
    "associateId" : ObjectId("5ae96ef8ae3bb145f0103c38"), 
    "approvelManager" : ObjectId("5adedab158c28575101c8ae6"), 
    "comments" : "Work is in progress, connected with yasar.", 
    "createdAt" : "2018-05-02T09:58:48.110Z", 
    "updatedAt" : "2018-05-02T10:05:16.408Z", 
    "ProjectId" : null, 
    "isSubmitted" : false, 
    "isApproved" : false, 
    "isRejected" : false
}
{ 
    "_id" : ObjectId("5ae98d953f06e716ae55bcce"), 
    "hours" : NumberInt(5), 
    "isTicket" : true, 
    "ticket" : ObjectId("5ae98aeb3f06e716ae55bc55"), 
    "TaskId" : ObjectId("5ae98aeb3f06e716ae55bc53"), 
    "DateAndTime" : "2018-05-02", 
    "associateId" : ObjectId("5ae96ef8ae3bb145f0103c38"), 
    "approvelManager" : ObjectId("5adedab158c28575101c8ae6"), 
    "comments" : "Completed the design for social media.", 
    "createdAt" : "2018-05-02T10:06:13.273Z", 
    "updatedAt" : "2018-05-02T10:06:49.967Z", 
    "ProjectId" : null, 
    "isSubmitted" : false, 
    "isApproved" : false, 
    "isRejected" : false
}
{ 
    "_id" : ObjectId("5ae997ea3f06e716ae55bcd3"), 
    "hours" : NumberInt(2), 
    "isTicket" : true, 
    "ticket" : ObjectId("5ae997cc3f06e716ae55bcd2"), 
    "TaskId" : ObjectId("5ae997cc3f06e716ae55bcd0"), 
    "DateAndTime" : "2018-05-02", 
    "associateId" : ObjectId("5ae96ef8ae3bb145f0103c38"), 
    "approvelManager" : ObjectId("5adedab158c28575101c8ae6"), 
    "comments" : "Lead genereting", 
    "createdAt" : "2018-05-02T10:50:18.610Z", 
    "updatedAt" : "2018-05-02T10:50:27.251Z", 
    "ProjectId" : null, 
    "isSubmitted" : false, 
    "isApproved" : false, 
    "isRejected" : false
}
{ 
    "_id" : ObjectId("5ae9a4383f06e716ae55bcd7"), 
    "hours" : NumberInt(3), 
    "isTicket" : true, 
    "ticket" : ObjectId("5ae9a1053f06e716ae55bcd6"), 
    "TaskId" : ObjectId("5ae9a1053f06e716ae55bcd4"), 
    "DateAndTime" : "2018-04-03", 
    "associateId" : ObjectId("5adedb2f58c28575101c8aec"), 
    "approvelManager" : ObjectId("5adedafd58c28575101c8aea"), 
    "comments" : "Lead download", 
    "createdAt" : "2018-05-02T11:42:48.105Z", 
    "updatedAt" : "2018-05-02T11:42:48.105Z", 
    "ProjectId" : null, 
    "isSubmitted" : false, 
    "isApproved" : false, 
    "isRejected" : false
}
{ 
    "_id" : ObjectId("5ae9a4c43f06e716ae55bcd8"), 
    "hours" : 3.5, 
    "isTicket" : true, 
    "ticket" : ObjectId("5ae9a1053f06e716ae55bcd6"), 
    "TaskId" : ObjectId("5ae9a1053f06e716ae55bcd4"), 
    "DateAndTime" : "2018-04-04", 
    "associateId" : ObjectId("5adedb2f58c28575101c8aec"), 
    "approvelManager" : ObjectId("5adedafd58c28575101c8aea"), 
    "comments" : "Suit- CRM user management.", 
    "createdAt" : "2018-05-02T11:45:08.086Z", 
    "updatedAt" : "2018-05-02T11:45:08.097Z", 
    "ProjectId" : null, 
    "isSubmitted" : true, 
    "isApproved" : false, 
    "isRejected" : false
}
{ 
    "_id" : ObjectId("5ae9a8cc3f06e716ae55bcda"), 
    "hours" : 5.5, 
    "isTicket" : true, 
    "ticket" : ObjectId("5ae9a1053f06e716ae55bcd6"), 
    "TaskId" : ObjectId("5ae9a1053f06e716ae55bcd4"), 
    "DateAndTime" : "2018-04-06", 
    "associateId" : ObjectId("5adedb2f58c28575101c8aec"), 
    "approvelManager" : ObjectId("5adedafd58c28575101c8aea"), 
    "comments" : "Suit- CRM - Testing", 
    "createdAt" : "2018-05-02T12:02:20.171Z", 
    "updatedAt" : "2018-05-02T12:02:20.180Z", 
    "ProjectId" : null, 
    "isSubmitted" : true, 
    "isApproved" : false, 
    "isRejected" : false
}
{ 
    "_id" : ObjectId("5ae9b0ea3f06e716ae55bcdf"), 
    "hours" : NumberInt(3), 
    "isTicket" : true, 
    "ticket" : ObjectId("5ae9b0b33f06e716ae55bcde"), 
    "TaskId" : ObjectId("5ae9b0b33f06e716ae55bcdc"), 
    "DateAndTime" : "2018-05-02", 
    "associateId" : ObjectId("5adedf3958c28575101c8b08"), 
    "approvelManager" : ObjectId("5adedab158c28575101c8ae6"), 
    "comments" : "RRS - Blog Http Convert to Https worked with Arun Sankarappan.", 
    "createdAt" : "2018-05-02T12:36:58.395Z", 
    "updatedAt" : "2018-05-04T05:32:05.361Z", 
    "ProjectId" : null, 
    "isSubmitted" : true, 
    "isApproved" : true, 
    "isRejected" : false
}
{ 
    "_id" : ObjectId("5ae9b21d3f06e716ae55bce0"), 
    "hours" : NumberInt(2), 
    "isTicket" : true, 
    "ticket" : ObjectId("5ae9b0b33f06e716ae55bcde"), 
    "TaskId" : ObjectId("5ae9b0b33f06e716ae55bcdc"), 
    "DateAndTime" : "2018-05-02", 
    "associateId" : ObjectId("5adedf3958c28575101c8b08"), 
    "approvelManager" : ObjectId("5adedab158c28575101c8ae6"), 
    "comments" : "CRM - Enable in Godaddy Server and Modified the Lead Description while bulk upload", 
    "createdAt" : "2018-05-02T12:42:05.847Z", 
    "updatedAt" : "2018-05-04T05:32:09.737Z", 
    "ProjectId" : null, 
    "isSubmitted" : true, 
    "isApproved" : true, 
    "isRejected" : false
}
{ 
    "_id" : ObjectId("5ae9b24d3f06e716ae55bce1"), 
    "hours" : NumberInt(4), 
    "isTicket" : true, 
    "ticket" : ObjectId("5ae9b0b33f06e716ae55bcde"), 
    "TaskId" : ObjectId("5ae9b0b33f06e716ae55bcdc"), 
    "DateAndTime" : "2018-05-02", 
    "associateId" : ObjectId("5adedf3958c28575101c8b08"), 
    "approvelManager" : ObjectId("5adedab158c28575101c8ae6"), 
    "comments" : "Magento 2 free theme installation with latest version\r\nFresher - Magento 2 installation", 
    "createdAt" : "2018-05-02T12:42:53.709Z", 
    "updatedAt" : "2018-05-04T05:32:28.527Z", 
    "ProjectId" : null, 
    "isSubmitted" : true, 
    "isApproved" : false, 
    "isRejected" : true
}
{ 
    "_id" : ObjectId("5ae9bd053f06e716ae55bce7"), 
    "ProjectId" : ObjectId("5ae989d43f06e716ae55bbe2"), 
    "TaskId" : ObjectId("5ae98a463f06e716ae55bc02"), 
    "DateAndTime" : "2018-05-02", 
    "comments" : "Bug Fixing related to database connectivity", 
    "associateId" : ObjectId("5adedb4b58c28575101c8aee"), 
    "approvelManager" : ObjectId("5adedab158c28575101c8ae6"), 
    "hours" : NumberInt(1), 
    "createdAt" : "2018-05-02T13:28:37.809Z", 
    "updatedAt" : "2018-05-04T12:21:10.787Z", 
    "isSubmitted" : true, 
    "isApproved" : false, 
    "isRejected" : false, 
    "isTicket" : false, 
    "ticket" : null
}
{ 
    "_id" : ObjectId("5ae9c18c3f06e716ae55bd28"), 
    "ProjectId" : ObjectId("5ae989d43f06e716ae55bbe2"), 
    "TaskId" : ObjectId("5ae98a893f06e716ae55bc2e"), 
    "DateAndTime" : "2018-05-02", 
    "comments" : "Replicating DEV server to the Local machine for training purpose", 
    "associateId" : ObjectId("5adedb4b58c28575101c8aee"), 
    "approvelManager" : ObjectId("5adedab158c28575101c8ae6"), 
    "hours" : NumberInt(6), 
    "createdAt" : "2018-05-02T13:47:56.766Z", 
    "updatedAt" : "2018-05-04T12:21:14.229Z", 
    "isSubmitted" : true, 
    "isApproved" : false, 
    "isRejected" : false, 
    "isTicket" : false, 
    "ticket" : null
}
{ 
    "_id" : ObjectId("5ae9c4883f06e716ae55bd29"), 
    "ProjectId" : ObjectId("5ae97d3320dcc2132c376a97"), 
    "TaskId" : ObjectId("5ae97dba20dcc2132c376b7c"), 
    "DateAndTime" : "2018-05-02", 
    "comments" : "Updating knowledge on java", 
    "associateId" : ObjectId("5adede4658c28575101c8af8"), 
    "approvelManager" : ObjectId("5adedab158c28575101c8ae6"), 
    "hours" : NumberInt(5), 
    "createdAt" : "2018-05-02T14:00:40.924Z", 
    "updatedAt" : "2018-05-02T14:02:25.398Z", 
    "isSubmitted" : true, 
    "isApproved" : false, 
    "isRejected" : false, 
    "isTicket" : false, 
    "ticket" : null
}
{ 
    "_id" : ObjectId("5ae9c4d73f06e716ae55bd2a"), 
    "ProjectId" : ObjectId("5ae97d3320dcc2132c376a97"), 
    "TaskId" : ObjectId("5ae97dba20dcc2132c376b7c"), 
    "DateAndTime" : "2018-05-02", 
    "comments" : "Updating knowledge on oracle,oracle golden gateway.", 
    "associateId" : ObjectId("5adede4658c28575101c8af8"), 
    "approvelManager" : ObjectId("5adedab158c28575101c8ae6"), 
    "hours" : NumberInt(3), 
    "createdAt" : "2018-05-02T14:01:59.116Z", 
    "updatedAt" : "2018-05-02T14:02:32.269Z", 
    "isSubmitted" : true, 
    "isApproved" : false, 
    "isRejected" : false, 
    "isTicket" : false, 
    "ticket" : null
}
{ 
    "_id" : ObjectId("5aead8613f06e716ae55bd2d"), 
    "ProjectId" : ObjectId("5ae989d43f06e716ae55bbe2"), 
    "TaskId" : ObjectId("5ae989ff3f06e716ae55bbeb"), 
    "DateAndTime" : "2018-05-02", 
    "comments" : "batch load on prod", 
    "associateId" : ObjectId("5aded93e58c28575101c8ad4"), 
    "approvelManager" : ObjectId("5adedab158c28575101c8ae6"), 
    "hours" : NumberInt(8), 
    "createdAt" : "2018-05-03T09:37:37.816Z", 
    "updatedAt" : "2018-05-04T05:32:51.368Z", 
    "isSubmitted" : true, 
    "isApproved" : true, 
    "isRejected" : false, 
    "isTicket" : false, 
    "ticket" : null
}
{ 
    "_id" : ObjectId("5aead8e63f06e716ae55bd2f"), 
    "ProjectId" : ObjectId("5ae989d43f06e716ae55bbe2"), 
    "TaskId" : ObjectId("5ae989ff3f06e716ae55bbeb"), 
    "DateAndTime" : "2018-05-02", 
    "comments" : "WCS widget analysis", 
    "associateId" : ObjectId("5aded93e58c28575101c8ad4"), 
    "approvelManager" : ObjectId("5adedab158c28575101c8ae6"), 
    "hours" : NumberInt(3), 
    "createdAt" : "2018-05-03T09:39:50.565Z", 
    "updatedAt" : "2018-05-04T05:32:58.235Z", 
    "isSubmitted" : true, 
    "isApproved" : true, 
    "isRejected" : false, 
    "isTicket" : false, 
    "ticket" : null
}
{ 
    "_id" : ObjectId("5aeaea453f06e716ae55bd7d"), 
    "ProjectId" : ObjectId("5ae96dadae3bb145f0103c2e"), 
    "TaskId" : ObjectId("5aeae39b3f06e716ae55bd5f"), 
    "DateAndTime" : "2018-05-03", 
    "comments" : "Tested in production and staging and created excel sheet", 
    "associateId" : ObjectId("5aded97b58c28575101c8ad6"), 
    "approvelManager" : ObjectId("5adedafd58c28575101c8aea"), 
    "hours" : NumberInt(5), 
    "createdAt" : "2018-05-03T10:53:57.516Z", 
    "updatedAt" : "2018-05-03T10:53:57.516Z", 
    "isSubmitted" : false, 
    "isApproved" : false, 
    "isRejected" : false, 
    "isTicket" : false, 
    "ticket" : null
}
{ 
    "_id" : ObjectId("5aeaeca23f06e716ae55bd7e"), 
    "ProjectId" : ObjectId("5ae96dadae3bb145f0103c2e"), 
    "TaskId" : ObjectId("5aeae45a3f06e716ae55bd76"), 
    "DateAndTime" : "2018-05-02", 
    "comments" : "Analysis", 
    "associateId" : ObjectId("5adeda0658c28575101c8adc"), 
    "approvelManager" : ObjectId("5adedafd58c28575101c8aea"), 
    "hours" : 0.5, 
    "createdAt" : "2018-05-03T11:04:02.802Z", 
    "updatedAt" : "2018-05-03T11:04:02.802Z", 
    "isSubmitted" : false, 
    "isApproved" : false, 
    "isRejected" : false, 
    "isTicket" : false, 
    "ticket" : null
}
{ 
    "_id" : ObjectId("5aeb05303f06e716ae55bd85"), 
    "hours" : NumberInt(4), 
    "isTicket" : true, 
    "ticket" : ObjectId("5aeb04e53f06e716ae55bd84"), 
    "TaskId" : ObjectId("5aeb04e53f06e716ae55bd82"), 
    "DateAndTime" : "2018-05-03", 
    "associateId" : ObjectId("5aded85558c28575101c8ace"), 
    "approvelManager" : ObjectId("5adedab158c28575101c8ae6"), 
    "comments" : "Completed Theme configuration - Magento2", 
    "createdAt" : "2018-05-03T12:48:48.428Z", 
    "updatedAt" : "2018-05-03T12:48:48.438Z", 
    "ProjectId" : null, 
    "isSubmitted" : true, 
    "isApproved" : false, 
    "isRejected" : false
}
{ 
    "_id" : ObjectId("5aeb054b3f06e716ae55bd87"), 
    "hours" : NumberInt(4), 
    "isTicket" : true, 
    "ticket" : ObjectId("5aeb04e53f06e716ae55bd84"), 
    "TaskId" : ObjectId("5aeb04e53f06e716ae55bd82"), 
    "DateAndTime" : "2018-05-03", 
    "associateId" : ObjectId("5aded85558c28575101c8ace"), 
    "approvelManager" : ObjectId("5adedab158c28575101c8ae6"), 
    "comments" : "1.Prepared Mockup for all screens.\r\n2.Started to work on project list page .", 
    "createdAt" : "2018-05-03T12:49:15.205Z", 
    "updatedAt" : "2018-05-03T12:49:15.225Z", 
    "ProjectId" : null, 
    "isSubmitted" : true, 
    "isApproved" : false, 
    "isRejected" : false
}
{ 
    "_id" : ObjectId("5aeb09f63f06e716ae55bd89"), 
    "ProjectId" : ObjectId("5ae97de620dcc2132c376bc9"), 
    "TaskId" : ObjectId("5ae97e9320dcc2132c376bef"), 
    "DateAndTime" : "2018-05-03", 
    "comments" : "Documentation of Inspiracion  - Analyses on Inspiracion Template & Widget\r\nDocumentation of Colombia  - FEB-2017 Analyses on Colombia Template & Widget", 
    "associateId" : ObjectId("5aded9df58c28575101c8ada"), 
    "approvelManager" : ObjectId("5adedab158c28575101c8ae6"), 
    "hours" : NumberInt(9), 
    "createdAt" : "2018-05-03T13:09:10.837Z", 
    "updatedAt" : "2018-05-04T14:17:47.506Z", 
    "isSubmitted" : true, 
    "isApproved" : true, 
    "isRejected" : false, 
    "isTicket" : false, 
    "ticket" : null
}
{ 
    "_id" : ObjectId("5aeb0af43f06e716ae55bd8a"), 
    "ProjectId" : ObjectId("5ae96dadae3bb145f0103c2e"), 
    "TaskId" : ObjectId("5aeae3e43f06e716ae55bd6f"), 
    "DateAndTime" : "2018-05-03", 
    "comments" : "1. Tested apple pay and kids pagination\r\n2. Prepared scenarios for kids pagination\r\n3. Reported bugs", 
    "associateId" : ObjectId("5aded76558c28575101c8acd"), 
    "approvelManager" : ObjectId("5adedafd58c28575101c8aea"), 
    "hours" : NumberInt(8), 
    "createdAt" : "2018-05-03T13:13:24.669Z", 
    "updatedAt" : "2018-05-03T13:13:24.669Z", 
    "isSubmitted" : false, 
    "isApproved" : false, 
    "isRejected" : false, 
    "isTicket" : false, 
    "ticket" : null
}
{ 
    "_id" : ObjectId("5aeb0f093f06e716ae55be00"), 
    "ProjectId" : ObjectId("5aeb0af83f06e716ae55bd8b"), 
    "TaskId" : ObjectId("5aeb0b343f06e716ae55bd90"), 
    "DateAndTime" : "2018-05-03", 
    "comments" : "Designed a social media post for nu technology. \" How CRM helps small business\"", 
    "associateId" : ObjectId("5ae96ef8ae3bb145f0103c38"), 
    "approvelManager" : ObjectId("5adedab158c28575101c8ae6"), 
    "hours" : NumberInt(7), 
    "createdAt" : "2018-05-03T13:30:49.193Z", 
    "updatedAt" : "2018-05-03T13:30:49.193Z", 
    "isSubmitted" : false, 
    "isApproved" : false, 
    "isRejected" : false, 
    "isTicket" : false, 
    "ticket" : null
}
{ 
    "_id" : ObjectId("5aeb131a3f06e716ae55be01"), 
    "ProjectId" : ObjectId("5ae97de620dcc2132c376bc9"), 
    "TaskId" : ObjectId("5ae97e4720dcc2132c376bdc"), 
    "DateAndTime" : "2018-05-03", 
    "comments" : "- web service response on QE-DEL\r\n-WCC/WCS Integration - Can we show Content Title in WCS and not Content ID?", 
    "associateId" : ObjectId("5adedba758c28575101c8af3"), 
    "approvelManager" : ObjectId("5adedab158c28575101c8ae6"), 
    "hours" : NumberInt(9), 
    "createdAt" : "2018-05-03T13:48:10.526Z", 
    "updatedAt" : "2018-05-04T10:55:46.919Z", 
    "isSubmitted" : true, 
    "isApproved" : true, 
    "isRejected" : false, 
    "isTicket" : false, 
    "ticket" : null
}
{ 
    "_id" : ObjectId("5aeb13943f06e716ae55be03"), 
    "ProjectId" : ObjectId("5ae97de620dcc2132c376bc9"), 
    "TaskId" : ObjectId("5ae97e4720dcc2132c376bdc"), 
    "DateAndTime" : "2018-05-02", 
    "comments" : "1. Image rendering issue and web service response on DEL\r\n2. WCC/WCS Integration - Can we show Content Title in WCS and not Content ID?", 
    "associateId" : ObjectId("5adedba758c28575101c8af3"), 
    "approvelManager" : ObjectId("5adedab158c28575101c8ae6"), 
    "hours" : NumberInt(9), 
    "createdAt" : "2018-05-03T13:50:12.507Z", 
    "updatedAt" : "2018-05-04T10:55:54.376Z", 
    "isSubmitted" : true, 
    "isApproved" : true, 
    "isRejected" : false, 
    "isTicket" : false, 
    "ticket" : null
}
{ 
    "_id" : ObjectId("5aeb17b93f06e716ae55be05"), 
    "ProjectId" : ObjectId("5ae97d3320dcc2132c376a97"), 
    "TaskId" : ObjectId("5ae9876c3f06e716ae55bb70"), 
    "DateAndTime" : "2018-05-03", 
    "comments" : "Importing Schemas to local server.\r\nQuery writing for ATG project", 
    "associateId" : ObjectId("5adedb4b58c28575101c8aee"), 
    "approvelManager" : ObjectId("5adedab158c28575101c8ae6"), 
    "hours" : NumberInt(5), 
    "createdAt" : "2018-05-03T14:07:53.483Z", 
    "updatedAt" : "2018-05-04T12:21:16.727Z", 
    "isSubmitted" : true, 
    "isApproved" : false, 
    "isRejected" : false, 
    "isTicket" : false, 
    "ticket" : null
}
{ 
    "_id" : ObjectId("5aeb1f173f06e716ae55be06"), 
    "ProjectId" : ObjectId("5ae989d43f06e716ae55bbe2"), 
    "TaskId" : ObjectId("5ae98a893f06e716ae55bc2e"), 
    "DateAndTime" : "2018-05-03", 
    "comments" : "Replicating dev server with my localhost", 
    "associateId" : ObjectId("5adedb4b58c28575101c8aee"), 
    "approvelManager" : ObjectId("5adedab158c28575101c8ae6"), 
    "hours" : NumberInt(3), 
    "createdAt" : "2018-05-03T14:39:19.205Z", 
    "updatedAt" : "2018-05-04T12:21:19.377Z", 
    "isSubmitted" : true, 
    "isApproved" : false, 
    "isRejected" : false, 
    "isTicket" : false, 
    "ticket" : null
}
{ 
    "_id" : ObjectId("5aebeadb3f06e716ae55be07"), 
    "hours" : NumberInt(6), 
    "isTicket" : true, 
    "ticket" : ObjectId("5aeafe753f06e716ae55bd81"), 
    "TaskId" : ObjectId("5aeafe753f06e716ae55bd7f"), 
    "DateAndTime" : "2018-05-03", 
    "associateId" : ObjectId("5adedf3958c28575101c8b08"), 
    "approvelManager" : ObjectId("5adedab158c28575101c8ae6"), 
    "comments" : "OS change, Set Lamp, React JS, NodeJS and all\r\nTo Start react program hello world", 
    "createdAt" : "2018-05-04T05:08:43.660Z", 
    "updatedAt" : "2018-05-04T05:08:43.671Z", 
    "ProjectId" : null, 
    "isSubmitted" : true, 
    "isApproved" : false, 
    "isRejected" : false
}
{ 
    "_id" : ObjectId("5aebeafc3f06e716ae55be09"), 
    "hours" : NumberInt(1), 
    "isTicket" : true, 
    "ticket" : ObjectId("5aeafe753f06e716ae55bd81"), 
    "TaskId" : ObjectId("5aeafe753f06e716ae55bd7f"), 
    "DateAndTime" : "2018-05-03", 
    "associateId" : ObjectId("5adedf3958c28575101c8b08"), 
    "approvelManager" : ObjectId("5adedab158c28575101c8ae6"), 
    "comments" : "Work wit Arun for Mixed content issue on RRS Blog", 
    "createdAt" : "2018-05-04T05:09:16.533Z", 
    "updatedAt" : "2018-05-04T10:44:52.216Z", 
    "ProjectId" : null, 
    "isSubmitted" : true, 
    "isApproved" : true, 
    "isRejected" : false
}
{ 
    "_id" : ObjectId("5aebeb383f06e716ae55be0b"), 
    "hours" : NumberInt(1), 
    "isTicket" : true, 
    "ticket" : ObjectId("5aeafe753f06e716ae55bd81"), 
    "TaskId" : ObjectId("5aeafe753f06e716ae55bd7f"), 
    "DateAndTime" : "2018-05-03", 
    "associateId" : ObjectId("5adedf3958c28575101c8b08"), 
    "approvelManager" : ObjectId("5adedab158c28575101c8ae6"), 
    "comments" : "Fresher Training for Magento 2", 
    "createdAt" : "2018-05-04T05:10:16.389Z", 
    "updatedAt" : "2018-05-04T05:10:16.399Z", 
    "ProjectId" : null, 
    "isSubmitted" : true, 
    "isApproved" : false, 
    "isRejected" : false
}
{ 
    "_id" : ObjectId("5aebefe93f06e716ae55be54"), 
    "ProjectId" : ObjectId("5ae97de620dcc2132c376bc9"), 
    "TaskId" : ObjectId("5ae97e9320dcc2132c376bef"), 
    "DateAndTime" : "2018-05-03", 
    "comments" : "Documentation on Sodimac URLs with New Templates and Widgets.  Documentation Portal properties.", 
    "associateId" : ObjectId("5aded8f558c28575101c8ad0"), 
    "approvelManager" : ObjectId("5adedab158c28575101c8ae6"), 
    "hours" : NumberInt(12), 
    "createdAt" : "2018-05-04T05:30:17.068Z", 
    "updatedAt" : "2018-05-04T10:44:40.831Z", 
    "isSubmitted" : true, 
    "isApproved" : true, 
    "isRejected" : false, 
    "isTicket" : false, 
    "ticket" : null
}
{ 
    "_id" : ObjectId("5aec09763f06e716ae55be5b"), 
    "ProjectId" : ObjectId("5ae97de620dcc2132c376bc9"), 
    "TaskId" : ObjectId("5ae97e9320dcc2132c376bef"), 
    "DateAndTime" : "2018-05-04", 
    "comments" : "Documentation of Colombia  - Apr -2018 Analyses on Colombia Template & Widget\r\nDocumentation of Colombia  - Aug -2017 Analyses on Colombia Template & Widget", 
    "associateId" : ObjectId("5aded9df58c28575101c8ada"), 
    "approvelManager" : ObjectId("5adedab158c28575101c8ae6"), 
    "hours" : NumberInt(9), 
    "createdAt" : "2018-05-04T07:19:18.268Z", 
    "updatedAt" : "2018-05-04T14:26:03.307Z", 
    "isSubmitted" : true, 
    "isApproved" : true, 
    "isRejected" : false, 
    "isTicket" : false, 
    "ticket" : null
}
{ 
    "_id" : ObjectId("5aec0ae33f06e716ae55be5c"), 
    "ProjectId" : ObjectId("5ae97de620dcc2132c376bc9"), 
    "TaskId" : ObjectId("5ae97e9320dcc2132c376bef"), 
    "DateAndTime" : "2018-05-02", 
    "comments" : "Checked the URL whether it has template and which is available or not, checked widget \r\n\r\nAnalyses on Uruguay Template & Widget", 
    "associateId" : ObjectId("5aded9df58c28575101c8ada"), 
    "approvelManager" : ObjectId("5adedab158c28575101c8ae6"), 
    "hours" : NumberInt(9), 
    "createdAt" : "2018-05-04T07:25:23.853Z", 
    "updatedAt" : "2018-05-04T12:20:34.923Z", 
    "isSubmitted" : true, 
    "isApproved" : false, 
    "isRejected" : false, 
    "isTicket" : false, 
    "ticket" : null
}
{ 
    "_id" : ObjectId("5aec57d63f06e716ae55be68"), 
    "ProjectId" : ObjectId("5ae98c1a3f06e716ae55bccb"), 
    "TaskId" : ObjectId("5aebedce3f06e716ae55be2a"), 
    "DateAndTime" : "2018-05-04", 
    "comments" : "1.worked on  Floating action  functionality - inprogress\r\n2.Completed Project and Task list page UI Changes.", 
    "associateId" : ObjectId("5aded85558c28575101c8ace"), 
    "approvelManager" : ObjectId("5adedab158c28575101c8ae6"), 
    "hours" : NumberInt(6), 
    "createdAt" : "2018-05-04T12:53:42.341Z", 
    "updatedAt" : "2018-05-04T12:55:28.872Z", 
    "isSubmitted" : true, 
    "isApproved" : false, 
    "isRejected" : false, 
    "isTicket" : false, 
    "ticket" : null
}
{ 
    "_id" : ObjectId("5aec580d3f06e716ae55be69"), 
    "ProjectId" : ObjectId("5aebee9a3f06e716ae55be40"), 
    "TaskId" : ObjectId("5aebeecc3f06e716ae55be49"), 
    "DateAndTime" : "2018-05-04", 
    "comments" : "1.Created categories.\r\n2.Added multiple products .", 
    "associateId" : ObjectId("5aded85558c28575101c8ace"), 
    "approvelManager" : ObjectId("5adedab158c28575101c8ae6"), 
    "hours" : NumberInt(2), 
    "createdAt" : "2018-05-04T12:54:37.237Z", 
    "updatedAt" : "2018-05-04T12:55:37.176Z", 
    "isSubmitted" : true, 
    "isApproved" : false, 
    "isRejected" : false, 
    "isTicket" : false, 
    "ticket" : null
}
{ 
    "_id" : ObjectId("5aec5b843f06e716ae55be6c"), 
    "ProjectId" : ObjectId("5ae97de620dcc2132c376bc9"), 
    "TaskId" : ObjectId("5ae97e9320dcc2132c376bef"), 
    "DateAndTime" : "2018-05-04", 
    "comments" : "Documentation of Number of New Templates & Widgets counts per country.", 
    "associateId" : ObjectId("5aded8f558c28575101c8ad0"), 
    "approvelManager" : ObjectId("5adedab158c28575101c8ae6"), 
    "hours" : NumberInt(6), 
    "createdAt" : "2018-05-04T13:09:24.835Z", 
    "updatedAt" : "2018-05-04T14:20:51.717Z", 
    "isSubmitted" : true, 
    "isApproved" : true, 
    "isRejected" : false, 
    "isTicket" : false, 
    "ticket" : null
}
{ 
    "_id" : ObjectId("5aec60f83f06e716ae55be7d"), 
    "ProjectId" : ObjectId("5aebee9a3f06e716ae55be40"), 
    "TaskId" : ObjectId("5aebeecc3f06e716ae55be49"), 
    "DateAndTime" : "2018-05-04", 
    "comments" : "Magento 2 latest version of 2.1.9 and 2.2.4 with no sample data have issue while install in the local system. Specially for Ubuntu system. To debug the issue in fresher system and my system. Try to debug with sample data", 
    "associateId" : ObjectId("5adedf3958c28575101c8b08"), 
    "approvelManager" : ObjectId("5adedab158c28575101c8ae6"), 
    "hours" : NumberInt(5), 
    "createdAt" : "2018-05-04T13:32:40.351Z", 
    "updatedAt" : "2018-05-04T14:18:04.292Z", 
    "isSubmitted" : true, 
    "isApproved" : true, 
    "isRejected" : false, 
    "isTicket" : false, 
    "ticket" : null
}
{ 
    "_id" : ObjectId("5aec616e3f06e716ae55be85"), 
    "ProjectId" : ObjectId("5ae97d3320dcc2132c376a97"), 
    "TaskId" : ObjectId("5ae97dba20dcc2132c376b7c"), 
    "DateAndTime" : "2018-05-04", 
    "comments" : "Setup React JS on my local system. To start programming in React JS", 
    "associateId" : ObjectId("5adedf3958c28575101c8b08"), 
    "approvelManager" : ObjectId("5adedab158c28575101c8ae6"), 
    "hours" : NumberInt(3), 
    "createdAt" : "2018-05-04T13:34:38.904Z", 
    "updatedAt" : "2018-05-04T14:18:12.943Z", 
    "isSubmitted" : true, 
    "isApproved" : true, 
    "isRejected" : false, 
    "isTicket" : false, 
    "ticket" : null
}
{ 
    "_id" : ObjectId("5aec61d73f06e716ae55be8d"), 
    "ProjectId" : ObjectId("5ae97d3320dcc2132c376a97"), 
    "TaskId" : ObjectId("5ae97dba20dcc2132c376b7c"), 
    "DateAndTime" : "2018-05-04", 
    "comments" : "Fresher - Prakash - Done product added and attribute added in magento 2 admin\r\nHetesh - Magento 2 with sample data and without sample data", 
    "associateId" : ObjectId("5adedf3958c28575101c8b08"), 
    "approvelManager" : ObjectId("5adedab158c28575101c8ae6"), 
    "hours" : NumberInt(1), 
    "createdAt" : "2018-05-04T13:36:23.806Z", 
    "updatedAt" : "2018-05-04T14:20:34.171Z", 
    "isSubmitted" : true, 
    "isApproved" : true, 
    "isRejected" : false, 
    "isTicket" : false, 
    "ticket" : null
}
