{ 
    "_id" : ObjectId("5ac4b3314ba1b206b4dc258e"), 
    "timeSheetId" : ObjectId("5ac4b2f24ba1b206b4dc258d"), 
    "submittedDate" : ISODate("2018-04-04T00:00:00.000+0000"), 
    "createdAt" : ISODate("2018-04-04T11:12:49.202+0000"), 
    "updatedAt" : ISODate("2018-04-04T11:12:49.202+0000")
}
{ 
    "_id" : ObjectId("5ac4c0e24ba1b206b4dc2590"), 
    "timeSheetId" : ObjectId("5ac4b3ad4ba1b206b4dc258f"), 
    "submittedDate" : ISODate("2018-04-04T00:00:00.000+0000"), 
    "createdAt" : ISODate("2018-04-04T12:11:14.915+0000"), 
    "updatedAt" : ISODate("2018-04-04T12:11:14.915+0000")
}
{ 
    "_id" : ObjectId("5ac4cc514ba1b206b4dc2594"), 
    "timeSheetId" : ObjectId("5ac4cc514ba1b206b4dc2593"), 
    "submittedDate" : ISODate("2018-04-04T00:00:00.000+0000"), 
    "createdAt" : ISODate("2018-04-04T13:00:01.800+0000"), 
    "updatedAt" : ISODate("2018-04-04T13:00:01.800+0000")
}
{ 
    "_id" : ObjectId("5ac4cdf24ba1b206b4dc2596"), 
    "timeSheetId" : ObjectId("5ac4cdf24ba1b206b4dc2595"), 
    "submittedDate" : ISODate("2018-04-04T00:00:00.000+0000"), 
    "createdAt" : ISODate("2018-04-04T13:06:58.480+0000"), 
    "updatedAt" : ISODate("2018-04-04T13:06:58.480+0000")
}
{ 
    "_id" : ObjectId("5ac73a266b46661a701b7030"), 
    "timeSheetId" : ObjectId("5ac4cb0f4ba1b206b4dc2591"), 
    "submittedDate" : ISODate("2018-04-06T00:00:00.000+0000"), 
    "createdAt" : ISODate("2018-04-06T09:13:10.070+0000"), 
    "updatedAt" : ISODate("2018-04-06T09:13:10.070+0000")
}
{ 
    "_id" : ObjectId("5ac741f96b46661a701b7031"), 
    "timeSheetId" : ObjectId("5ac4cf404ba1b206b4dc2597"), 
    "submittedDate" : ISODate("2018-04-06T00:00:00.000+0000"), 
    "createdAt" : ISODate("2018-04-06T09:46:33.241+0000"), 
    "updatedAt" : ISODate("2018-04-06T09:46:33.241+0000")
}
{ 
    "_id" : ObjectId("5acb5793c36b0615e014a7b6"), 
    "timeSheetId" : ObjectId("5ac739cb6b46661a701b702f"), 
    "submittedDate" : ISODate("2018-04-09T00:00:00.000+0000"), 
    "createdAt" : ISODate("2018-04-09T12:07:47.204+0000"), 
    "updatedAt" : ISODate("2018-04-09T12:07:47.204+0000")
}
{ 
    "_id" : ObjectId("5acb62c2c36b0615e014a7bb"), 
    "timeSheetId" : ObjectId("5acb62bec36b0615e014a7ba"), 
    "submittedDate" : ISODate("2018-04-09T00:00:00.000+0000"), 
    "createdAt" : ISODate("2018-04-09T12:55:30.501+0000"), 
    "updatedAt" : ISODate("2018-04-09T12:55:30.501+0000")
}
{ 
    "_id" : ObjectId("5acb69cdc36b0615e014a7bc"), 
    "timeSheetId" : ObjectId("5acb57fbc36b0615e014a7b7"), 
    "submittedDate" : ISODate("2018-04-09T00:00:00.000+0000"), 
    "createdAt" : ISODate("2018-04-09T13:25:33.605+0000"), 
    "updatedAt" : ISODate("2018-04-09T13:25:33.605+0000")
}
{ 
    "_id" : ObjectId("5acb6aa6c36b0615e014a7be"), 
    "timeSheetId" : ObjectId("5acb6a6bc36b0615e014a7bd"), 
    "submittedDate" : ISODate("2018-04-09T00:00:00.000+0000"), 
    "createdAt" : ISODate("2018-04-09T13:29:10.707+0000"), 
    "updatedAt" : ISODate("2018-04-09T13:29:10.707+0000")
}
{ 
    "_id" : ObjectId("5acb7284c36b0615e014a7c6"), 
    "timeSheetId" : ObjectId("5acb7260c36b0615e014a7c5"), 
    "submittedDate" : ISODate("2018-04-09T00:00:00.000+0000"), 
    "createdAt" : ISODate("2018-04-09T14:02:44.186+0000"), 
    "updatedAt" : ISODate("2018-04-09T14:02:44.186+0000")
}
{ 
    "_id" : ObjectId("5ad04e74bb7d262b8c89c6f5"), 
    "timeSheetId" : ObjectId("5accb1e0068489190838f937"), 
    "submittedDate" : ISODate("2018-04-13T00:00:00.000+0000"), 
    "createdAt" : ISODate("2018-04-13T06:30:12.089+0000"), 
    "updatedAt" : ISODate("2018-04-13T06:30:12.089+0000")
}
