{ 
    "_id" : ObjectId("5ac37cedf482032960178561"), 
    "ProjectId" : ObjectId("5a94de0d51503c890cf36420"), 
    "TaskId" : ObjectId("5ab0e5d228e155272c55e84d"), 
    "DateAndTime" : ISODate("2018-03-03T00:00:00.000+0000"), 
    "comments" : "Testt 22", 
    "associateId" : ObjectId("5a94e57f51503c890cf36426"), 
    "approvelManager" : ObjectId("5a93ef7c6c4b95a916def3d2"), 
    "hours" : NumberInt(15), 
    "isSubmitted" : false, 
    "isApproved" : false, 
    "isRejected" : false, 
    "createdAt" : ISODate("2018-04-03T13:09:01.798+0000"), 
    "updatedAt" : ISODate("2018-04-03T14:09:14.607+0000")
}
{ 
    "_id" : ObjectId("5ac4a0534ba1b206b4dc2581"), 
    "ProjectId" : ObjectId("5a94de0d51503c890cf36420"), 
    "TaskId" : ObjectId("5a94e0a751503c890cf36422"), 
    "DateAndTime" : ISODate("2018-02-28T00:00:00.000+0000"), 
    "comments" : "Testdsfd", 
    "associateId" : ObjectId("5a94e57f51503c890cf36426"), 
    "approvelManager" : ObjectId("5a93ef7c6c4b95a916def3d2"), 
    "hours" : NumberInt(8), 
    "isSubmitted" : false, 
    "isApproved" : false, 
    "isRejected" : false, 
    "createdAt" : ISODate("2018-04-04T09:52:19.160+0000"), 
    "updatedAt" : ISODate("2018-04-04T09:52:19.160+0000")
}
{ 
    "_id" : ObjectId("5ac4b2f24ba1b206b4dc258d"), 
    "ProjectId" : ObjectId("5ac4b2714ba1b206b4dc2584"), 
    "TaskId" : ObjectId("5ac4b29f4ba1b206b4dc2588"), 
    "DateAndTime" : ISODate("2018-04-04T00:00:00.000+0000"), 
    "comments" : "Time Sheet Delete Functionality implemented.", 
    "associateId" : ObjectId("5a94e57f51503c890cf36426"), 
    "approvelManager" : ObjectId("5a93ef7c6c4b95a916def3d2"), 
    "hours" : NumberInt(5), 
    "isSubmitted" : true, 
    "isApproved" : false, 
    "isRejected" : false, 
    "createdAt" : ISODate("2018-04-04T11:11:46.830+0000"), 
    "updatedAt" : ISODate("2018-04-04T11:12:49.210+0000")
}
{ 
    "_id" : ObjectId("5ac4b3ad4ba1b206b4dc258f"), 
    "ProjectId" : ObjectId("5ac4b2714ba1b206b4dc2584"), 
    "TaskId" : ObjectId("5ac4b29f4ba1b206b4dc2588"), 
    "DateAndTime" : ISODate("2018-04-04T00:00:00.000+0000"), 
    "comments" : "Testt 2 Comments", 
    "associateId" : ObjectId("5a94e57f51503c890cf36426"), 
    "approvelManager" : ObjectId("5a93ef7c6c4b95a916def3d2"), 
    "hours" : NumberInt(8), 
    "isSubmitted" : true, 
    "isApproved" : false, 
    "isRejected" : false, 
    "createdAt" : ISODate("2018-04-04T11:14:53.388+0000"), 
    "updatedAt" : ISODate("2018-04-04T12:11:14.918+0000")
}
{ 
    "_id" : ObjectId("5ac4cb0f4ba1b206b4dc2591"), 
    "ProjectId" : ObjectId("5ac4b2714ba1b206b4dc2584"), 
    "TaskId" : ObjectId("5ac4b29f4ba1b206b4dc2588"), 
    "DateAndTime" : ISODate("2018-04-04T00:00:00.000+0000"), 
    "comments" : "sdgdsf", 
    "associateId" : ObjectId("5a94e57f51503c890cf36426"), 
    "approvelManager" : ObjectId("5a93ef7c6c4b95a916def3d2"), 
    "hours" : NumberInt(3), 
    "isSubmitted" : true, 
    "isApproved" : false, 
    "isRejected" : false, 
    "createdAt" : ISODate("2018-04-04T12:54:39.302+0000"), 
    "updatedAt" : ISODate("2018-04-06T09:13:10.077+0000")
}
{ 
    "_id" : ObjectId("5ac4cc514ba1b206b4dc2593"), 
    "ProjectId" : ObjectId("5ac4b2714ba1b206b4dc2584"), 
    "TaskId" : ObjectId("5ac4b29f4ba1b206b4dc2588"), 
    "DateAndTime" : ISODate("2018-04-04T00:00:00.000+0000"), 
    "comments" : "dwqqew", 
    "associateId" : ObjectId("5a94e57f51503c890cf36426"), 
    "approvelManager" : ObjectId("5a93ef7c6c4b95a916def3d2"), 
    "hours" : NumberInt(3), 
    "isSubmitted" : true, 
    "isApproved" : false, 
    "isRejected" : false, 
    "createdAt" : ISODate("2018-04-04T13:00:01.787+0000"), 
    "updatedAt" : ISODate("2018-04-04T13:00:01.802+0000")
}
{ 
    "_id" : ObjectId("5ac4cdf24ba1b206b4dc2595"), 
    "ProjectId" : ObjectId("5ac4b2714ba1b206b4dc2584"), 
    "TaskId" : ObjectId("5ac4b29f4ba1b206b4dc2588"), 
    "DateAndTime" : ISODate("2018-04-04T00:00:00.000+0000"), 
    "comments" : "Analysis and Implementation", 
    "associateId" : ObjectId("5a94e57f51503c890cf36426"), 
    "approvelManager" : ObjectId("5a93ef7c6c4b95a916def3d2"), 
    "hours" : NumberInt(3), 
    "isSubmitted" : true, 
    "isApproved" : false, 
    "isRejected" : false, 
    "createdAt" : ISODate("2018-04-04T13:06:58.469+0000"), 
    "updatedAt" : ISODate("2018-04-04T13:06:58.482+0000")
}
{ 
    "_id" : ObjectId("5ac4cf404ba1b206b4dc2597"), 
    "ProjectId" : ObjectId("5ac4b2714ba1b206b4dc2584"), 
    "TaskId" : ObjectId("5ac4b29f4ba1b206b4dc2588"), 
    "DateAndTime" : ISODate("2018-04-04T00:00:00.000+0000"), 
    "comments" : "sadsa", 
    "associateId" : ObjectId("5a94e57f51503c890cf36426"), 
    "approvelManager" : ObjectId("5a93ef7c6c4b95a916def3d2"), 
    "hours" : NumberInt(2), 
    "isSubmitted" : true, 
    "isApproved" : false, 
    "isRejected" : false, 
    "createdAt" : ISODate("2018-04-04T13:12:32.823+0000"), 
    "updatedAt" : ISODate("2018-04-06T09:46:33.243+0000")
}
{ 
    "_id" : ObjectId("5ac739cb6b46661a701b702f"), 
    "ProjectId" : ObjectId("5ac738f16b46661a701b7020"), 
    "TaskId" : ObjectId("5ac7393b6b46661a701b7028"), 
    "DateAndTime" : ISODate("2018-04-06T00:00:00.000+0000"), 
    "comments" : "Teast", 
    "associateId" : ObjectId("5a94e57f51503c890cf36426"), 
    "approvelManager" : ObjectId("5a93ef7c6c4b95a916def3d2"), 
    "hours" : NumberInt(23), 
    "isSubmitted" : true, 
    "isApproved" : false, 
    "isRejected" : false, 
    "createdAt" : ISODate("2018-04-06T09:11:39.860+0000"), 
    "updatedAt" : ISODate("2018-04-09T12:07:47.209+0000")
}
{ 
    "_id" : ObjectId("5acb5768c36b0615e014a7b5"), 
    "ProjectId" : ObjectId("5a94de0d51503c890cf36420"), 
    "TaskId" : ObjectId("5abcab68656266149c410bdb"), 
    "DateAndTime" : ISODate("2018-03-03T00:00:00.000+0000"), 
    "comments" : "Test Comments", 
    "associateId" : ObjectId("5a94e57f51503c890cf36426"), 
    "approvelManager" : ObjectId("5a93ef7c6c4b95a916def3d2"), 
    "hours" : NumberInt(5), 
    "isSubmitted" : false, 
    "isApproved" : false, 
    "isRejected" : false, 
    "createdAt" : ISODate("2018-04-09T12:07:04.106+0000"), 
    "updatedAt" : ISODate("2018-04-09T12:07:04.106+0000")
}
{ 
    "_id" : ObjectId("5acb57fbc36b0615e014a7b7"), 
    "ProjectId" : ObjectId("5ac738f16b46661a701b7020"), 
    "TaskId" : ObjectId("5ac7393b6b46661a701b7028"), 
    "DateAndTime" : ISODate("2018-04-09T00:00:00.000+0000"), 
    "comments" : "Resdsa", 
    "associateId" : ObjectId("5a94e57f51503c890cf36426"), 
    "approvelManager" : ObjectId("5a93ef7c6c4b95a916def3d2"), 
    "hours" : NumberInt(6), 
    "isSubmitted" : true, 
    "isApproved" : false, 
    "isRejected" : false, 
    "createdAt" : ISODate("2018-04-09T12:09:31.124+0000"), 
    "updatedAt" : ISODate("2018-04-09T13:25:33.607+0000")
}
{ 
    "_id" : ObjectId("5acb62bec36b0615e014a7ba"), 
    "ProjectId" : ObjectId("5ac4b2714ba1b206b4dc2584"), 
    "TaskId" : ObjectId("5ac4b29f4ba1b206b4dc2588"), 
    "DateAndTime" : ISODate("2018-04-09T00:00:00.000+0000"), 
    "comments" : "Testing Timesheet entry", 
    "associateId" : ObjectId("5a94e57f51503c890cf36426"), 
    "approvelManager" : ObjectId("5a93ef7c6c4b95a916def3d2"), 
    "hours" : NumberInt(8), 
    "isSubmitted" : true, 
    "isApproved" : false, 
    "isRejected" : false, 
    "createdAt" : ISODate("2018-04-09T12:55:26.077+0000"), 
    "updatedAt" : ISODate("2018-04-09T12:55:30.502+0000")
}
{ 
    "_id" : ObjectId("5acb6a6bc36b0615e014a7bd"), 
    "ProjectId" : ObjectId("5ac738f16b46661a701b7020"), 
    "TaskId" : ObjectId("5ac7393b6b46661a701b7028"), 
    "DateAndTime" : ISODate("2018-04-09T00:00:00.000+0000"), 
    "comments" : "New Implement", 
    "associateId" : ObjectId("5a94e57f51503c890cf36426"), 
    "approvelManager" : ObjectId("5a93ef7c6c4b95a916def3d2"), 
    "hours" : NumberInt(4), 
    "isSubmitted" : true, 
    "isApproved" : false, 
    "isRejected" : false, 
    "createdAt" : ISODate("2018-04-09T13:28:11.107+0000"), 
    "updatedAt" : ISODate("2018-04-09T13:29:10.709+0000")
}
{ 
    "_id" : ObjectId("5acb7260c36b0615e014a7c5"), 
    "ProjectId" : ObjectId("5ac738f16b46661a701b7020"), 
    "TaskId" : ObjectId("5ac7393b6b46661a701b7028"), 
    "DateAndTime" : ISODate("2018-04-09T00:00:00.000+0000"), 
    "comments" : "sfsadf", 
    "associateId" : ObjectId("5a94e57f51503c890cf36426"), 
    "approvelManager" : ObjectId("5a93ef7c6c4b95a916def3d2"), 
    "hours" : NumberInt(3), 
    "isSubmitted" : true, 
    "isApproved" : false, 
    "isRejected" : false, 
    "createdAt" : ISODate("2018-04-09T14:02:08.688+0000"), 
    "updatedAt" : ISODate("2018-04-09T14:02:44.188+0000")
}
{ 
    "_id" : ObjectId("5acc567e068489190838f926"), 
    "ProjectId" : ObjectId("5ac738f16b46661a701b7020"), 
    "TaskId" : ObjectId("5ac7393b6b46661a701b7028"), 
    "DateAndTime" : ISODate("2018-04-10T00:00:00.000+0000"), 
    "comments" : "Developement activities", 
    "associateId" : ObjectId("5a94e57f51503c890cf36426"), 
    "approvelManager" : ObjectId("5a93ef7c6c4b95a916def3d2"), 
    "hours" : NumberInt(8), 
    "isSubmitted" : false, 
    "isApproved" : false, 
    "isRejected" : false, 
    "createdAt" : ISODate("2018-04-10T06:15:26.611+0000"), 
    "updatedAt" : ISODate("2018-04-10T06:15:26.611+0000")
}
{ 
    "_id" : ObjectId("5accaa3a068489190838f927"), 
    "ProjectId" : ObjectId("5ac738f16b46661a701b7020"), 
    "TaskId" : ObjectId("5ac7393b6b46661a701b7028"), 
    "DateAndTime" : ISODate("2018-04-10T00:00:00.000+0000"), 
    "comments" : "Ramesh Test", 
    "associateId" : ObjectId("5a94e57f51503c890cf36426"), 
    "approvelManager" : ObjectId("5a93ef7c6c4b95a916def3d2"), 
    "hours" : NumberInt(2), 
    "isSubmitted" : false, 
    "isApproved" : false, 
    "isRejected" : false, 
    "createdAt" : ISODate("2018-04-10T12:12:42.287+0000"), 
    "updatedAt" : ISODate("2018-04-10T12:12:42.287+0000")
}
{ 
    "_id" : ObjectId("5accb1e0068489190838f937"), 
    "ProjectId" : ObjectId("5accb159068489190838f928"), 
    "TaskId" : ObjectId("5accb171068489190838f92a"), 
    "DateAndTime" : ISODate("2018-04-10T00:00:00.000+0000"), 
    "comments" : "Testrdsfdsfdsf", 
    "associateId" : ObjectId("5a94e57f51503c890cf36426"), 
    "approvelManager" : ObjectId("5a93ef7c6c4b95a916def3d2"), 
    "hours" : NumberInt(3), 
    "isSubmitted" : true, 
    "isApproved" : false, 
    "isRejected" : false, 
    "createdAt" : ISODate("2018-04-10T12:45:20.233+0000"), 
    "updatedAt" : ISODate("2018-04-13T06:30:12.103+0000")
}
