{ 
    "_id" : ObjectId("5a93ef546c4b95a916def3d0"), 
    "projectId" : ObjectId("5a93ef546c4b95a916def3cf"), 
    "dateOfEntry" : ISODate("2018-02-26T00:00:00.000+0000"), 
    "userId" : ObjectId("5a93ef466c4b95a916def3ce"), 
    "comments" : "created new project", 
    "createdAt" : ISODate("2018-02-26T11:28:20.966+0000"), 
    "updatedAt" : ISODate("2018-02-26T11:28:20.966+0000")
}
{ 
    "_id" : ObjectId("5a93ef9b6c4b95a916def3d4"), 
    "projectId" : ObjectId("5a93ef9b6c4b95a916def3d3"), 
    "dateOfEntry" : ISODate("2018-02-26T00:00:00.000+0000"), 
    "userId" : ObjectId("5a93ef046c4b95a916def3cc"), 
    "comments" : "created new project", 
    "createdAt" : ISODate("2018-02-26T11:29:31.326+0000"), 
    "updatedAt" : ISODate("2018-02-26T11:29:31.326+0000")
}
{ 
    "_id" : ObjectId("5a93f1f16c4b95a916def3d6"), 
    "projectId" : ObjectId("5a93f1f16c4b95a916def3d5"), 
    "dateOfEntry" : ISODate("2018-02-26T00:00:00.000+0000"), 
    "userId" : ObjectId("5a93ef046c4b95a916def3cc"), 
    "comments" : "created new project", 
    "createdAt" : ISODate("2018-02-26T11:39:29.788+0000"), 
    "updatedAt" : ISODate("2018-02-26T11:39:29.788+0000")
}
{ 
    "_id" : ObjectId("5a93f1f26c4b95a916def3d8"), 
    "projectId" : ObjectId("5a93f1f26c4b95a916def3d7"), 
    "dateOfEntry" : ISODate("2018-02-26T00:00:00.000+0000"), 
    "userId" : ObjectId("5a93ef046c4b95a916def3cc"), 
    "comments" : "created new project", 
    "createdAt" : ISODate("2018-02-26T11:39:30.843+0000"), 
    "updatedAt" : ISODate("2018-02-26T11:39:30.843+0000")
}
{ 
    "_id" : ObjectId("5a93f1f36c4b95a916def3da"), 
    "projectId" : ObjectId("5a93f1f36c4b95a916def3d9"), 
    "dateOfEntry" : ISODate("2018-02-26T00:00:00.000+0000"), 
    "userId" : ObjectId("5a93ef046c4b95a916def3cc"), 
    "comments" : "created new project", 
    "createdAt" : ISODate("2018-02-26T11:39:31.114+0000"), 
    "updatedAt" : ISODate("2018-02-26T11:39:31.114+0000")
}
{ 
    "_id" : ObjectId("5a93f1f36c4b95a916def3dc"), 
    "projectId" : ObjectId("5a93f1f36c4b95a916def3db"), 
    "dateOfEntry" : ISODate("2018-02-26T00:00:00.000+0000"), 
    "userId" : ObjectId("5a93ef046c4b95a916def3cc"), 
    "comments" : "created new project", 
    "createdAt" : ISODate("2018-02-26T11:39:31.253+0000"), 
    "updatedAt" : ISODate("2018-02-26T11:39:31.253+0000")
}
{ 
    "_id" : ObjectId("5a93f22a6c4b95a916def3de"), 
    "projectId" : ObjectId("5a93f2296c4b95a916def3dd"), 
    "dateOfEntry" : ISODate("2018-02-26T00:00:00.000+0000"), 
    "userId" : ObjectId("5a93ef046c4b95a916def3cc"), 
    "comments" : "created new project", 
    "createdAt" : ISODate("2018-02-26T11:40:25.999+0000"), 
    "updatedAt" : ISODate("2018-02-26T11:40:25.999+0000")
}
{ 
    "_id" : ObjectId("5a94de0d51503c890cf36421"), 
    "projectId" : ObjectId("5a94de0d51503c890cf36420"), 
    "dateOfEntry" : ISODate("2018-02-27T00:00:00.000+0000"), 
    "userId" : ObjectId("5a93ef7c6c4b95a916def3d2"), 
    "comments" : "created new project", 
    "createdAt" : ISODate("2018-02-27T04:26:53.388+0000"), 
    "updatedAt" : ISODate("2018-02-27T04:26:53.388+0000")
}
{ 
    "_id" : ObjectId("5a94e0a751503c890cf36424"), 
    "projectId" : ObjectId("5a94de0d51503c890cf36420"), 
    "dateOfEntry" : ISODate("2018-02-27T00:00:00.000+0000"), 
    "userId" : ObjectId("5a93ef7c6c4b95a916def3d2"), 
    "comments" : "new task Test 1 is add to the Project", 
    "taskId" : ObjectId("5a94e0a751503c890cf36422"), 
    "createdAt" : ISODate("2018-02-27T04:37:59.517+0000"), 
    "updatedAt" : ISODate("2018-02-27T04:37:59.517+0000")
}
{ 
    "_id" : ObjectId("5a952625d3774fc263f521e4"), 
    "projectId" : ObjectId("5a952625d3774fc263f521e3"), 
    "dateOfEntry" : ISODate("2018-02-27T00:00:00.000+0000"), 
    "userId" : ObjectId("5a93ef046c4b95a916def3cc"), 
    "comments" : "created new project", 
    "createdAt" : ISODate("2018-02-27T09:34:29.130+0000"), 
    "updatedAt" : ISODate("2018-02-27T09:34:29.130+0000")
}
{ 
    "_id" : ObjectId("5a95263fd3774fc263f521e6"), 
    "projectId" : ObjectId("5a95263fd3774fc263f521e5"), 
    "dateOfEntry" : ISODate("2018-02-27T00:00:00.000+0000"), 
    "userId" : ObjectId("5a93ef046c4b95a916def3cc"), 
    "comments" : "created new project", 
    "createdAt" : ISODate("2018-02-27T09:34:55.077+0000"), 
    "updatedAt" : ISODate("2018-02-27T09:34:55.077+0000")
}
{ 
    "_id" : ObjectId("5a95265fd3774fc263f521e8"), 
    "projectId" : ObjectId("5a95265fd3774fc263f521e7"), 
    "dateOfEntry" : ISODate("2018-02-27T00:00:00.000+0000"), 
    "userId" : ObjectId("5a93ef046c4b95a916def3cc"), 
    "comments" : "created new project", 
    "createdAt" : ISODate("2018-02-27T09:35:27.435+0000"), 
    "updatedAt" : ISODate("2018-02-27T09:35:27.435+0000")
}
{ 
    "_id" : ObjectId("5a95267dd3774fc263f521ea"), 
    "projectId" : ObjectId("5a95267dd3774fc263f521e9"), 
    "dateOfEntry" : ISODate("2018-02-27T00:00:00.000+0000"), 
    "userId" : ObjectId("5a93ef046c4b95a916def3cc"), 
    "comments" : "created new project", 
    "createdAt" : ISODate("2018-02-27T09:35:57.110+0000"), 
    "updatedAt" : ISODate("2018-02-27T09:35:57.110+0000")
}
{ 
    "_id" : ObjectId("5a95269cd3774fc263f521ec"), 
    "projectId" : ObjectId("5a95269cd3774fc263f521eb"), 
    "dateOfEntry" : ISODate("2018-02-27T00:00:00.000+0000"), 
    "userId" : ObjectId("5a93ef046c4b95a916def3cc"), 
    "comments" : "created new project", 
    "createdAt" : ISODate("2018-02-27T09:36:28.620+0000"), 
    "updatedAt" : ISODate("2018-02-27T09:36:28.620+0000")
}
{ 
    "_id" : ObjectId("5a9528add3774fc263f521ee"), 
    "projectId" : ObjectId("5a9528add3774fc263f521ed"), 
    "dateOfEntry" : ISODate("2018-02-27T00:00:00.000+0000"), 
    "userId" : ObjectId("5a93ef046c4b95a916def3cc"), 
    "comments" : "created new project", 
    "createdAt" : ISODate("2018-02-27T09:45:17.180+0000"), 
    "updatedAt" : ISODate("2018-02-27T09:45:17.180+0000")
}
{ 
    "_id" : ObjectId("5a9528e0d3774fc263f521f0"), 
    "projectId" : ObjectId("5a9528e0d3774fc263f521ef"), 
    "dateOfEntry" : ISODate("2018-02-27T00:00:00.000+0000"), 
    "userId" : ObjectId("5a93ef046c4b95a916def3cc"), 
    "comments" : "created new project", 
    "createdAt" : ISODate("2018-02-27T09:46:08.208+0000"), 
    "updatedAt" : ISODate("2018-02-27T09:46:08.208+0000")
}
{ 
    "_id" : ObjectId("5a952928d3774fc263f521f2"), 
    "projectId" : ObjectId("5a952928d3774fc263f521f1"), 
    "dateOfEntry" : ISODate("2018-02-27T00:00:00.000+0000"), 
    "userId" : ObjectId("5a93ef046c4b95a916def3cc"), 
    "comments" : "created new project", 
    "createdAt" : ISODate("2018-02-27T09:47:20.238+0000"), 
    "updatedAt" : ISODate("2018-02-27T09:47:20.238+0000")
}
{ 
    "_id" : ObjectId("5a952932d3774fc263f521f4"), 
    "projectId" : ObjectId("5a952932d3774fc263f521f3"), 
    "dateOfEntry" : ISODate("2018-02-27T00:00:00.000+0000"), 
    "userId" : ObjectId("5a93ef046c4b95a916def3cc"), 
    "comments" : "created new project", 
    "createdAt" : ISODate("2018-02-27T09:47:30.846+0000"), 
    "updatedAt" : ISODate("2018-02-27T09:47:30.846+0000")
}
{ 
    "_id" : ObjectId("5a952935d3774fc263f521f6"), 
    "projectId" : ObjectId("5a952935d3774fc263f521f5"), 
    "dateOfEntry" : ISODate("2018-02-27T00:00:00.000+0000"), 
    "userId" : ObjectId("5a93ef046c4b95a916def3cc"), 
    "comments" : "created new project", 
    "createdAt" : ISODate("2018-02-27T09:47:33.606+0000"), 
    "updatedAt" : ISODate("2018-02-27T09:47:33.606+0000")
}
{ 
    "_id" : ObjectId("5a952937d3774fc263f521f8"), 
    "projectId" : ObjectId("5a952937d3774fc263f521f7"), 
    "dateOfEntry" : ISODate("2018-02-27T00:00:00.000+0000"), 
    "userId" : ObjectId("5a93ef046c4b95a916def3cc"), 
    "comments" : "created new project", 
    "createdAt" : ISODate("2018-02-27T09:47:35.974+0000"), 
    "updatedAt" : ISODate("2018-02-27T09:47:35.974+0000")
}
{ 
    "_id" : ObjectId("5a952a4bb7b2bfbb650f748d"), 
    "projectId" : ObjectId("5a952a4bb7b2bfbb650f748c"), 
    "dateOfEntry" : ISODate("2018-02-27T00:00:00.000+0000"), 
    "userId" : ObjectId("5a93ef046c4b95a916def3cc"), 
    "comments" : "created new project", 
    "createdAt" : ISODate("2018-02-27T09:52:11.975+0000"), 
    "updatedAt" : ISODate("2018-02-27T09:52:11.975+0000")
}
{ 
    "_id" : ObjectId("5a952ac9b7b2bfbb650f748f"), 
    "projectId" : ObjectId("5a952ac9b7b2bfbb650f748e"), 
    "dateOfEntry" : ISODate("2018-02-27T00:00:00.000+0000"), 
    "userId" : ObjectId("5a93ef046c4b95a916def3cc"), 
    "comments" : "created new project", 
    "createdAt" : ISODate("2018-02-27T09:54:17.611+0000"), 
    "updatedAt" : ISODate("2018-02-27T09:54:17.611+0000")
}
{ 
    "_id" : ObjectId("5a952b0bb7b2bfbb650f7491"), 
    "projectId" : ObjectId("5a952b0bb7b2bfbb650f7490"), 
    "dateOfEntry" : ISODate("2018-02-27T00:00:00.000+0000"), 
    "userId" : ObjectId("5a93ef046c4b95a916def3cc"), 
    "comments" : "created new project", 
    "createdAt" : ISODate("2018-02-27T09:55:23.728+0000"), 
    "updatedAt" : ISODate("2018-02-27T09:55:23.728+0000")
}
{ 
    "_id" : ObjectId("5a952f20dc0a28289c19ea94"), 
    "projectId" : ObjectId("5a952f20dc0a28289c19ea93"), 
    "dateOfEntry" : ISODate("2018-02-27T00:00:00.000+0000"), 
    "userId" : ObjectId("5a93ef466c4b95a916def3ce"), 
    "comments" : "created new project", 
    "createdAt" : ISODate("2018-02-27T10:12:48.429+0000"), 
    "updatedAt" : ISODate("2018-02-27T10:12:48.429+0000")
}
{ 
    "_id" : ObjectId("5a964c9553f6f8c267446aa0"), 
    "projectId" : ObjectId("5a94de0d51503c890cf36420"), 
    "dateOfEntry" : ISODate("2018-02-28T00:00:00.000+0000"), 
    "userId" : ObjectId("5a93ef7c6c4b95a916def3d2"), 
    "comments" : "new task Task page creation is add to the Project", 
    "taskId" : ObjectId("5a964c9553f6f8c267446a9e"), 
    "createdAt" : ISODate("2018-02-28T06:30:45.022+0000"), 
    "updatedAt" : ISODate("2018-02-28T06:30:45.022+0000")
}
{ 
    "_id" : ObjectId("5a96536b53f6f8c267446aa2"), 
    "projectId" : ObjectId("5a96536b53f6f8c267446aa1"), 
    "dateOfEntry" : ISODate("2018-02-28T00:00:00.000+0000"), 
    "userId" : ObjectId("5a93ef046c4b95a916def3cc"), 
    "comments" : "created new project", 
    "createdAt" : ISODate("2018-02-28T06:59:55.939+0000"), 
    "updatedAt" : ISODate("2018-02-28T06:59:55.939+0000")
}
{ 
    "_id" : ObjectId("5a96578453f6f8c267446aa4"), 
    "projectId" : ObjectId("5a96578453f6f8c267446aa3"), 
    "dateOfEntry" : ISODate("2018-02-28T00:00:00.000+0000"), 
    "userId" : ObjectId("5a93ef046c4b95a916def3cc"), 
    "comments" : "created new project", 
    "createdAt" : ISODate("2018-02-28T07:17:24.966+0000"), 
    "updatedAt" : ISODate("2018-02-28T07:17:24.966+0000")
}
{ 
    "_id" : ObjectId("5a965dbe53f6f8c267446aa6"), 
    "projectId" : ObjectId("5a94de0d51503c890cf36420"), 
    "dateOfEntry" : ISODate("2018-02-28T00:00:00.000+0000"), 
    "userId" : ObjectId("5a93ef7c6c4b95a916def3d2"), 
    "comments" : "added Ramesh to this project", 
    "createdAt" : ISODate("2018-02-28T07:43:58.318+0000"), 
    "updatedAt" : ISODate("2018-02-28T07:43:58.318+0000")
}
{ 
    "_id" : ObjectId("5a965e0453f6f8c267446aa8"), 
    "projectId" : ObjectId("5a94de0d51503c890cf36420"), 
    "dateOfEntry" : ISODate("2018-02-28T00:00:00.000+0000"), 
    "userId" : ObjectId("5a93ef7c6c4b95a916def3d2"), 
    "comments" : "added Tasneem to this project", 
    "createdAt" : ISODate("2018-02-28T07:45:08.774+0000"), 
    "updatedAt" : ISODate("2018-02-28T07:45:08.774+0000")
}
{ 
    "_id" : ObjectId("5a965e2b53f6f8c267446aaa"), 
    "projectId" : ObjectId("5a94de0d51503c890cf36420"), 
    "dateOfEntry" : ISODate("2018-02-28T00:00:00.000+0000"), 
    "userId" : ObjectId("5a93ef7c6c4b95a916def3d2"), 
    "comments" : "added Rameshrajamani to this project", 
    "createdAt" : ISODate("2018-02-28T07:45:47.466+0000"), 
    "updatedAt" : ISODate("2018-02-28T07:45:47.466+0000")
}
{ 
    "_id" : ObjectId("5a967bb453f6f8c267446aad"), 
    "projectId" : ObjectId("5a94de0d51503c890cf36420"), 
    "dateOfEntry" : ISODate("2018-02-28T00:00:00.000+0000"), 
    "userId" : ObjectId("5a93ef7c6c4b95a916def3d2"), 
    "comments" : "new task Test 2 is add to the Project", 
    "taskId" : ObjectId("5a967bb453f6f8c267446aab"), 
    "createdAt" : ISODate("2018-02-28T09:51:48.454+0000"), 
    "updatedAt" : ISODate("2018-02-28T09:51:48.454+0000")
}
{ 
    "_id" : ObjectId("5a967d9a53f6f8c267446aaf"), 
    "projectId" : ObjectId("5a967d9a53f6f8c267446aae"), 
    "dateOfEntry" : ISODate("2018-02-28T00:00:00.000+0000"), 
    "userId" : ObjectId("5a93ef046c4b95a916def3cc"), 
    "comments" : "created new project", 
    "createdAt" : ISODate("2018-02-28T09:59:54.146+0000"), 
    "updatedAt" : ISODate("2018-02-28T09:59:54.146+0000")
}
{ 
    "_id" : ObjectId("5a979ca209abd7e0459dfd1f"), 
    "projectId" : ObjectId("5a979ca209abd7e0459dfd1e"), 
    "dateOfEntry" : ISODate("2018-03-01T00:00:00.000+0000"), 
    "userId" : ObjectId("5a93ef7c6c4b95a916def3d2"), 
    "comments" : "created new project", 
    "createdAt" : ISODate("2018-03-01T06:24:34.325+0000"), 
    "updatedAt" : ISODate("2018-03-01T06:24:34.325+0000")
}
{ 
    "_id" : ObjectId("5a97c1d009abd7e0459dfd28"), 
    "projectId" : ObjectId("5a94de0d51503c890cf36420"), 
    "dateOfEntry" : ISODate("2018-03-01T00:00:00.000+0000"), 
    "userId" : ObjectId("5a93ef7c6c4b95a916def3d2"), 
    "comments" : "new task Test 3 is add to the Project", 
    "taskId" : ObjectId("5a97c1d009abd7e0459dfd26"), 
    "createdAt" : ISODate("2018-03-01T09:03:12.448+0000"), 
    "updatedAt" : ISODate("2018-03-01T09:03:12.448+0000")
}
{ 
    "_id" : ObjectId("5a97c28609abd7e0459dfd2c"), 
    "projectId" : ObjectId("5a979ca209abd7e0459dfd1e"), 
    "dateOfEntry" : ISODate("2018-03-01T00:00:00.000+0000"), 
    "userId" : ObjectId("5a93ef7c6c4b95a916def3d2"), 
    "comments" : "added Rameshrajamani to this project", 
    "createdAt" : ISODate("2018-03-01T09:06:14.243+0000"), 
    "updatedAt" : ISODate("2018-03-01T09:06:14.243+0000")
}
{ 
    "_id" : ObjectId("5a97c33709abd7e0459dfd2e"), 
    "projectId" : ObjectId("5a979ca209abd7e0459dfd1e"), 
    "dateOfEntry" : ISODate("2018-03-01T00:00:00.000+0000"), 
    "userId" : ObjectId("5a93ef7c6c4b95a916def3d2"), 
    "comments" : "added Rajesh to this project", 
    "createdAt" : ISODate("2018-03-01T09:09:11.432+0000"), 
    "updatedAt" : ISODate("2018-03-01T09:09:11.432+0000")
}
{ 
    "_id" : ObjectId("5a97cd6e09abd7e0459dfd30"), 
    "projectId" : ObjectId("5a979ca209abd7e0459dfd1e"), 
    "dateOfEntry" : ISODate("2018-03-01T00:00:00.000+0000"), 
    "userId" : ObjectId("5a93ef7c6c4b95a916def3d2"), 
    "comments" : "added Ramesh to this project", 
    "createdAt" : ISODate("2018-03-01T09:52:46.344+0000"), 
    "updatedAt" : ISODate("2018-03-01T09:52:46.344+0000")
}
{ 
    "_id" : ObjectId("5a97cd7509abd7e0459dfd32"), 
    "projectId" : ObjectId("5a979ca209abd7e0459dfd1e"), 
    "dateOfEntry" : ISODate("2018-03-01T00:00:00.000+0000"), 
    "userId" : ObjectId("5a93ef7c6c4b95a916def3d2"), 
    "comments" : "added Tasneem to this project", 
    "createdAt" : ISODate("2018-03-01T09:52:53.361+0000"), 
    "updatedAt" : ISODate("2018-03-01T09:52:53.361+0000")
}
{ 
    "_id" : ObjectId("5a97ce7f09abd7e0459dfd35"), 
    "projectId" : ObjectId("5a94de0d51503c890cf36420"), 
    "dateOfEntry" : ISODate("2018-03-01T00:00:00.000+0000"), 
    "userId" : ObjectId("5a93ef7c6c4b95a916def3d2"), 
    "comments" : "new task Task page creation is add to the Project", 
    "taskId" : ObjectId("5a97ce7f09abd7e0459dfd33"), 
    "createdAt" : ISODate("2018-03-01T09:57:19.857+0000"), 
    "updatedAt" : ISODate("2018-03-01T09:57:19.857+0000")
}
{ 
    "_id" : ObjectId("5a97d11009abd7e0459dfd37"), 
    "projectId" : ObjectId("5a94de0d51503c890cf36420"), 
    "dateOfEntry" : ISODate("2018-03-01T00:00:00.000+0000"), 
    "userId" : ObjectId("5a93ef7c6c4b95a916def3d2"), 
    "comments" : "added Rajesh to this project", 
    "createdAt" : ISODate("2018-03-01T10:08:16.788+0000"), 
    "updatedAt" : ISODate("2018-03-01T10:08:16.788+0000")
}
{ 
    "_id" : ObjectId("5a97d5d809abd7e0459dfd39"), 
    "projectId" : ObjectId("5a94de0d51503c890cf36420"), 
    "dateOfEntry" : ISODate("2018-03-01T00:00:00.000+0000"), 
    "userId" : ObjectId("5a93ef7c6c4b95a916def3d2"), 
    "comments" : "added Ramesh Rajamani to this project", 
    "createdAt" : ISODate("2018-03-01T10:28:40.251+0000"), 
    "updatedAt" : ISODate("2018-03-01T10:28:40.251+0000")
}
{ 
    "_id" : ObjectId("5a97d61809abd7e0459dfd3b"), 
    "projectId" : ObjectId("5a94de0d51503c890cf36420"), 
    "dateOfEntry" : ISODate("2018-03-01T00:00:00.000+0000"), 
    "userId" : ObjectId("5a93ef7c6c4b95a916def3d2"), 
    "comments" : "added Tasneem to this project", 
    "createdAt" : ISODate("2018-03-01T10:29:44.603+0000"), 
    "updatedAt" : ISODate("2018-03-01T10:29:44.603+0000")
}
{ 
    "_id" : ObjectId("5a97d69e09abd7e0459dfd3d"), 
    "projectId" : ObjectId("5a97d69e09abd7e0459dfd3c"), 
    "dateOfEntry" : ISODate("2018-03-01T00:00:00.000+0000"), 
    "userId" : ObjectId("5a93ef7c6c4b95a916def3d2"), 
    "comments" : "created new project", 
    "createdAt" : ISODate("2018-03-01T10:31:58.662+0000"), 
    "updatedAt" : ISODate("2018-03-01T10:31:58.662+0000")
}
{ 
    "_id" : ObjectId("5a97d6b809abd7e0459dfd3f"), 
    "projectId" : ObjectId("5a97d69e09abd7e0459dfd3c"), 
    "dateOfEntry" : ISODate("2018-03-01T00:00:00.000+0000"), 
    "userId" : ObjectId("5a93ef7c6c4b95a916def3d2"), 
    "comments" : "added Ramesh to this project", 
    "createdAt" : ISODate("2018-03-01T10:32:24.868+0000"), 
    "updatedAt" : ISODate("2018-03-01T10:32:24.868+0000")
}
{ 
    "_id" : ObjectId("5a97e20709abd7e0459dfd42"), 
    "projectId" : ObjectId("5a94de0d51503c890cf36420"), 
    "dateOfEntry" : ISODate("2018-03-01T00:00:00.000+0000"), 
    "userId" : ObjectId("5a93ef7c6c4b95a916def3d2"), 
    "comments" : "new task Task page creation33 is add to the Project", 
    "taskId" : ObjectId("5a97e20709abd7e0459dfd40"), 
    "createdAt" : ISODate("2018-03-01T11:20:39.162+0000"), 
    "updatedAt" : ISODate("2018-03-01T11:20:39.162+0000")
}
{ 
    "_id" : ObjectId("5a97ed6d09abd7e0459dfd45"), 
    "projectId" : ObjectId("5a94de0d51503c890cf36420"), 
    "dateOfEntry" : ISODate("2018-03-01T00:00:00.000+0000"), 
    "userId" : ObjectId("5a93ef7c6c4b95a916def3d2"), 
    "comments" : "new task Test is add to the Project", 
    "taskId" : ObjectId("5a97ed6d09abd7e0459dfd43"), 
    "createdAt" : ISODate("2018-03-01T12:09:17.607+0000"), 
    "updatedAt" : ISODate("2018-03-01T12:09:17.607+0000")
}
{ 
    "_id" : ObjectId("5a97efa7dbcd014a19105dd2"), 
    "projectId" : ObjectId("5a979ca209abd7e0459dfd1e"), 
    "dateOfEntry" : ISODate("2018-03-01T00:00:00.000+0000"), 
    "userId" : ObjectId("5a93ef7c6c4b95a916def3d2"), 
    "comments" : "new task Test 3 is add to the Project", 
    "taskId" : ObjectId("5a97efa7dbcd014a19105dd0"), 
    "createdAt" : ISODate("2018-03-01T12:18:47.967+0000"), 
    "updatedAt" : ISODate("2018-03-01T12:18:47.967+0000")
}
{ 
    "_id" : ObjectId("5a97eff2dbcd014a19105dd5"), 
    "projectId" : ObjectId("5a979ca209abd7e0459dfd1e"), 
    "dateOfEntry" : ISODate("2018-03-01T00:00:00.000+0000"), 
    "userId" : ObjectId("5a93ef7c6c4b95a916def3d2"), 
    "comments" : "new task Test 2 is add to the Project", 
    "taskId" : ObjectId("5a97eff2dbcd014a19105dd3"), 
    "createdAt" : ISODate("2018-03-01T12:20:02.534+0000"), 
    "updatedAt" : ISODate("2018-03-01T12:20:02.534+0000")
}
{ 
    "_id" : ObjectId("5a97f47fdbcd014a19105dd8"), 
    "projectId" : ObjectId("5a97d69e09abd7e0459dfd3c"), 
    "dateOfEntry" : ISODate("2018-03-01T00:00:00.000+0000"), 
    "userId" : ObjectId("5a93ef7c6c4b95a916def3d2"), 
    "comments" : "new task Test 3 is add to the Project", 
    "taskId" : ObjectId("5a97f47fdbcd014a19105dd6"), 
    "createdAt" : ISODate("2018-03-01T12:39:27.925+0000"), 
    "updatedAt" : ISODate("2018-03-01T12:39:27.925+0000")
}
{ 
    "_id" : ObjectId("5a98d951dbcd014a19105dda"), 
    "projectId" : ObjectId("5a98d951dbcd014a19105dd9"), 
    "dateOfEntry" : ISODate("2018-03-02T00:00:00.000+0000"), 
    "userId" : ObjectId("5a93ef7c6c4b95a916def3d2"), 
    "comments" : "created new project", 
    "createdAt" : ISODate("2018-03-02T04:55:45.372+0000"), 
    "updatedAt" : ISODate("2018-03-02T04:55:45.372+0000")
}
{ 
    "_id" : ObjectId("5a98eabadbcd014a19105ddd"), 
    "projectId" : ObjectId("5a94de0d51503c890cf36420"), 
    "dateOfEntry" : ISODate("2018-03-02T00:00:00.000+0000"), 
    "userId" : ObjectId("5a93ef7c6c4b95a916def3d2"), 
    "comments" : "new task saS is add to the Project", 
    "taskId" : ObjectId("5a98eabadbcd014a19105ddb"), 
    "createdAt" : ISODate("2018-03-02T06:10:02.450+0000"), 
    "updatedAt" : ISODate("2018-03-02T06:10:02.450+0000")
}
{ 
    "_id" : ObjectId("5a9d0fccdbcd014a19105de2"), 
    "projectId" : ObjectId("5a94de0d51503c890cf36420"), 
    "dateOfEntry" : ISODate("2018-03-05T00:00:00.000+0000"), 
    "userId" : ObjectId("5a93ef7c6c4b95a916def3d2"), 
    "comments" : "new task erer is add to the Project", 
    "taskId" : ObjectId("5a9d0fccdbcd014a19105de0"), 
    "createdAt" : ISODate("2018-03-05T09:37:16.934+0000"), 
    "updatedAt" : ISODate("2018-03-05T09:37:16.934+0000")
}
{ 
    "_id" : ObjectId("5a9d11d0dbcd014a19105de4"), 
    "projectId" : ObjectId("5a9d11d0dbcd014a19105de3"), 
    "dateOfEntry" : ISODate("2018-03-05T00:00:00.000+0000"), 
    "userId" : ObjectId("5a93ef7c6c4b95a916def3d2"), 
    "comments" : "created new project", 
    "createdAt" : ISODate("2018-03-05T09:45:52.323+0000"), 
    "updatedAt" : ISODate("2018-03-05T09:45:52.323+0000")
}
{ 
    "_id" : ObjectId("5a9d11e2dbcd014a19105de6"), 
    "projectId" : ObjectId("5a9d11e2dbcd014a19105de5"), 
    "dateOfEntry" : ISODate("2018-03-05T00:00:00.000+0000"), 
    "userId" : ObjectId("5a93ef7c6c4b95a916def3d2"), 
    "comments" : "created new project", 
    "createdAt" : ISODate("2018-03-05T09:46:10.042+0000"), 
    "updatedAt" : ISODate("2018-03-05T09:46:10.042+0000")
}
{ 
    "_id" : ObjectId("5a9d1698dbcd014a19105de8"), 
    "projectId" : ObjectId("5a9d1698dbcd014a19105de7"), 
    "dateOfEntry" : ISODate("2018-03-05T00:00:00.000+0000"), 
    "userId" : ObjectId("5a93ef046c4b95a916def3cc"), 
    "comments" : "created new project", 
    "createdAt" : ISODate("2018-03-05T10:06:16.027+0000"), 
    "updatedAt" : ISODate("2018-03-05T10:06:16.027+0000")
}
{ 
    "_id" : ObjectId("5a9d1773dbcd014a19105dea"), 
    "projectId" : ObjectId("5a9d1773dbcd014a19105de9"), 
    "dateOfEntry" : ISODate("2018-03-05T00:00:00.000+0000"), 
    "userId" : ObjectId("5a99331fdbcd014a19105ddf"), 
    "comments" : "created new project", 
    "createdAt" : ISODate("2018-03-05T10:09:55.024+0000"), 
    "updatedAt" : ISODate("2018-03-05T10:09:55.024+0000")
}
{ 
    "_id" : ObjectId("5a9e256d2a7c28e67a4d57df"), 
    "projectId" : ObjectId("5a9d11e2dbcd014a19105de5"), 
    "dateOfEntry" : ISODate("2018-03-06T00:00:00.000+0000"), 
    "userId" : ObjectId("5a93ef7c6c4b95a916def3d2"), 
    "comments" : "added Tasneem to this project", 
    "createdAt" : ISODate("2018-03-06T05:21:49.088+0000"), 
    "updatedAt" : ISODate("2018-03-06T05:21:49.088+0000")
}
{ 
    "_id" : ObjectId("5a9e25772a7c28e67a4d57e1"), 
    "projectId" : ObjectId("5a9d11e2dbcd014a19105de5"), 
    "dateOfEntry" : ISODate("2018-03-06T00:00:00.000+0000"), 
    "userId" : ObjectId("5a93ef7c6c4b95a916def3d2"), 
    "comments" : "added Ramesh to this project", 
    "createdAt" : ISODate("2018-03-06T05:21:59.054+0000"), 
    "updatedAt" : ISODate("2018-03-06T05:21:59.054+0000")
}
{ 
    "_id" : ObjectId("5a9e279a2a7c28e67a4d57e3"), 
    "projectId" : ObjectId("5a9d11e2dbcd014a19105de5"), 
    "dateOfEntry" : ISODate("2018-03-06T00:00:00.000+0000"), 
    "userId" : ObjectId("5a93ef7c6c4b95a916def3d2"), 
    "comments" : "added Tasneem to this project", 
    "createdAt" : ISODate("2018-03-06T05:31:06.227+0000"), 
    "updatedAt" : ISODate("2018-03-06T05:31:06.227+0000")
}
{ 
    "_id" : ObjectId("5a9e27ae2a7c28e67a4d57e5"), 
    "projectId" : ObjectId("5a9d11e2dbcd014a19105de5"), 
    "dateOfEntry" : ISODate("2018-03-06T00:00:00.000+0000"), 
    "userId" : ObjectId("5a93ef7c6c4b95a916def3d2"), 
    "comments" : "added Rameshrajamani to this project", 
    "createdAt" : ISODate("2018-03-06T05:31:26.529+0000"), 
    "updatedAt" : ISODate("2018-03-06T05:31:26.529+0000")
}
{ 
    "_id" : ObjectId("5a9e27ae2a7c28e67a4d57e7"), 
    "projectId" : ObjectId("5a9d11e2dbcd014a19105de5"), 
    "dateOfEntry" : ISODate("2018-03-06T00:00:00.000+0000"), 
    "userId" : ObjectId("5a93ef7c6c4b95a916def3d2"), 
    "comments" : "added Ramesh Rajamani to this project", 
    "createdAt" : ISODate("2018-03-06T05:31:26.621+0000"), 
    "updatedAt" : ISODate("2018-03-06T05:31:26.621+0000")
}
{ 
    "_id" : ObjectId("5a9e28892a7c28e67a4d57e9"), 
    "projectId" : ObjectId("5a9d11e2dbcd014a19105de5"), 
    "dateOfEntry" : ISODate("2018-03-06T00:00:00.000+0000"), 
    "userId" : ObjectId("5a93ef7c6c4b95a916def3d2"), 
    "comments" : "added Rajesh to this project", 
    "createdAt" : ISODate("2018-03-06T05:35:05.224+0000"), 
    "updatedAt" : ISODate("2018-03-06T05:35:05.224+0000")
}
{ 
    "_id" : ObjectId("5a9e28fe2a7c28e67a4d57eb"), 
    "projectId" : ObjectId("5a98d951dbcd014a19105dd9"), 
    "dateOfEntry" : ISODate("2018-03-06T00:00:00.000+0000"), 
    "userId" : ObjectId("5a93ef7c6c4b95a916def3d2"), 
    "comments" : "added Tasneem to this project", 
    "createdAt" : ISODate("2018-03-06T05:37:02.350+0000"), 
    "updatedAt" : ISODate("2018-03-06T05:37:02.350+0000")
}
{ 
    "_id" : ObjectId("5a9e2a0b2a7c28e67a4d57ed"), 
    "projectId" : ObjectId("5a98d951dbcd014a19105dd9"), 
    "dateOfEntry" : ISODate("2018-03-06T00:00:00.000+0000"), 
    "userId" : ObjectId("5a93ef7c6c4b95a916def3d2"), 
    "comments" : "added Ramesh to this project", 
    "createdAt" : ISODate("2018-03-06T05:41:31.862+0000"), 
    "updatedAt" : ISODate("2018-03-06T05:41:31.862+0000")
}
{ 
    "_id" : ObjectId("5a9e2a0b2a7c28e67a4d57ef"), 
    "projectId" : ObjectId("5a98d951dbcd014a19105dd9"), 
    "dateOfEntry" : ISODate("2018-03-06T00:00:00.000+0000"), 
    "userId" : ObjectId("5a93ef7c6c4b95a916def3d2"), 
    "comments" : "added Tasneem to this project", 
    "createdAt" : ISODate("2018-03-06T05:41:31.951+0000"), 
    "updatedAt" : ISODate("2018-03-06T05:41:31.951+0000")
}
{ 
    "_id" : ObjectId("5a9e2a272a7c28e67a4d57f1"), 
    "projectId" : ObjectId("5a98d951dbcd014a19105dd9"), 
    "dateOfEntry" : ISODate("2018-03-06T00:00:00.000+0000"), 
    "userId" : ObjectId("5a93ef7c6c4b95a916def3d2"), 
    "comments" : "added Rameshrajamani to this project", 
    "createdAt" : ISODate("2018-03-06T05:41:59.622+0000"), 
    "updatedAt" : ISODate("2018-03-06T05:41:59.622+0000")
}
{ 
    "_id" : ObjectId("5a9e2a892a7c28e67a4d57f3"), 
    "projectId" : ObjectId("5a9d11d0dbcd014a19105de3"), 
    "dateOfEntry" : ISODate("2018-03-06T00:00:00.000+0000"), 
    "userId" : ObjectId("5a93ef7c6c4b95a916def3d2"), 
    "comments" : "added Tasneem to this project", 
    "createdAt" : ISODate("2018-03-06T05:43:37.016+0000"), 
    "updatedAt" : ISODate("2018-03-06T05:43:37.016+0000")
}
{ 
    "_id" : ObjectId("5a9e2a892a7c28e67a4d57f5"), 
    "projectId" : ObjectId("5a9d11d0dbcd014a19105de3"), 
    "dateOfEntry" : ISODate("2018-03-06T00:00:00.000+0000"), 
    "userId" : ObjectId("5a93ef7c6c4b95a916def3d2"), 
    "comments" : "added Rameshrajamani to this project", 
    "createdAt" : ISODate("2018-03-06T05:43:37.109+0000"), 
    "updatedAt" : ISODate("2018-03-06T05:43:37.109+0000")
}
{ 
    "_id" : ObjectId("5a9e2a912a7c28e67a4d57f7"), 
    "projectId" : ObjectId("5a9d11d0dbcd014a19105de3"), 
    "dateOfEntry" : ISODate("2018-03-06T00:00:00.000+0000"), 
    "userId" : ObjectId("5a93ef7c6c4b95a916def3d2"), 
    "comments" : "added Tasneem to this project", 
    "createdAt" : ISODate("2018-03-06T05:43:45.058+0000"), 
    "updatedAt" : ISODate("2018-03-06T05:43:45.058+0000")
}
{ 
    "_id" : ObjectId("5a9e2ba12a7c28e67a4d57f9"), 
    "projectId" : ObjectId("5a9d11d0dbcd014a19105de3"), 
    "dateOfEntry" : ISODate("2018-03-06T00:00:00.000+0000"), 
    "userId" : ObjectId("5a93ef7c6c4b95a916def3d2"), 
    "comments" : "added Ramesh to this project", 
    "createdAt" : ISODate("2018-03-06T05:48:17.156+0000"), 
    "updatedAt" : ISODate("2018-03-06T05:48:17.156+0000")
}
{ 
    "_id" : ObjectId("5a9e2c082a7c28e67a4d57fb"), 
    "projectId" : ObjectId("5a9d11d0dbcd014a19105de3"), 
    "dateOfEntry" : ISODate("2018-03-06T00:00:00.000+0000"), 
    "userId" : ObjectId("5a93ef7c6c4b95a916def3d2"), 
    "comments" : "added Ramesh Rajamani to this project", 
    "createdAt" : ISODate("2018-03-06T05:50:00.535+0000"), 
    "updatedAt" : ISODate("2018-03-06T05:50:00.535+0000")
}
{ 
    "_id" : ObjectId("5a9e2edc2a7c28e67a4d57fd"), 
    "projectId" : ObjectId("5a9d11d0dbcd014a19105de3"), 
    "dateOfEntry" : ISODate("2018-03-06T00:00:00.000+0000"), 
    "userId" : ObjectId("5a93ef7c6c4b95a916def3d2"), 
    "comments" : "added Rajesh to this project", 
    "createdAt" : ISODate("2018-03-06T06:02:04.382+0000"), 
    "updatedAt" : ISODate("2018-03-06T06:02:04.382+0000")
}
{ 
    "_id" : ObjectId("5a9e2f5c2a7c28e67a4d57ff"), 
    "projectId" : ObjectId("5a9e2f5c2a7c28e67a4d57fe"), 
    "dateOfEntry" : ISODate("2018-03-06T00:00:00.000+0000"), 
    "userId" : ObjectId("5a93ef7c6c4b95a916def3d2"), 
    "comments" : "created new project", 
    "createdAt" : ISODate("2018-03-06T06:04:12.065+0000"), 
    "updatedAt" : ISODate("2018-03-06T06:04:12.065+0000")
}
{ 
    "_id" : ObjectId("5a9e2f642a7c28e67a4d5801"), 
    "projectId" : ObjectId("5a9e2f5c2a7c28e67a4d57fe"), 
    "dateOfEntry" : ISODate("2018-03-06T00:00:00.000+0000"), 
    "userId" : ObjectId("5a93ef7c6c4b95a916def3d2"), 
    "comments" : "added Tasneem to this project", 
    "createdAt" : ISODate("2018-03-06T06:04:20.856+0000"), 
    "updatedAt" : ISODate("2018-03-06T06:04:20.856+0000")
}
{ 
    "_id" : ObjectId("5a9e2f692a7c28e67a4d5803"), 
    "projectId" : ObjectId("5a9e2f5c2a7c28e67a4d57fe"), 
    "dateOfEntry" : ISODate("2018-03-06T00:00:00.000+0000"), 
    "userId" : ObjectId("5a93ef7c6c4b95a916def3d2"), 
    "comments" : "added Ramesh to this project", 
    "createdAt" : ISODate("2018-03-06T06:04:25.353+0000"), 
    "updatedAt" : ISODate("2018-03-06T06:04:25.353+0000")
}
{ 
    "_id" : ObjectId("5a9e2f882a7c28e67a4d5805"), 
    "projectId" : ObjectId("5a9e2f5c2a7c28e67a4d57fe"), 
    "dateOfEntry" : ISODate("2018-03-06T00:00:00.000+0000"), 
    "userId" : ObjectId("5a93ef7c6c4b95a916def3d2"), 
    "comments" : "added Tasneem to this project", 
    "createdAt" : ISODate("2018-03-06T06:04:56.277+0000"), 
    "updatedAt" : ISODate("2018-03-06T06:04:56.277+0000")
}
{ 
    "_id" : ObjectId("5a9e2fbb2a7c28e67a4d5807"), 
    "projectId" : ObjectId("5a9e2f5c2a7c28e67a4d57fe"), 
    "dateOfEntry" : ISODate("2018-03-06T00:00:00.000+0000"), 
    "userId" : ObjectId("5a93ef7c6c4b95a916def3d2"), 
    "comments" : "added Rameshrajamani to this project", 
    "createdAt" : ISODate("2018-03-06T06:05:47.514+0000"), 
    "updatedAt" : ISODate("2018-03-06T06:05:47.514+0000")
}
{ 
    "_id" : ObjectId("5a9e304d2a7c28e67a4d5809"), 
    "projectId" : ObjectId("5a9e2f5c2a7c28e67a4d57fe"), 
    "dateOfEntry" : ISODate("2018-03-06T00:00:00.000+0000"), 
    "userId" : ObjectId("5a93ef7c6c4b95a916def3d2"), 
    "comments" : "added Ramesh Rajamani to this project", 
    "createdAt" : ISODate("2018-03-06T06:08:13.586+0000"), 
    "updatedAt" : ISODate("2018-03-06T06:08:13.586+0000")
}
{ 
    "_id" : ObjectId("5a9e344e2a7c28e67a4d580b"), 
    "projectId" : ObjectId("5a9e2f5c2a7c28e67a4d57fe"), 
    "dateOfEntry" : ISODate("2018-03-06T00:00:00.000+0000"), 
    "userId" : ObjectId("5a93ef7c6c4b95a916def3d2"), 
    "comments" : "added Rajesh to this project", 
    "createdAt" : ISODate("2018-03-06T06:25:18.546+0000"), 
    "updatedAt" : ISODate("2018-03-06T06:25:18.546+0000")
}
{ 
    "_id" : ObjectId("5a9e36b32a7c28e67a4d580d"), 
    "projectId" : ObjectId("5a9e36b32a7c28e67a4d580c"), 
    "dateOfEntry" : ISODate("2018-03-06T00:00:00.000+0000"), 
    "userId" : ObjectId("5a93ef7c6c4b95a916def3d2"), 
    "comments" : "created new project", 
    "createdAt" : ISODate("2018-03-06T06:35:31.989+0000"), 
    "updatedAt" : ISODate("2018-03-06T06:35:31.989+0000")
}
{ 
    "_id" : ObjectId("5a9e36be2a7c28e67a4d580f"), 
    "projectId" : ObjectId("5a9e36b32a7c28e67a4d580c"), 
    "dateOfEntry" : ISODate("2018-03-06T00:00:00.000+0000"), 
    "userId" : ObjectId("5a93ef7c6c4b95a916def3d2"), 
    "comments" : "added Tasneem to this project", 
    "createdAt" : ISODate("2018-03-06T06:35:42.025+0000"), 
    "updatedAt" : ISODate("2018-03-06T06:35:42.025+0000")
}
{ 
    "_id" : ObjectId("5a9e36be2a7c28e67a4d5811"), 
    "projectId" : ObjectId("5a9e36b32a7c28e67a4d580c"), 
    "dateOfEntry" : ISODate("2018-03-06T00:00:00.000+0000"), 
    "userId" : ObjectId("5a93ef7c6c4b95a916def3d2"), 
    "comments" : "added Ramesh to this project", 
    "createdAt" : ISODate("2018-03-06T06:35:42.118+0000"), 
    "updatedAt" : ISODate("2018-03-06T06:35:42.118+0000")
}
{ 
    "_id" : ObjectId("5a9e36cb2a7c28e67a4d5813"), 
    "projectId" : ObjectId("5a9e36b32a7c28e67a4d580c"), 
    "dateOfEntry" : ISODate("2018-03-06T00:00:00.000+0000"), 
    "userId" : ObjectId("5a93ef7c6c4b95a916def3d2"), 
    "comments" : "added Tasneem to this project", 
    "createdAt" : ISODate("2018-03-06T06:35:55.550+0000"), 
    "updatedAt" : ISODate("2018-03-06T06:35:55.550+0000")
}
{ 
    "_id" : ObjectId("5a9e44252a7c28e67a4d5815"), 
    "projectId" : ObjectId("5a9e36b32a7c28e67a4d580c"), 
    "dateOfEntry" : ISODate("2018-03-06T00:00:00.000+0000"), 
    "userId" : ObjectId("5a93ef7c6c4b95a916def3d2"), 
    "comments" : "added Rameshrajamani to this project", 
    "createdAt" : ISODate("2018-03-06T07:32:53.758+0000"), 
    "updatedAt" : ISODate("2018-03-06T07:32:53.758+0000")
}
{ 
    "_id" : ObjectId("5a9e44252a7c28e67a4d5817"), 
    "projectId" : ObjectId("5a9e36b32a7c28e67a4d580c"), 
    "dateOfEntry" : ISODate("2018-03-06T00:00:00.000+0000"), 
    "userId" : ObjectId("5a93ef7c6c4b95a916def3d2"), 
    "comments" : "added Rajesh to this project", 
    "createdAt" : ISODate("2018-03-06T07:32:53.849+0000"), 
    "updatedAt" : ISODate("2018-03-06T07:32:53.849+0000")
}
{ 
    "_id" : ObjectId("5a9e45032a7c28e67a4d5819"), 
    "projectId" : ObjectId("5a9e36b32a7c28e67a4d580c"), 
    "dateOfEntry" : ISODate("2018-03-06T00:00:00.000+0000"), 
    "userId" : ObjectId("5a93ef7c6c4b95a916def3d2"), 
    "comments" : "added Ramesh Rajamani to this project", 
    "createdAt" : ISODate("2018-03-06T07:36:35.555+0000"), 
    "updatedAt" : ISODate("2018-03-06T07:36:35.555+0000")
}
{ 
    "_id" : ObjectId("5a9e4bca2a7c28e67a4d581c"), 
    "projectId" : ObjectId("5a9e36b32a7c28e67a4d580c"), 
    "dateOfEntry" : ISODate("2018-03-06T00:00:00.000+0000"), 
    "userId" : ObjectId("5a93ef7c6c4b95a916def3d2"), 
    "comments" : "new task Test Task is add to the Project", 
    "taskId" : ObjectId("5a9e4bca2a7c28e67a4d581a"), 
    "createdAt" : ISODate("2018-03-06T08:05:30.693+0000"), 
    "updatedAt" : ISODate("2018-03-06T08:05:30.693+0000")
}
{ 
    "_id" : ObjectId("5a9e60872a7c28e67a4d581f"), 
    "projectId" : ObjectId("5a9e2f5c2a7c28e67a4d57fe"), 
    "dateOfEntry" : ISODate("2018-03-06T00:00:00.000+0000"), 
    "userId" : ObjectId("5a93ef7c6c4b95a916def3d2"), 
    "comments" : "new task Test Task is add to the Project", 
    "taskId" : ObjectId("5a9e60872a7c28e67a4d581d"), 
    "createdAt" : ISODate("2018-03-06T09:33:59.131+0000"), 
    "updatedAt" : ISODate("2018-03-06T09:33:59.131+0000")
}
{ 
    "_id" : ObjectId("5a9e7d4731ff2ef75e2d361b"), 
    "projectId" : ObjectId("5a9e7d4731ff2ef75e2d361a"), 
    "dateOfEntry" : ISODate("2018-03-06T00:00:00.000+0000"), 
    "userId" : ObjectId("5a93ef7c6c4b95a916def3d2"), 
    "comments" : "created new project", 
    "createdAt" : ISODate("2018-03-06T11:36:39.207+0000"), 
    "updatedAt" : ISODate("2018-03-06T11:36:39.207+0000")
}
{ 
    "_id" : ObjectId("5a9e7d7631ff2ef75e2d361d"), 
    "projectId" : ObjectId("5a9e7d4731ff2ef75e2d361a"), 
    "dateOfEntry" : ISODate("2018-03-06T00:00:00.000+0000"), 
    "userId" : ObjectId("5a93ef7c6c4b95a916def3d2"), 
    "comments" : "added Tasneem to this project", 
    "createdAt" : ISODate("2018-03-06T11:37:26.271+0000"), 
    "updatedAt" : ISODate("2018-03-06T11:37:26.271+0000")
}
{ 
    "_id" : ObjectId("5a9e7d7631ff2ef75e2d361f"), 
    "projectId" : ObjectId("5a9e7d4731ff2ef75e2d361a"), 
    "dateOfEntry" : ISODate("2018-03-06T00:00:00.000+0000"), 
    "userId" : ObjectId("5a93ef7c6c4b95a916def3d2"), 
    "comments" : "added Ramesh to this project", 
    "createdAt" : ISODate("2018-03-06T11:37:26.409+0000"), 
    "updatedAt" : ISODate("2018-03-06T11:37:26.409+0000")
}
{ 
    "_id" : ObjectId("5a9e7d7631ff2ef75e2d3621"), 
    "projectId" : ObjectId("5a9e7d4731ff2ef75e2d361a"), 
    "dateOfEntry" : ISODate("2018-03-06T00:00:00.000+0000"), 
    "userId" : ObjectId("5a93ef7c6c4b95a916def3d2"), 
    "comments" : "added Tasneem to this project", 
    "createdAt" : ISODate("2018-03-06T11:37:26.572+0000"), 
    "updatedAt" : ISODate("2018-03-06T11:37:26.572+0000")
}
{ 
    "_id" : ObjectId("5a9e87ff31ff2ef75e2d3623"), 
    "projectId" : ObjectId("5a9e87ff31ff2ef75e2d3622"), 
    "dateOfEntry" : ISODate("2018-03-06T00:00:00.000+0000"), 
    "userId" : ObjectId("5a99331fdbcd014a19105ddf"), 
    "comments" : "created new project", 
    "createdAt" : ISODate("2018-03-06T12:22:23.228+0000"), 
    "updatedAt" : ISODate("2018-03-06T12:22:23.228+0000")
}
{ 
    "_id" : ObjectId("5a9faddf37c89bd50adb8f38"), 
    "projectId" : ObjectId("5a9faddf37c89bd50adb8f37"), 
    "dateOfEntry" : ISODate("2018-03-07T00:00:00.000+0000"), 
    "userId" : ObjectId("5a99331fdbcd014a19105ddf"), 
    "comments" : "created new project", 
    "createdAt" : ISODate("2018-03-07T09:16:15.114+0000"), 
    "updatedAt" : ISODate("2018-03-07T09:16:15.114+0000")
}
{ 
    "_id" : ObjectId("5aa65e4d123c49259e705b3a"), 
    "projectId" : ObjectId("5aa65e4d123c49259e705b39"), 
    "dateOfEntry" : ISODate("2018-03-12T00:00:00.000+0000"), 
    "userId" : ObjectId("5a99331fdbcd014a19105ddf"), 
    "comments" : "created new project", 
    "createdAt" : ISODate("2018-03-12T11:02:37.293+0000"), 
    "updatedAt" : ISODate("2018-03-12T11:02:37.293+0000")
}
{ 
    "_id" : ObjectId("5aa668f2123c49259e705b3c"), 
    "projectId" : ObjectId("5aa668f2123c49259e705b3b"), 
    "dateOfEntry" : ISODate("2018-03-12T00:00:00.000+0000"), 
    "userId" : ObjectId("5a93ef466c4b95a916def3ce"), 
    "comments" : "created new project", 
    "createdAt" : ISODate("2018-03-12T11:48:02.587+0000"), 
    "updatedAt" : ISODate("2018-03-12T11:48:02.587+0000")
}
{ 
    "_id" : ObjectId("5aa75447123c49259e705b3f"), 
    "projectId" : ObjectId("5a94de0d51503c890cf36420"), 
    "dateOfEntry" : ISODate("2018-03-13T00:00:00.000+0000"), 
    "userId" : ObjectId("5a93ef7c6c4b95a916def3d2"), 
    "comments" : "new task Test Task is add to the Project", 
    "taskId" : ObjectId("5aa75447123c49259e705b3d"), 
    "createdAt" : ISODate("2018-03-13T04:32:07.090+0000"), 
    "updatedAt" : ISODate("2018-03-13T04:32:07.090+0000")
}
{ 
    "_id" : ObjectId("5aa7555d123c49259e705b42"), 
    "projectId" : ObjectId("5a94de0d51503c890cf36420"), 
    "dateOfEntry" : ISODate("2018-03-13T00:00:00.000+0000"), 
    "userId" : ObjectId("5a93ef7c6c4b95a916def3d2"), 
    "comments" : "new task Test Task is add to the Project", 
    "taskId" : ObjectId("5aa7555d123c49259e705b40"), 
    "createdAt" : ISODate("2018-03-13T04:36:45.144+0000"), 
    "updatedAt" : ISODate("2018-03-13T04:36:45.144+0000")
}
{ 
    "_id" : ObjectId("5aa75569123c49259e705b45"), 
    "projectId" : ObjectId("5a94de0d51503c890cf36420"), 
    "dateOfEntry" : ISODate("2018-03-13T00:00:00.000+0000"), 
    "userId" : ObjectId("5a93ef7c6c4b95a916def3d2"), 
    "comments" : "new task Test Task is add to the Project", 
    "taskId" : ObjectId("5aa75569123c49259e705b43"), 
    "createdAt" : ISODate("2018-03-13T04:36:57.397+0000"), 
    "updatedAt" : ISODate("2018-03-13T04:36:57.397+0000")
}
{ 
    "_id" : ObjectId("5aa75610123c49259e705b48"), 
    "projectId" : ObjectId("5a94de0d51503c890cf36420"), 
    "dateOfEntry" : ISODate("2018-03-13T00:00:00.000+0000"), 
    "userId" : ObjectId("5a93ef7c6c4b95a916def3d2"), 
    "comments" : "new task sadasd is add to the Project", 
    "taskId" : ObjectId("5aa75610123c49259e705b46"), 
    "createdAt" : ISODate("2018-03-13T04:39:44.627+0000"), 
    "updatedAt" : ISODate("2018-03-13T04:39:44.627+0000")
}
{ 
    "_id" : ObjectId("5aa7563c123c49259e705b4b"), 
    "projectId" : ObjectId("5a94de0d51503c890cf36420"), 
    "dateOfEntry" : ISODate("2018-03-13T00:00:00.000+0000"), 
    "userId" : ObjectId("5a93ef7c6c4b95a916def3d2"), 
    "comments" : "new task sadasd is add to the Project", 
    "taskId" : ObjectId("5aa7563c123c49259e705b49"), 
    "createdAt" : ISODate("2018-03-13T04:40:28.782+0000"), 
    "updatedAt" : ISODate("2018-03-13T04:40:28.782+0000")
}
{ 
    "_id" : ObjectId("5aa7565d123c49259e705b4e"), 
    "projectId" : ObjectId("5a94de0d51503c890cf36420"), 
    "dateOfEntry" : ISODate("2018-03-13T00:00:00.000+0000"), 
    "userId" : ObjectId("5a93ef7c6c4b95a916def3d2"), 
    "comments" : "new task sadasd is add to the Project", 
    "taskId" : ObjectId("5aa7565d123c49259e705b4c"), 
    "createdAt" : ISODate("2018-03-13T04:41:01.961+0000"), 
    "updatedAt" : ISODate("2018-03-13T04:41:01.961+0000")
}
{ 
    "_id" : ObjectId("5aa7566b123c49259e705b51"), 
    "projectId" : ObjectId("5a94de0d51503c890cf36420"), 
    "dateOfEntry" : ISODate("2018-03-13T00:00:00.000+0000"), 
    "userId" : ObjectId("5a93ef7c6c4b95a916def3d2"), 
    "comments" : "new task sadasd is add to the Project", 
    "taskId" : ObjectId("5aa7566b123c49259e705b4f"), 
    "createdAt" : ISODate("2018-03-13T04:41:15.526+0000"), 
    "updatedAt" : ISODate("2018-03-13T04:41:15.526+0000")
}
{ 
    "_id" : ObjectId("5aa75691123c49259e705b54"), 
    "projectId" : ObjectId("5a94de0d51503c890cf36420"), 
    "dateOfEntry" : ISODate("2018-03-13T00:00:00.000+0000"), 
    "userId" : ObjectId("5a93ef7c6c4b95a916def3d2"), 
    "comments" : "new task sadasd is add to the Project", 
    "taskId" : ObjectId("5aa75691123c49259e705b52"), 
    "createdAt" : ISODate("2018-03-13T04:41:53.786+0000"), 
    "updatedAt" : ISODate("2018-03-13T04:41:53.786+0000")
}
{ 
    "_id" : ObjectId("5aa756af123c49259e705b57"), 
    "projectId" : ObjectId("5a94de0d51503c890cf36420"), 
    "dateOfEntry" : ISODate("2018-03-13T00:00:00.000+0000"), 
    "userId" : ObjectId("5a93ef7c6c4b95a916def3d2"), 
    "comments" : "new task sadasd is add to the Project", 
    "taskId" : ObjectId("5aa756af123c49259e705b55"), 
    "createdAt" : ISODate("2018-03-13T04:42:23.619+0000"), 
    "updatedAt" : ISODate("2018-03-13T04:42:23.619+0000")
}
{ 
    "_id" : ObjectId("5aa756bc123c49259e705b5a"), 
    "projectId" : ObjectId("5a94de0d51503c890cf36420"), 
    "dateOfEntry" : ISODate("2018-03-13T00:00:00.000+0000"), 
    "userId" : ObjectId("5a93ef7c6c4b95a916def3d2"), 
    "comments" : "new task sadasd is add to the Project", 
    "taskId" : ObjectId("5aa756bc123c49259e705b58"), 
    "createdAt" : ISODate("2018-03-13T04:42:36.741+0000"), 
    "updatedAt" : ISODate("2018-03-13T04:42:36.741+0000")
}
{ 
    "_id" : ObjectId("5aa756cd123c49259e705b5d"), 
    "projectId" : ObjectId("5a94de0d51503c890cf36420"), 
    "dateOfEntry" : ISODate("2018-03-13T00:00:00.000+0000"), 
    "userId" : ObjectId("5a93ef7c6c4b95a916def3d2"), 
    "comments" : "new task sadasd is add to the Project", 
    "taskId" : ObjectId("5aa756cd123c49259e705b5b"), 
    "createdAt" : ISODate("2018-03-13T04:42:53.465+0000"), 
    "updatedAt" : ISODate("2018-03-13T04:42:53.465+0000")
}
{ 
    "_id" : ObjectId("5aa756f2123c49259e705b62"), 
    "projectId" : ObjectId("5a94de0d51503c890cf36420"), 
    "dateOfEntry" : ISODate("2018-03-13T00:00:00.000+0000"), 
    "userId" : ObjectId("5a93ef7c6c4b95a916def3d2"), 
    "comments" : "new task Test is add to the Project", 
    "taskId" : ObjectId("5aa756f2123c49259e705b60"), 
    "createdAt" : ISODate("2018-03-13T04:43:30.269+0000"), 
    "updatedAt" : ISODate("2018-03-13T04:43:30.269+0000")
}
{ 
    "_id" : ObjectId("5aa7579d123c49259e705b67"), 
    "projectId" : ObjectId("5a94de0d51503c890cf36420"), 
    "dateOfEntry" : ISODate("2018-03-13T00:00:00.000+0000"), 
    "userId" : ObjectId("5a93ef7c6c4b95a916def3d2"), 
    "comments" : "new task erer is add to the Project", 
    "taskId" : ObjectId("5aa7579d123c49259e705b65"), 
    "createdAt" : ISODate("2018-03-13T04:46:21.262+0000"), 
    "updatedAt" : ISODate("2018-03-13T04:46:21.262+0000")
}
{ 
    "_id" : ObjectId("5aa75a77123c49259e705b6d"), 
    "projectId" : ObjectId("5aa75a77123c49259e705b6c"), 
    "dateOfEntry" : ISODate("2018-03-13T00:00:00.000+0000"), 
    "userId" : ObjectId("5aa75a4c123c49259e705b6b"), 
    "comments" : "created new project", 
    "createdAt" : ISODate("2018-03-13T04:58:31.885+0000"), 
    "updatedAt" : ISODate("2018-03-13T04:58:31.885+0000")
}
{ 
    "_id" : ObjectId("5aa75aee123c49259e705b70"), 
    "projectId" : ObjectId("5a94de0d51503c890cf36420"), 
    "dateOfEntry" : ISODate("2018-03-13T00:00:00.000+0000"), 
    "userId" : ObjectId("5a93ef7c6c4b95a916def3d2"), 
    "comments" : "new task Test Task is add to the Project", 
    "taskId" : ObjectId("5aa75aee123c49259e705b6e"), 
    "createdAt" : ISODate("2018-03-13T05:00:30.843+0000"), 
    "updatedAt" : ISODate("2018-03-13T05:00:30.843+0000")
}
{ 
    "_id" : ObjectId("5aa767a6a647eb4278cef4b7"), 
    "projectId" : ObjectId("5a94de0d51503c890cf36420"), 
    "dateOfEntry" : ISODate("2018-03-13T00:00:00.000+0000"), 
    "userId" : ObjectId("5a93ef7c6c4b95a916def3d2"), 
    "comments" : "new task tesdsd is add to the Project", 
    "taskId" : ObjectId("5aa767a6a647eb4278cef4b5"), 
    "createdAt" : ISODate("2018-03-13T05:54:46.755+0000"), 
    "updatedAt" : ISODate("2018-03-13T05:54:46.755+0000")
}
{ 
    "_id" : ObjectId("5aa767eea647eb4278cef4bc"), 
    "projectId" : ObjectId("5a94de0d51503c890cf36420"), 
    "dateOfEntry" : ISODate("2018-03-13T00:00:00.000+0000"), 
    "userId" : ObjectId("5a93ef7c6c4b95a916def3d2"), 
    "comments" : "new task tresdsa is add to the Project", 
    "taskId" : ObjectId("5aa767eea647eb4278cef4ba"), 
    "createdAt" : ISODate("2018-03-13T05:55:58.715+0000"), 
    "updatedAt" : ISODate("2018-03-13T05:55:58.715+0000")
}
{ 
    "_id" : ObjectId("5ab0d5fa28e155272c55e84c"), 
    "projectId" : ObjectId("5ab0d5fa28e155272c55e84b"), 
    "dateOfEntry" : ISODate("2018-03-20T00:00:00.000+0000"), 
    "userId" : ObjectId("5a93ef7c6c4b95a916def3d2"), 
    "comments" : "created new project", 
    "createdAt" : ISODate("2018-03-20T09:35:54.812+0000"), 
    "updatedAt" : ISODate("2018-03-20T09:35:54.812+0000")
}
{ 
    "_id" : ObjectId("5ab0e5d228e155272c55e84f"), 
    "projectId" : ObjectId("5a94de0d51503c890cf36420"), 
    "dateOfEntry" : ISODate("2018-03-20T00:00:00.000+0000"), 
    "userId" : ObjectId("5a93ef7c6c4b95a916def3d2"), 
    "comments" : "new task qwwqewqewq is add to the Project", 
    "taskId" : ObjectId("5ab0e5d228e155272c55e84d"), 
    "createdAt" : ISODate("2018-03-20T10:43:30.072+0000"), 
    "updatedAt" : ISODate("2018-03-20T10:43:30.072+0000")
}
{ 
    "_id" : ObjectId("5ab0f66928e155272c55e853"), 
    "projectId" : ObjectId("5ab0f66928e155272c55e852"), 
    "dateOfEntry" : ISODate("2018-03-20T00:00:00.000+0000"), 
    "userId" : ObjectId("5a93ef7c6c4b95a916def3d2"), 
    "comments" : "created new project", 
    "createdAt" : ISODate("2018-03-20T11:54:17.410+0000"), 
    "updatedAt" : ISODate("2018-03-20T11:54:17.410+0000")
}
{ 
    "_id" : ObjectId("5ab37401a7ef54024cbc19b3"), 
    "projectId" : ObjectId("5a94de0d51503c890cf36420"), 
    "dateOfEntry" : ISODate("2018-03-22T00:00:00.000+0000"), 
    "userId" : ObjectId("5a93ef7c6c4b95a916def3d2"), 
    "comments" : "new task welcome is add to the Project", 
    "taskId" : ObjectId("5ab37400a7ef54024cbc19b1"), 
    "createdAt" : ISODate("2018-03-22T09:14:41.007+0000"), 
    "updatedAt" : ISODate("2018-03-22T09:14:41.007+0000")
}
{ 
    "_id" : ObjectId("5aa64c17bb1b83235425232d"), 
    "projectId" : ObjectId("5aa64c17bb1b83235425232c"), 
    "dateOfEntry" : ISODate("2018-03-12T00:00:00.000+0000"), 
    "userId" : ObjectId("5a99331fdbcd014a19105ddf"), 
    "comments" : "created new project", 
    "createdAt" : ISODate("2018-03-12T09:44:55.827+0000"), 
    "updatedAt" : ISODate("2018-03-12T09:44:55.827+0000")
}
{ 
    "_id" : ObjectId("5abcab68656266149c410bdd"), 
    "projectId" : ObjectId("5a94de0d51503c890cf36420"), 
    "dateOfEntry" : ISODate("2018-03-29T00:00:00.000+0000"), 
    "userId" : ObjectId("5a93ef7c6c4b95a916def3d2"), 
    "comments" : "new task Testing data is add to the Project", 
    "taskId" : ObjectId("5abcab68656266149c410bdb"), 
    "createdAt" : ISODate("2018-03-29T09:01:28.158+0000"), 
    "updatedAt" : ISODate("2018-03-29T09:01:28.158+0000")
}
{ 
    "_id" : ObjectId("5abcdc1acbc4da1b58229ed1"), 
    "projectId" : ObjectId("5a979ca209abd7e0459dfd1e"), 
    "dateOfEntry" : ISODate("2018-03-29T00:00:00.000+0000"), 
    "userId" : ObjectId("5a93ef7c6c4b95a916def3d2"), 
    "comments" : "added Ramesh to this project", 
    "createdAt" : ISODate("2018-03-29T12:29:14.260+0000"), 
    "updatedAt" : ISODate("2018-03-29T12:29:14.260+0000")
}
{ 
    "_id" : ObjectId("5abcde14cbc4da1b58229ed2"), 
    "projectId" : ObjectId("5a979ca209abd7e0459dfd1e"), 
    "dateOfEntry" : ISODate("2018-03-29T00:00:00.000+0000"), 
    "userId" : ObjectId("5a93ef7c6c4b95a916def3d2"), 
    "comments" : "added Ramesh to this project", 
    "createdAt" : ISODate("2018-03-29T12:37:40.454+0000"), 
    "updatedAt" : ISODate("2018-03-29T12:37:40.454+0000")
}
{ 
    "_id" : ObjectId("5abcde7ccbc4da1b58229ed3"), 
    "projectId" : ObjectId("5a979ca209abd7e0459dfd1e"), 
    "dateOfEntry" : ISODate("2018-03-29T00:00:00.000+0000"), 
    "userId" : ObjectId("5a93ef7c6c4b95a916def3d2"), 
    "comments" : "added Ramesh to this project", 
    "createdAt" : ISODate("2018-03-29T12:39:24.396+0000"), 
    "updatedAt" : ISODate("2018-03-29T12:39:24.396+0000")
}
{ 
    "_id" : ObjectId("5abcdf64cbc4da1b58229ed6"), 
    "projectId" : ObjectId("5a979ca209abd7e0459dfd1e"), 
    "dateOfEntry" : ISODate("2018-03-29T00:00:00.000+0000"), 
    "userId" : ObjectId("5a93ef7c6c4b95a916def3d2"), 
    "comments" : "new task Test date12 is add to the Project", 
    "taskId" : ObjectId("5abcdf64cbc4da1b58229ed4"), 
    "createdAt" : ISODate("2018-03-29T12:43:16.510+0000"), 
    "updatedAt" : ISODate("2018-03-29T12:43:16.510+0000")
}
{ 
    "_id" : ObjectId("5ac309bd99e6981cb86fcc96"), 
    "projectId" : ObjectId("5a94de0d51503c890cf36420"), 
    "dateOfEntry" : ISODate("2018-04-03T00:00:00.000+0000"), 
    "userId" : ObjectId("5a93ef7c6c4b95a916def3d2"), 
    "comments" : "updated the project details name:Nu timeSheet desc:Nu timeSheet development activities wew state:2", 
    "createdAt" : ISODate("2018-04-03T04:57:33.979+0000"), 
    "updatedAt" : ISODate("2018-04-03T04:57:33.979+0000")
}
{ 
    "_id" : ObjectId("5ac309e999e6981cb86fcc97"), 
    "projectId" : ObjectId("5a94de0d51503c890cf36420"), 
    "dateOfEntry" : ISODate("2018-04-03T00:00:00.000+0000"), 
    "userId" : ObjectId("5a93ef7c6c4b95a916def3d2"), 
    "comments" : "updated the project details name:Nu timeSheet desc:Nu timeSheet development activities wew state:2", 
    "createdAt" : ISODate("2018-04-03T04:58:17.516+0000"), 
    "updatedAt" : ISODate("2018-04-03T04:58:17.516+0000")
}
{ 
    "_id" : ObjectId("5ac30b5e99e6981cb86fcc98"), 
    "projectId" : ObjectId("5a94de0d51503c890cf36420"), 
    "dateOfEntry" : ISODate("2018-04-03T00:00:00.000+0000"), 
    "userId" : ObjectId("5a93ef7c6c4b95a916def3d2"), 
    "comments" : "updated the project details name:Nu timeSheet desc:Nu timeSheet development activities wew state:2", 
    "createdAt" : ISODate("2018-04-03T05:04:30.644+0000"), 
    "updatedAt" : ISODate("2018-04-03T05:04:30.644+0000")
}
{ 
    "_id" : ObjectId("5ac30b8c99e6981cb86fcc99"), 
    "projectId" : ObjectId("5a94de0d51503c890cf36420"), 
    "dateOfEntry" : ISODate("2018-04-03T00:00:00.000+0000"), 
    "userId" : ObjectId("5a93ef7c6c4b95a916def3d2"), 
    "comments" : "updated the project details name:Nu timeSheet New desc:Nu timeSheet development activities wew state:2", 
    "createdAt" : ISODate("2018-04-03T05:05:16.017+0000"), 
    "updatedAt" : ISODate("2018-04-03T05:05:16.017+0000")
}
{ 
    "_id" : ObjectId("5ac30bad99e6981cb86fcc9a"), 
    "projectId" : ObjectId("5ab0d5fa28e155272c55e84b"), 
    "dateOfEntry" : ISODate("2018-04-03T00:00:00.000+0000"), 
    "userId" : ObjectId("5a93ef7c6c4b95a916def3d2"), 
    "comments" : "updated the project details name:Test Project Name desc:Test Description state:1", 
    "createdAt" : ISODate("2018-04-03T05:05:49.697+0000"), 
    "updatedAt" : ISODate("2018-04-03T05:05:49.697+0000")
}
{ 
    "_id" : ObjectId("5ac30bb899e6981cb86fcc9b"), 
    "projectId" : ObjectId("5ab0d5fa28e155272c55e84b"), 
    "dateOfEntry" : ISODate("2018-04-03T00:00:00.000+0000"), 
    "userId" : ObjectId("5a93ef7c6c4b95a916def3d2"), 
    "comments" : "updated the project details name:Test Project Name desc:Test Description state:3", 
    "createdAt" : ISODate("2018-04-03T05:06:00.359+0000"), 
    "updatedAt" : ISODate("2018-04-03T05:06:00.359+0000")
}
{ 
    "_id" : ObjectId("5ac31de999e6981cb86fcc9d"), 
    "projectId" : ObjectId("5a94de0d51503c890cf36420"), 
    "dateOfEntry" : ISODate("2018-04-03T00:00:00.000+0000"), 
    "userId" : ObjectId("5a93ef7c6c4b95a916def3d2"), 
    "comments" : " task: Test 1 is updated with value name:Test 1", 
    "taskId" : ObjectId("5a94e0a751503c890cf36422"), 
    "createdAt" : ISODate("2018-04-03T06:23:37.895+0000"), 
    "updatedAt" : ISODate("2018-04-03T06:23:37.895+0000")
}
{ 
    "_id" : ObjectId("5ac31df199e6981cb86fcc9f"), 
    "projectId" : ObjectId("5a94de0d51503c890cf36420"), 
    "dateOfEntry" : ISODate("2018-04-03T00:00:00.000+0000"), 
    "userId" : ObjectId("5a93ef7c6c4b95a916def3d2"), 
    "comments" : " task: Test 1 is updated with value name:Test 1", 
    "taskId" : ObjectId("5a94e0a751503c890cf36422"), 
    "createdAt" : ISODate("2018-04-03T06:23:45.283+0000"), 
    "updatedAt" : ISODate("2018-04-03T06:23:45.283+0000")
}
{ 
    "_id" : ObjectId("5ac32cf399e6981cb86fcca0"), 
    "projectId" : ObjectId("5a94de0d51503c890cf36420"), 
    "dateOfEntry" : ISODate("2018-04-03T00:00:00.000+0000"), 
    "userId" : ObjectId("5a93ef7c6c4b95a916def3d2"), 
    "comments" : "removed a user from project", 
    "createdAt" : ISODate("2018-04-03T07:27:47.702+0000"), 
    "updatedAt" : ISODate("2018-04-03T07:27:47.702+0000")
}
{ 
    "_id" : ObjectId("5ac32e2299e6981cb86fcca2"), 
    "projectId" : ObjectId("5a94de0d51503c890cf36420"), 
    "dateOfEntry" : ISODate("2018-04-03T00:00:00.000+0000"), 
    "userId" : ObjectId("5a93ef7c6c4b95a916def3d2"), 
    "comments" : "added Tasneem to this project", 
    "createdAt" : ISODate("2018-04-03T07:32:50.274+0000"), 
    "updatedAt" : ISODate("2018-04-03T07:32:50.274+0000")
}
{ 
    "_id" : ObjectId("5ac32e2d99e6981cb86fcca3"), 
    "projectId" : ObjectId("5a94de0d51503c890cf36420"), 
    "dateOfEntry" : ISODate("2018-04-03T00:00:00.000+0000"), 
    "userId" : ObjectId("5a93ef7c6c4b95a916def3d2"), 
    "comments" : "removed a user from project", 
    "createdAt" : ISODate("2018-04-03T07:33:01.913+0000"), 
    "updatedAt" : ISODate("2018-04-03T07:33:01.913+0000")
}
{ 
    "_id" : ObjectId("5ac32e4199e6981cb86fcca5"), 
    "projectId" : ObjectId("5a94de0d51503c890cf36420"), 
    "dateOfEntry" : ISODate("2018-04-03T00:00:00.000+0000"), 
    "userId" : ObjectId("5a93ef7c6c4b95a916def3d2"), 
    "comments" : " task: Test 1 is updated with value name:Test New Name", 
    "taskId" : ObjectId("5a94e0a751503c890cf36422"), 
    "createdAt" : ISODate("2018-04-03T07:33:21.435+0000"), 
    "updatedAt" : ISODate("2018-04-03T07:33:21.435+0000")
}
{ 
    "_id" : ObjectId("5ac32e9099e6981cb86fcca6"), 
    "projectId" : ObjectId("5a94de0d51503c890cf36420"), 
    "dateOfEntry" : ISODate("2018-04-03T00:00:00.000+0000"), 
    "userId" : ObjectId("5a93ef7c6c4b95a916def3d2"), 
    "comments" : "removed a user from project", 
    "createdAt" : ISODate("2018-04-03T07:34:40.146+0000"), 
    "updatedAt" : ISODate("2018-04-03T07:34:40.146+0000")
}
{ 
    "_id" : ObjectId("5ac3497199e6981cb86fcca8"), 
    "projectId" : ObjectId("5a94de0d51503c890cf36420"), 
    "dateOfEntry" : ISODate("2018-04-03T00:00:00.000+0000"), 
    "userId" : ObjectId("5a93ef7c6c4b95a916def3d2"), 
    "comments" : "user is removed from the task Test New Name", 
    "taskId" : ObjectId("5a94e0a751503c890cf36422"), 
    "createdAt" : ISODate("2018-04-03T09:29:21.397+0000"), 
    "updatedAt" : ISODate("2018-04-03T09:29:21.397+0000")
}
{ 
    "_id" : ObjectId("5ac34cc199e6981cb86fccaa"), 
    "projectId" : ObjectId("5a94de0d51503c890cf36420"), 
    "dateOfEntry" : ISODate("2018-04-03T00:00:00.000+0000"), 
    "userId" : ObjectId("5a93ef7c6c4b95a916def3d2"), 
    "comments" : " task: Test New Name is updated with value name:Test New Name", 
    "taskId" : ObjectId("5a94e0a751503c890cf36422"), 
    "createdAt" : ISODate("2018-04-03T09:43:29.019+0000"), 
    "updatedAt" : ISODate("2018-04-03T09:43:29.019+0000")
}
{ 
    "_id" : ObjectId("5ac34cca99e6981cb86fccac"), 
    "projectId" : ObjectId("5a94de0d51503c890cf36420"), 
    "dateOfEntry" : ISODate("2018-04-03T00:00:00.000+0000"), 
    "userId" : ObjectId("5a93ef7c6c4b95a916def3d2"), 
    "comments" : " task: Test New Name is updated with value name:Test New Name", 
    "taskId" : ObjectId("5a94e0a751503c890cf36422"), 
    "createdAt" : ISODate("2018-04-03T09:43:38.790+0000"), 
    "updatedAt" : ISODate("2018-04-03T09:43:38.790+0000")
}
{ 
    "_id" : ObjectId("5ac34d1b99e6981cb86fccae"), 
    "projectId" : ObjectId("5a94de0d51503c890cf36420"), 
    "dateOfEntry" : ISODate("2018-04-03T00:00:00.000+0000"), 
    "userId" : ObjectId("5a93ef7c6c4b95a916def3d2"), 
    "comments" : " task: Test New Name is updated with value name:Test New Name", 
    "taskId" : ObjectId("5a94e0a751503c890cf36422"), 
    "createdAt" : ISODate("2018-04-03T09:44:59.941+0000"), 
    "updatedAt" : ISODate("2018-04-03T09:44:59.941+0000")
}
{ 
    "_id" : ObjectId("5ac34d2999e6981cb86fccb4"), 
    "projectId" : ObjectId("5a94de0d51503c890cf36420"), 
    "dateOfEntry" : ISODate("2018-04-03T00:00:00.000+0000"), 
    "userId" : ObjectId("5a93ef7c6c4b95a916def3d2"), 
    "comments" : " task: Task page creation is updated with value name:Task page creation", 
    "taskId" : ObjectId("5a964c9553f6f8c267446a9e"), 
    "createdAt" : ISODate("2018-04-03T09:45:13.267+0000"), 
    "updatedAt" : ISODate("2018-04-03T09:45:13.267+0000")
}
{ 
    "_id" : ObjectId("5ac34d8599e6981cb86fccb8"), 
    "projectId" : ObjectId("5a94de0d51503c890cf36420"), 
    "dateOfEntry" : ISODate("2018-04-03T00:00:00.000+0000"), 
    "userId" : ObjectId("5a93ef7c6c4b95a916def3d2"), 
    "comments" : " task: Test 2 is updated with value name:Test 22", 
    "taskId" : ObjectId("5a967bb453f6f8c267446aab"), 
    "createdAt" : ISODate("2018-04-03T09:46:45.710+0000"), 
    "updatedAt" : ISODate("2018-04-03T09:46:45.710+0000")
}
{ 
    "_id" : ObjectId("5ac34da499e6981cb86fccbc"), 
    "projectId" : ObjectId("5a94de0d51503c890cf36420"), 
    "dateOfEntry" : ISODate("2018-04-03T00:00:00.000+0000"), 
    "userId" : ObjectId("5a93ef7c6c4b95a916def3d2"), 
    "comments" : " task: Test 22 is updated with value name:Test 22", 
    "taskId" : ObjectId("5a967bb453f6f8c267446aab"), 
    "createdAt" : ISODate("2018-04-03T09:47:16.516+0000"), 
    "updatedAt" : ISODate("2018-04-03T09:47:16.516+0000")
}
{ 
    "_id" : ObjectId("5ac34daf99e6981cb86fccbe"), 
    "projectId" : ObjectId("5a94de0d51503c890cf36420"), 
    "dateOfEntry" : ISODate("2018-04-03T00:00:00.000+0000"), 
    "userId" : ObjectId("5a93ef7c6c4b95a916def3d2"), 
    "comments" : " task: Test 22 is updated with value name:Test 22", 
    "taskId" : ObjectId("5a967bb453f6f8c267446aab"), 
    "createdAt" : ISODate("2018-04-03T09:47:27.148+0000"), 
    "updatedAt" : ISODate("2018-04-03T09:47:27.148+0000")
}
{ 
    "_id" : ObjectId("5ac34dfd99e6981cb86fccc0"), 
    "projectId" : ObjectId("5a94de0d51503c890cf36420"), 
    "dateOfEntry" : ISODate("2018-04-03T00:00:00.000+0000"), 
    "userId" : ObjectId("5a93ef7c6c4b95a916def3d2"), 
    "comments" : " task: Test 3 is updated with value name:Test 3", 
    "taskId" : ObjectId("5a97c1d009abd7e0459dfd26"), 
    "createdAt" : ISODate("2018-04-03T09:48:45.460+0000"), 
    "updatedAt" : ISODate("2018-04-03T09:48:45.460+0000")
}
{ 
    "_id" : ObjectId("5ac34e0699e6981cb86fccc4"), 
    "projectId" : ObjectId("5a94de0d51503c890cf36420"), 
    "dateOfEntry" : ISODate("2018-04-03T00:00:00.000+0000"), 
    "userId" : ObjectId("5a93ef7c6c4b95a916def3d2"), 
    "comments" : "user is removed from the task Test 3", 
    "taskId" : ObjectId("5a97c1d009abd7e0459dfd26"), 
    "createdAt" : ISODate("2018-04-03T09:48:54.074+0000"), 
    "updatedAt" : ISODate("2018-04-03T09:48:54.074+0000")
}
{ 
    "_id" : ObjectId("5ac3502999e6981cb86fccc6"), 
    "projectId" : ObjectId("5a94de0d51503c890cf36420"), 
    "dateOfEntry" : ISODate("2018-04-03T00:00:00.000+0000"), 
    "userId" : ObjectId("5a93ef7c6c4b95a916def3d2"), 
    "comments" : " task: qwwqewqewq is updated with value name:Quick", 
    "taskId" : ObjectId("5ab0e5d228e155272c55e84d"), 
    "createdAt" : ISODate("2018-04-03T09:58:01.848+0000"), 
    "updatedAt" : ISODate("2018-04-03T09:58:01.848+0000")
}
{ 
    "_id" : ObjectId("5ac46924ef0f91080cc34ef2"), 
    "projectId" : ObjectId("5a94de0d51503c890cf36420"), 
    "dateOfEntry" : ISODate("2018-04-04T00:00:00.000+0000"), 
    "userId" : ObjectId("5a93ef7c6c4b95a916def3d2"), 
    "comments" : " task: Test New Name is updated with value name:Test New Wel", 
    "taskId" : ObjectId("5a94e0a751503c890cf36422"), 
    "createdAt" : ISODate("2018-04-04T05:56:52.923+0000"), 
    "updatedAt" : ISODate("2018-04-04T05:56:52.923+0000")
}
{ 
    "_id" : ObjectId("5ac472c7ef0f91080cc34ef4"), 
    "projectId" : ObjectId("5a94de0d51503c890cf36420"), 
    "dateOfEntry" : ISODate("2018-04-04T00:00:00.000+0000"), 
    "userId" : ObjectId("5a93ef7c6c4b95a916def3d2"), 
    "comments" : " task: Test New Wel is updated with value name:Test New Wel2", 
    "taskId" : ObjectId("5a94e0a751503c890cf36422"), 
    "createdAt" : ISODate("2018-04-04T06:37:59.227+0000"), 
    "updatedAt" : ISODate("2018-04-04T06:37:59.227+0000")
}
{ 
    "_id" : ObjectId("5ac4730eef0f91080cc34ef6"), 
    "projectId" : ObjectId("5a94de0d51503c890cf36420"), 
    "dateOfEntry" : ISODate("2018-04-04T00:00:00.000+0000"), 
    "userId" : ObjectId("5a93ef7c6c4b95a916def3d2"), 
    "comments" : " task: Test New Wel2 is updated with value name:Test New Wel2", 
    "taskId" : ObjectId("5a94e0a751503c890cf36422"), 
    "createdAt" : ISODate("2018-04-04T06:39:10.596+0000"), 
    "updatedAt" : ISODate("2018-04-04T06:39:10.596+0000")
}
{ 
    "_id" : ObjectId("5ac47328ef0f91080cc34ef8"), 
    "projectId" : ObjectId("5a94de0d51503c890cf36420"), 
    "dateOfEntry" : ISODate("2018-04-04T00:00:00.000+0000"), 
    "userId" : ObjectId("5a93ef7c6c4b95a916def3d2"), 
    "comments" : " task: Test New Wel2 is updated with value name:Test New Wel2", 
    "taskId" : ObjectId("5a94e0a751503c890cf36422"), 
    "createdAt" : ISODate("2018-04-04T06:39:36.066+0000"), 
    "updatedAt" : ISODate("2018-04-04T06:39:36.066+0000")
}
{ 
    "_id" : ObjectId("5ac4b2214ba1b206b4dc2583"), 
    "projectId" : ObjectId("5ac4b2214ba1b206b4dc2582"), 
    "dateOfEntry" : ISODate("2018-04-04T00:00:00.000+0000"), 
    "userId" : ObjectId("5a93ef7c6c4b95a916def3d2"), 
    "comments" : "created new project", 
    "createdAt" : ISODate("2018-04-04T11:08:17.662+0000"), 
    "updatedAt" : ISODate("2018-04-04T11:08:17.662+0000")
}
{ 
    "_id" : ObjectId("5ac4b2714ba1b206b4dc2585"), 
    "projectId" : ObjectId("5ac4b2714ba1b206b4dc2584"), 
    "dateOfEntry" : ISODate("2018-04-04T00:00:00.000+0000"), 
    "userId" : ObjectId("5a93ef7c6c4b95a916def3d2"), 
    "comments" : "created new project", 
    "createdAt" : ISODate("2018-04-04T11:09:37.230+0000"), 
    "updatedAt" : ISODate("2018-04-04T11:09:37.230+0000")
}
{ 
    "_id" : ObjectId("5ac4b2884ba1b206b4dc2587"), 
    "projectId" : ObjectId("5ac4b2714ba1b206b4dc2584"), 
    "dateOfEntry" : ISODate("2018-04-04T00:00:00.000+0000"), 
    "userId" : ObjectId("5a93ef7c6c4b95a916def3d2"), 
    "comments" : "added Ramesh to this project", 
    "createdAt" : ISODate("2018-04-04T11:10:00.509+0000"), 
    "updatedAt" : ISODate("2018-04-04T11:10:00.509+0000")
}
{ 
    "_id" : ObjectId("5ac4b29f4ba1b206b4dc258a"), 
    "projectId" : ObjectId("5ac4b2714ba1b206b4dc2584"), 
    "dateOfEntry" : ISODate("2018-04-04T00:00:00.000+0000"), 
    "userId" : ObjectId("5a93ef7c6c4b95a916def3d2"), 
    "comments" : "new task Apr Task is add to the Project", 
    "taskId" : ObjectId("5ac4b29f4ba1b206b4dc2588"), 
    "createdAt" : ISODate("2018-04-04T11:10:23.471+0000"), 
    "updatedAt" : ISODate("2018-04-04T11:10:23.471+0000")
}
{ 
    "_id" : ObjectId("5ac5b77d6b09c32dac30ac49"), 
    "projectId" : ObjectId("5a94de0d51503c890cf36420"), 
    "dateOfEntry" : ISODate("2018-04-05T00:00:00.000+0000"), 
    "userId" : ObjectId("5a93ef7c6c4b95a916def3d2"), 
    "comments" : "user is removed from the task Test New Wel2", 
    "taskId" : ObjectId("5a94e0a751503c890cf36422"), 
    "createdAt" : ISODate("2018-04-05T05:43:25.438+0000"), 
    "updatedAt" : ISODate("2018-04-05T05:43:25.438+0000")
}
{ 
    "_id" : ObjectId("5ac5b78d6b09c32dac30ac4b"), 
    "projectId" : ObjectId("5a94de0d51503c890cf36420"), 
    "dateOfEntry" : ISODate("2018-04-05T00:00:00.000+0000"), 
    "userId" : ObjectId("5a93ef7c6c4b95a916def3d2"), 
    "comments" : " task: Test New Wel2 is updated with value name:Test New Wel2", 
    "taskId" : ObjectId("5a94e0a751503c890cf36422"), 
    "createdAt" : ISODate("2018-04-05T05:43:41.921+0000"), 
    "updatedAt" : ISODate("2018-04-05T05:43:41.921+0000")
}
{ 
    "_id" : ObjectId("5ac5fa716b09c32dac30ac4f"), 
    "projectId" : ObjectId("5a94de0d51503c890cf36420"), 
    "dateOfEntry" : ISODate("2018-04-05T00:00:00.000+0000"), 
    "userId" : ObjectId("5a93ef7c6c4b95a916def3d2"), 
    "comments" : " task: Test 3 is updated with value name:Test 3", 
    "taskId" : ObjectId("5a97c1d009abd7e0459dfd26"), 
    "createdAt" : ISODate("2018-04-05T10:29:05.124+0000"), 
    "updatedAt" : ISODate("2018-04-05T10:29:05.124+0000")
}
{ 
    "_id" : ObjectId("5ac5fbd86b09c32dac30ac53"), 
    "projectId" : ObjectId("5ac5fbd86b09c32dac30ac52"), 
    "dateOfEntry" : ISODate("2018-04-05T00:00:00.000+0000"), 
    "userId" : ObjectId("5a93ef7c6c4b95a916def3d2"), 
    "comments" : "created new project", 
    "createdAt" : ISODate("2018-04-05T10:35:04.739+0000"), 
    "updatedAt" : ISODate("2018-04-05T10:35:04.739+0000")
}
{ 
    "_id" : ObjectId("5ac71de36b46661a701b7017"), 
    "projectId" : ObjectId("5a94de0d51503c890cf36420"), 
    "dateOfEntry" : ISODate("2018-04-06T00:00:00.000+0000"), 
    "userId" : ObjectId("5a93ef7c6c4b95a916def3d2"), 
    "comments" : " task: Task page creation is updated with value name:Task page creation", 
    "taskId" : ObjectId("5a964c9553f6f8c267446a9e"), 
    "createdAt" : ISODate("2018-04-06T07:12:35.259+0000"), 
    "updatedAt" : ISODate("2018-04-06T07:12:35.259+0000")
}
{ 
    "_id" : ObjectId("5ac71def6b46661a701b7019"), 
    "projectId" : ObjectId("5a94de0d51503c890cf36420"), 
    "dateOfEntry" : ISODate("2018-04-06T00:00:00.000+0000"), 
    "userId" : ObjectId("5a93ef7c6c4b95a916def3d2"), 
    "comments" : " task: Test 22 is updated with value name:Test 22", 
    "taskId" : ObjectId("5a967bb453f6f8c267446aab"), 
    "createdAt" : ISODate("2018-04-06T07:12:47.076+0000"), 
    "updatedAt" : ISODate("2018-04-06T07:12:47.076+0000")
}
{ 
    "_id" : ObjectId("5ac7327d6b46661a701b701b"), 
    "projectId" : ObjectId("5a94de0d51503c890cf36420"), 
    "dateOfEntry" : ISODate("2018-04-06T00:00:00.000+0000"), 
    "userId" : ObjectId("5a93ef7c6c4b95a916def3d2"), 
    "comments" : " task: Test 3 is updated with value name:Test 3", 
    "taskId" : ObjectId("5a97c1d009abd7e0459dfd26"), 
    "createdAt" : ISODate("2018-04-06T08:40:29.079+0000"), 
    "updatedAt" : ISODate("2018-04-06T08:40:29.079+0000")
}
{ 
    "_id" : ObjectId("5ac732846b46661a701b701d"), 
    "projectId" : ObjectId("5a94de0d51503c890cf36420"), 
    "dateOfEntry" : ISODate("2018-04-06T00:00:00.000+0000"), 
    "userId" : ObjectId("5a93ef7c6c4b95a916def3d2"), 
    "comments" : " task: Task page creation is updated with value name:Task page creation", 
    "taskId" : ObjectId("5a97ce7f09abd7e0459dfd33"), 
    "createdAt" : ISODate("2018-04-06T08:40:36.933+0000"), 
    "updatedAt" : ISODate("2018-04-06T08:40:36.933+0000")
}
{ 
    "_id" : ObjectId("5ac738b76b46661a701b701f"), 
    "projectId" : ObjectId("5a94de0d51503c890cf36420"), 
    "dateOfEntry" : ISODate("2018-04-06T00:00:00.000+0000"), 
    "userId" : ObjectId("5a93ef7c6c4b95a916def3d2"), 
    "comments" : "user is removed from the task Test New Wel2", 
    "taskId" : ObjectId("5a94e0a751503c890cf36422"), 
    "createdAt" : ISODate("2018-04-06T09:07:03.864+0000"), 
    "updatedAt" : ISODate("2018-04-06T09:07:03.864+0000")
}
{ 
    "_id" : ObjectId("5ac738f16b46661a701b7021"), 
    "projectId" : ObjectId("5ac738f16b46661a701b7020"), 
    "dateOfEntry" : ISODate("2018-04-06T00:00:00.000+0000"), 
    "userId" : ObjectId("5a93ef7c6c4b95a916def3d2"), 
    "comments" : "created new project", 
    "createdAt" : ISODate("2018-04-06T09:08:01.055+0000"), 
    "updatedAt" : ISODate("2018-04-06T09:08:01.055+0000")
}
{ 
    "_id" : ObjectId("5ac739196b46661a701b7023"), 
    "projectId" : ObjectId("5ac738f16b46661a701b7020"), 
    "dateOfEntry" : ISODate("2018-04-06T00:00:00.000+0000"), 
    "userId" : ObjectId("5a93ef7c6c4b95a916def3d2"), 
    "comments" : "added Tasneem to this project", 
    "createdAt" : ISODate("2018-04-06T09:08:41.371+0000"), 
    "updatedAt" : ISODate("2018-04-06T09:08:41.371+0000")
}
{ 
    "_id" : ObjectId("5ac739196b46661a701b7025"), 
    "projectId" : ObjectId("5ac738f16b46661a701b7020"), 
    "dateOfEntry" : ISODate("2018-04-06T00:00:00.000+0000"), 
    "userId" : ObjectId("5a93ef7c6c4b95a916def3d2"), 
    "comments" : "added Ramesh to this project", 
    "createdAt" : ISODate("2018-04-06T09:08:41.400+0000"), 
    "updatedAt" : ISODate("2018-04-06T09:08:41.400+0000")
}
{ 
    "_id" : ObjectId("5ac739196b46661a701b7027"), 
    "projectId" : ObjectId("5ac738f16b46661a701b7020"), 
    "dateOfEntry" : ISODate("2018-04-06T00:00:00.000+0000"), 
    "userId" : ObjectId("5a93ef7c6c4b95a916def3d2"), 
    "comments" : "added Rameshrajamani to this project", 
    "createdAt" : ISODate("2018-04-06T09:08:41.429+0000"), 
    "updatedAt" : ISODate("2018-04-06T09:08:41.429+0000")
}
{ 
    "_id" : ObjectId("5ac7393b6b46661a701b702a"), 
    "projectId" : ObjectId("5ac738f16b46661a701b7020"), 
    "dateOfEntry" : ISODate("2018-04-06T00:00:00.000+0000"), 
    "userId" : ObjectId("5a93ef7c6c4b95a916def3d2"), 
    "comments" : "new task Test 1 is add to the Project", 
    "taskId" : ObjectId("5ac7393b6b46661a701b7028"), 
    "createdAt" : ISODate("2018-04-06T09:09:15.227+0000"), 
    "updatedAt" : ISODate("2018-04-06T09:09:15.227+0000")
}
{ 
    "_id" : ObjectId("5ac739436b46661a701b702c"), 
    "projectId" : ObjectId("5ac738f16b46661a701b7020"), 
    "dateOfEntry" : ISODate("2018-04-06T00:00:00.000+0000"), 
    "userId" : ObjectId("5a93ef7c6c4b95a916def3d2"), 
    "comments" : " task: Test 1 is updated with value name:Test 1", 
    "taskId" : ObjectId("5ac7393b6b46661a701b7028"), 
    "createdAt" : ISODate("2018-04-06T09:09:23.767+0000"), 
    "updatedAt" : ISODate("2018-04-06T09:09:23.767+0000")
}
{ 
    "_id" : ObjectId("5ac771e56b46661a701b7033"), 
    "projectId" : ObjectId("5a94de0d51503c890cf36420"), 
    "dateOfEntry" : ISODate("2018-04-06T00:00:00.000+0000"), 
    "userId" : ObjectId("5a93ef7c6c4b95a916def3d2"), 
    "comments" : " task: Task page creation33 is updated with value name:Task page creation33", 
    "taskId" : ObjectId("5a97e20709abd7e0459dfd40"), 
    "createdAt" : ISODate("2018-04-06T13:11:01.785+0000"), 
    "updatedAt" : ISODate("2018-04-06T13:11:01.785+0000")
}
{ 
    "_id" : ObjectId("5acb7205c36b0615e014a7c0"), 
    "projectId" : ObjectId("5ac738f16b46661a701b7020"), 
    "dateOfEntry" : ISODate("2018-04-09T00:00:00.000+0000"), 
    "userId" : ObjectId("5a93ef7c6c4b95a916def3d2"), 
    "comments" : " task: Test 1 is updated with value name:Test 1", 
    "taskId" : ObjectId("5ac7393b6b46661a701b7028"), 
    "createdAt" : ISODate("2018-04-09T14:00:37.621+0000"), 
    "updatedAt" : ISODate("2018-04-09T14:00:37.621+0000")
}
{ 
    "_id" : ObjectId("5accb159068489190838f929"), 
    "projectId" : ObjectId("5accb159068489190838f928"), 
    "dateOfEntry" : ISODate("2018-04-10T00:00:00.000+0000"), 
    "userId" : ObjectId("5a93ef7c6c4b95a916def3d2"), 
    "comments" : "created new project", 
    "createdAt" : ISODate("2018-04-10T12:43:05.909+0000"), 
    "updatedAt" : ISODate("2018-04-10T12:43:05.909+0000")
}
{ 
    "_id" : ObjectId("5accb171068489190838f92c"), 
    "projectId" : ObjectId("5accb159068489190838f928"), 
    "dateOfEntry" : ISODate("2018-04-10T00:00:00.000+0000"), 
    "userId" : ObjectId("5a93ef7c6c4b95a916def3d2"), 
    "comments" : "new task Sample Task is add to the Project", 
    "taskId" : ObjectId("5accb171068489190838f92a"), 
    "createdAt" : ISODate("2018-04-10T12:43:29.810+0000"), 
    "updatedAt" : ISODate("2018-04-10T12:43:29.810+0000")
}
{ 
    "_id" : ObjectId("5accb18d068489190838f92e"), 
    "projectId" : ObjectId("5accb159068489190838f928"), 
    "dateOfEntry" : ISODate("2018-04-10T00:00:00.000+0000"), 
    "userId" : ObjectId("5a93ef7c6c4b95a916def3d2"), 
    "comments" : "added Tasneem to this project", 
    "createdAt" : ISODate("2018-04-10T12:43:57.468+0000"), 
    "updatedAt" : ISODate("2018-04-10T12:43:57.468+0000")
}
{ 
    "_id" : ObjectId("5accb18d068489190838f930"), 
    "projectId" : ObjectId("5accb159068489190838f928"), 
    "dateOfEntry" : ISODate("2018-04-10T00:00:00.000+0000"), 
    "userId" : ObjectId("5a93ef7c6c4b95a916def3d2"), 
    "comments" : "added Ramesh to this project", 
    "createdAt" : ISODate("2018-04-10T12:43:57.496+0000"), 
    "updatedAt" : ISODate("2018-04-10T12:43:57.496+0000")
}
{ 
    "_id" : ObjectId("5accb19d068489190838f932"), 
    "projectId" : ObjectId("5accb159068489190838f928"), 
    "dateOfEntry" : ISODate("2018-04-10T00:00:00.000+0000"), 
    "userId" : ObjectId("5a93ef7c6c4b95a916def3d2"), 
    "comments" : " task: Sample Task is updated with value name:Sample Task", 
    "taskId" : ObjectId("5accb171068489190838f92a"), 
    "createdAt" : ISODate("2018-04-10T12:44:13.023+0000"), 
    "updatedAt" : ISODate("2018-04-10T12:44:13.023+0000")
}
{ 
    "_id" : ObjectId("5acefa0baa05320838304fdb"), 
    "projectId" : ObjectId("5acefa0baa05320838304fda"), 
    "dateOfEntry" : ISODate("2018-04-12T00:00:00.000+0000"), 
    "userId" : ObjectId("5acef7c5aa05320838304fd9"), 
    "comments" : "created new project", 
    "createdAt" : ISODate("2018-04-12T06:17:47.285+0000"), 
    "updatedAt" : ISODate("2018-04-12T06:17:47.285+0000")
}
{ 
    "_id" : ObjectId("5acefa30aa05320838304fdd"), 
    "projectId" : ObjectId("5acefa30aa05320838304fdc"), 
    "dateOfEntry" : ISODate("2018-04-12T00:00:00.000+0000"), 
    "userId" : ObjectId("5acef7c5aa05320838304fd9"), 
    "comments" : "created new project", 
    "createdAt" : ISODate("2018-04-12T06:18:24.918+0000"), 
    "updatedAt" : ISODate("2018-04-12T06:18:24.918+0000")
}
{ 
    "_id" : ObjectId("5acefa4eaa05320838304fdf"), 
    "projectId" : ObjectId("5acefa4eaa05320838304fde"), 
    "dateOfEntry" : ISODate("2018-04-12T00:00:00.000+0000"), 
    "userId" : ObjectId("5acef7c5aa05320838304fd9"), 
    "comments" : "created new project", 
    "createdAt" : ISODate("2018-04-12T06:18:54.902+0000"), 
    "updatedAt" : ISODate("2018-04-12T06:18:54.902+0000")
}
{ 
    "_id" : ObjectId("5acefa7daa05320838304fe1"), 
    "projectId" : ObjectId("5acefa7daa05320838304fe0"), 
    "dateOfEntry" : ISODate("2018-04-12T00:00:00.000+0000"), 
    "userId" : ObjectId("5acef7c5aa05320838304fd9"), 
    "comments" : "created new project", 
    "createdAt" : ISODate("2018-04-12T06:19:41.320+0000"), 
    "updatedAt" : ISODate("2018-04-12T06:19:41.320+0000")
}
{ 
    "_id" : ObjectId("5acefb40aa05320838304fe4"), 
    "projectId" : ObjectId("5acefa0baa05320838304fda"), 
    "dateOfEntry" : ISODate("2018-04-12T00:00:00.000+0000"), 
    "userId" : ObjectId("5acef7c5aa05320838304fd9"), 
    "comments" : "new task CRM Task1 is add to the Project", 
    "taskId" : ObjectId("5acefb40aa05320838304fe2"), 
    "createdAt" : ISODate("2018-04-12T06:22:56.093+0000"), 
    "updatedAt" : ISODate("2018-04-12T06:22:56.093+0000")
}
{ 
    "_id" : ObjectId("5acefb70aa05320838304fe7"), 
    "projectId" : ObjectId("5acefa0baa05320838304fda"), 
    "dateOfEntry" : ISODate("2018-04-12T00:00:00.000+0000"), 
    "userId" : ObjectId("5acef7c5aa05320838304fd9"), 
    "comments" : "new task CRFM Task2 is add to the Project", 
    "taskId" : ObjectId("5acefb70aa05320838304fe5"), 
    "createdAt" : ISODate("2018-04-12T06:23:44.136+0000"), 
    "updatedAt" : ISODate("2018-04-12T06:23:44.136+0000")
}
{ 
    "_id" : ObjectId("5acefb8aaa05320838304fea"), 
    "projectId" : ObjectId("5acefa30aa05320838304fdc"), 
    "dateOfEntry" : ISODate("2018-04-12T00:00:00.000+0000"), 
    "userId" : ObjectId("5acef7c5aa05320838304fd9"), 
    "comments" : "new task RRS Task1 is add to the Project", 
    "taskId" : ObjectId("5acefb8aaa05320838304fe8"), 
    "createdAt" : ISODate("2018-04-12T06:24:10.303+0000"), 
    "updatedAt" : ISODate("2018-04-12T06:24:10.303+0000")
}
{ 
    "_id" : ObjectId("5acefb96aa05320838304fed"), 
    "projectId" : ObjectId("5acefa30aa05320838304fdc"), 
    "dateOfEntry" : ISODate("2018-04-12T00:00:00.000+0000"), 
    "userId" : ObjectId("5acef7c5aa05320838304fd9"), 
    "comments" : "new task RRS Task2 is add to the Project", 
    "taskId" : ObjectId("5acefb96aa05320838304feb"), 
    "createdAt" : ISODate("2018-04-12T06:24:22.680+0000"), 
    "updatedAt" : ISODate("2018-04-12T06:24:22.680+0000")
}
{ 
    "_id" : ObjectId("5acefbc0aa05320838304ff0"), 
    "projectId" : ObjectId("5acefa4eaa05320838304fde"), 
    "dateOfEntry" : ISODate("2018-04-12T00:00:00.000+0000"), 
    "userId" : ObjectId("5acef7c5aa05320838304fd9"), 
    "comments" : "new task Priceshoes Task1 is add to the Project", 
    "taskId" : ObjectId("5acefbc0aa05320838304fee"), 
    "createdAt" : ISODate("2018-04-12T06:25:04.815+0000"), 
    "updatedAt" : ISODate("2018-04-12T06:25:04.815+0000")
}
{ 
    "_id" : ObjectId("5acefbd2aa05320838304ff3"), 
    "projectId" : ObjectId("5acefa4eaa05320838304fde"), 
    "dateOfEntry" : ISODate("2018-04-12T00:00:00.000+0000"), 
    "userId" : ObjectId("5acef7c5aa05320838304fd9"), 
    "comments" : "new task Priceshoes Task2 is add to the Project", 
    "taskId" : ObjectId("5acefbd2aa05320838304ff1"), 
    "createdAt" : ISODate("2018-04-12T06:25:22.874+0000"), 
    "updatedAt" : ISODate("2018-04-12T06:25:22.874+0000")
}
{ 
    "_id" : ObjectId("5acefbf3aa05320838304ff6"), 
    "projectId" : ObjectId("5acefa7daa05320838304fe0"), 
    "dateOfEntry" : ISODate("2018-04-12T00:00:00.000+0000"), 
    "userId" : ObjectId("5acef7c5aa05320838304fd9"), 
    "comments" : "new task TimesheetApp Task1 is add to the Project", 
    "taskId" : ObjectId("5acefbf3aa05320838304ff4"), 
    "createdAt" : ISODate("2018-04-12T06:25:55.782+0000"), 
    "updatedAt" : ISODate("2018-04-12T06:25:55.782+0000")
}
{ 
    "_id" : ObjectId("5acefbfbaa05320838304ff9"), 
    "projectId" : ObjectId("5acefa7daa05320838304fe0"), 
    "dateOfEntry" : ISODate("2018-04-12T00:00:00.000+0000"), 
    "userId" : ObjectId("5acef7c5aa05320838304fd9"), 
    "comments" : "new task TimesheetApp Task2 is add to the Project", 
    "taskId" : ObjectId("5acefbfbaa05320838304ff7"), 
    "createdAt" : ISODate("2018-04-12T06:26:03.189+0000"), 
    "updatedAt" : ISODate("2018-04-12T06:26:03.189+0000")
}
{ 
    "_id" : ObjectId("5acefe59aa05320838304ffd"), 
    "projectId" : ObjectId("5acefa4eaa05320838304fde"), 
    "dateOfEntry" : ISODate("2018-04-12T00:00:00.000+0000"), 
    "userId" : ObjectId("5acef7c5aa05320838304fd9"), 
    "comments" : "added Yasmin to this project", 
    "createdAt" : ISODate("2018-04-12T06:36:09.953+0000"), 
    "updatedAt" : ISODate("2018-04-12T06:36:09.953+0000")
}
{ 
    "_id" : ObjectId("5acefe8caa05320838304fff"), 
    "projectId" : ObjectId("5acefa7daa05320838304fe0"), 
    "dateOfEntry" : ISODate("2018-04-12T00:00:00.000+0000"), 
    "userId" : ObjectId("5acef7c5aa05320838304fd9"), 
    "comments" : "added Yasmin to this project", 
    "createdAt" : ISODate("2018-04-12T06:37:00.121+0000"), 
    "updatedAt" : ISODate("2018-04-12T06:37:00.121+0000")
}
{ 
    "_id" : ObjectId("5acf02a9aa05320838305005"), 
    "projectId" : ObjectId("5acf02a9aa05320838305004"), 
    "dateOfEntry" : ISODate("2018-04-12T00:00:00.000+0000"), 
    "userId" : ObjectId("5a93ef7c6c4b95a916def3d2"), 
    "comments" : "created new project", 
    "createdAt" : ISODate("2018-04-12T06:54:33.873+0000"), 
    "updatedAt" : ISODate("2018-04-12T06:54:33.873+0000")
}
{ 
    "_id" : ObjectId("5acf02c4aa05320838305008"), 
    "projectId" : ObjectId("5acf02a9aa05320838305004"), 
    "dateOfEntry" : ISODate("2018-04-12T00:00:00.000+0000"), 
    "userId" : ObjectId("5a93ef7c6c4b95a916def3d2"), 
    "comments" : "new task Test Tasnee1 is add to the Project", 
    "taskId" : ObjectId("5acf02c4aa05320838305006"), 
    "createdAt" : ISODate("2018-04-12T06:55:00.499+0000"), 
    "updatedAt" : ISODate("2018-04-12T06:55:00.499+0000")
}
{ 
    "_id" : ObjectId("5acf03a6aa0532083830500b"), 
    "projectId" : ObjectId("5acf02a9aa05320838305004"), 
    "dateOfEntry" : ISODate("2018-04-12T00:00:00.000+0000"), 
    "userId" : ObjectId("5a93ef7c6c4b95a916def3d2"), 
    "comments" : "new task dfdsfd is add to the Project", 
    "taskId" : ObjectId("5acf03a6aa05320838305009"), 
    "createdAt" : ISODate("2018-04-12T06:58:46.899+0000"), 
    "updatedAt" : ISODate("2018-04-12T06:58:46.899+0000")
}
{ 
    "_id" : ObjectId("5acf047eaa0532083830500d"), 
    "projectId" : ObjectId("5acf02a9aa05320838305004"), 
    "dateOfEntry" : ISODate("2018-04-12T00:00:00.000+0000"), 
    "userId" : ObjectId("5a93ef7c6c4b95a916def3d2"), 
    "comments" : "added Tasneem to this project", 
    "createdAt" : ISODate("2018-04-12T07:02:22.221+0000"), 
    "updatedAt" : ISODate("2018-04-12T07:02:22.221+0000")
}
{ 
    "_id" : ObjectId("5acf047eaa0532083830500f"), 
    "projectId" : ObjectId("5acf02a9aa05320838305004"), 
    "dateOfEntry" : ISODate("2018-04-12T00:00:00.000+0000"), 
    "userId" : ObjectId("5a93ef7c6c4b95a916def3d2"), 
    "comments" : "added Ramesh to this project", 
    "createdAt" : ISODate("2018-04-12T07:02:22.260+0000"), 
    "updatedAt" : ISODate("2018-04-12T07:02:22.260+0000")
}
{ 
    "_id" : ObjectId("5acf04cfaa05320838305012"), 
    "projectId" : ObjectId("5acf02a9aa05320838305004"), 
    "dateOfEntry" : ISODate("2018-04-12T00:00:00.000+0000"), 
    "userId" : ObjectId("5a93ef7c6c4b95a916def3d2"), 
    "comments" : "new task tsdsd is add to the Project", 
    "taskId" : ObjectId("5acf04cfaa05320838305010"), 
    "createdAt" : ISODate("2018-04-12T07:03:43.788+0000"), 
    "updatedAt" : ISODate("2018-04-12T07:03:43.788+0000")
}
{ 
    "_id" : ObjectId("5acf04dfaa05320838305013"), 
    "projectId" : ObjectId("5acf02a9aa05320838305004"), 
    "dateOfEntry" : ISODate("2018-04-12T00:00:00.000+0000"), 
    "userId" : ObjectId("5a93ef7c6c4b95a916def3d2"), 
    "comments" : "removed a user from project", 
    "createdAt" : ISODate("2018-04-12T07:03:59.683+0000"), 
    "updatedAt" : ISODate("2018-04-12T07:03:59.683+0000")
}
{ 
    "_id" : ObjectId("5acf04e3aa05320838305014"), 
    "projectId" : ObjectId("5acf02a9aa05320838305004"), 
    "dateOfEntry" : ISODate("2018-04-12T00:00:00.000+0000"), 
    "userId" : ObjectId("5a93ef7c6c4b95a916def3d2"), 
    "comments" : "removed a user from project", 
    "createdAt" : ISODate("2018-04-12T07:04:03.572+0000"), 
    "updatedAt" : ISODate("2018-04-12T07:04:03.572+0000")
}
{ 
    "_id" : ObjectId("5acf04f0aa05320838305017"), 
    "projectId" : ObjectId("5acf02a9aa05320838305004"), 
    "dateOfEntry" : ISODate("2018-04-12T00:00:00.000+0000"), 
    "userId" : ObjectId("5a93ef7c6c4b95a916def3d2"), 
    "comments" : "new task tresdsd is add to the Project", 
    "taskId" : ObjectId("5acf04f0aa05320838305015"), 
    "createdAt" : ISODate("2018-04-12T07:04:16.922+0000"), 
    "updatedAt" : ISODate("2018-04-12T07:04:16.922+0000")
}
{ 
    "_id" : ObjectId("5acf0557aa05320838305019"), 
    "projectId" : ObjectId("5acf02a9aa05320838305004"), 
    "dateOfEntry" : ISODate("2018-04-12T00:00:00.000+0000"), 
    "userId" : ObjectId("5a93ef7c6c4b95a916def3d2"), 
    "comments" : "added Tasneem to this project", 
    "createdAt" : ISODate("2018-04-12T07:05:59.680+0000"), 
    "updatedAt" : ISODate("2018-04-12T07:05:59.680+0000")
}
{ 
    "_id" : ObjectId("5acf0557aa0532083830501b"), 
    "projectId" : ObjectId("5acf02a9aa05320838305004"), 
    "dateOfEntry" : ISODate("2018-04-12T00:00:00.000+0000"), 
    "userId" : ObjectId("5a93ef7c6c4b95a916def3d2"), 
    "comments" : "added Ramesh to this project", 
    "createdAt" : ISODate("2018-04-12T07:05:59.719+0000"), 
    "updatedAt" : ISODate("2018-04-12T07:05:59.719+0000")
}
{ 
    "_id" : ObjectId("5acf0565aa0532083830501e"), 
    "projectId" : ObjectId("5acf02a9aa05320838305004"), 
    "dateOfEntry" : ISODate("2018-04-12T00:00:00.000+0000"), 
    "userId" : ObjectId("5a93ef7c6c4b95a916def3d2"), 
    "comments" : "new task SIOYYTT is add to the Project", 
    "taskId" : ObjectId("5acf0565aa0532083830501c"), 
    "createdAt" : ISODate("2018-04-12T07:06:13.397+0000"), 
    "updatedAt" : ISODate("2018-04-12T07:06:13.397+0000")
}
{ 
    "_id" : ObjectId("5acf0574aa05320838305021"), 
    "projectId" : ObjectId("5acf02a9aa05320838305004"), 
    "dateOfEntry" : ISODate("2018-04-12T00:00:00.000+0000"), 
    "userId" : ObjectId("5a93ef7c6c4b95a916def3d2"), 
    "comments" : "new task SIOYYTT is add to the Project", 
    "taskId" : ObjectId("5acf0574aa0532083830501f"), 
    "createdAt" : ISODate("2018-04-12T07:06:28.956+0000"), 
    "updatedAt" : ISODate("2018-04-12T07:06:28.956+0000")
}
{ 
    "_id" : ObjectId("5acf4ed4aa0532083830502b"), 
    "projectId" : ObjectId("5acf4ed4aa0532083830502a"), 
    "dateOfEntry" : ISODate("2018-04-12T00:00:00.000+0000"), 
    "userId" : ObjectId("5acf4e57aa05320838305029"), 
    "comments" : "created new project", 
    "createdAt" : ISODate("2018-04-12T12:19:32.797+0000"), 
    "updatedAt" : ISODate("2018-04-12T12:19:32.797+0000")
}
{ 
    "_id" : ObjectId("5ad02e166901ac0720e7a36e"), 
    "projectId" : ObjectId("5a94de0d51503c890cf36420"), 
    "dateOfEntry" : ISODate("2018-04-13T00:00:00.000+0000"), 
    "userId" : ObjectId("5a93ef7c6c4b95a916def3d2"), 
    "comments" : "added Yasmin to this project", 
    "createdAt" : ISODate("2018-04-13T04:12:06.847+0000"), 
    "updatedAt" : ISODate("2018-04-13T04:12:06.847+0000")
}
{ 
    "_id" : ObjectId("5ad02e656901ac0720e7a371"), 
    "projectId" : ObjectId("5ac738f16b46661a701b7020"), 
    "dateOfEntry" : ISODate("2018-04-13T00:00:00.000+0000"), 
    "userId" : ObjectId("5a93ef7c6c4b95a916def3d2"), 
    "comments" : "new task zdfsadfds is add to the Project", 
    "taskId" : ObjectId("5ad02e656901ac0720e7a36f"), 
    "createdAt" : ISODate("2018-04-13T04:13:25.233+0000"), 
    "updatedAt" : ISODate("2018-04-13T04:13:25.233+0000")
}
{ 
    "_id" : ObjectId("5ad02e6f6901ac0720e7a373"), 
    "projectId" : ObjectId("5ac738f16b46661a701b7020"), 
    "dateOfEntry" : ISODate("2018-04-13T00:00:00.000+0000"), 
    "userId" : ObjectId("5a93ef7c6c4b95a916def3d2"), 
    "comments" : " task: zdfsadfds is updated with value name:zdfsadfds", 
    "taskId" : ObjectId("5ad02e656901ac0720e7a36f"), 
    "createdAt" : ISODate("2018-04-13T04:13:35.624+0000"), 
    "updatedAt" : ISODate("2018-04-13T04:13:35.624+0000")
}
{ 
    "_id" : ObjectId("5ad02e7e6901ac0720e7a379"), 
    "projectId" : ObjectId("5ac738f16b46661a701b7020"), 
    "dateOfEntry" : ISODate("2018-04-13T00:00:00.000+0000"), 
    "userId" : ObjectId("5a93ef7c6c4b95a916def3d2"), 
    "comments" : "user is removed from the task zdfsadfds", 
    "taskId" : ObjectId("5ad02e656901ac0720e7a36f"), 
    "createdAt" : ISODate("2018-04-13T04:13:50.104+0000"), 
    "updatedAt" : ISODate("2018-04-13T04:13:50.104+0000")
}
{ 
    "_id" : ObjectId("5ad09125bb7d262b8c89c6f7"), 
    "projectId" : ObjectId("5ac4b2714ba1b206b4dc2584"), 
    "dateOfEntry" : ISODate("2018-04-13T00:00:00.000+0000"), 
    "userId" : ObjectId("5a93ef7c6c4b95a916def3d2"), 
    "comments" : "added Rameshrajamani to this project", 
    "createdAt" : ISODate("2018-04-13T11:14:45.923+0000"), 
    "updatedAt" : ISODate("2018-04-13T11:14:45.923+0000")
}
{ 
    "_id" : ObjectId("5ad0916abb7d262b8c89c6fa"), 
    "projectId" : ObjectId("5ac4b2714ba1b206b4dc2584"), 
    "dateOfEntry" : ISODate("2018-04-13T00:00:00.000+0000"), 
    "userId" : ObjectId("5a93ef7c6c4b95a916def3d2"), 
    "comments" : "new task ssdfdsfd is add to the Project", 
    "taskId" : ObjectId("5ad0916abb7d262b8c89c6f8"), 
    "createdAt" : ISODate("2018-04-13T11:15:54.060+0000"), 
    "updatedAt" : ISODate("2018-04-13T11:15:54.060+0000")
}
{ 
    "_id" : ObjectId("5ad09176bb7d262b8c89c6fc"), 
    "projectId" : ObjectId("5ac4b2714ba1b206b4dc2584"), 
    "dateOfEntry" : ISODate("2018-04-13T00:00:00.000+0000"), 
    "userId" : ObjectId("5a93ef7c6c4b95a916def3d2"), 
    "comments" : " task: ssdfdsfd is updated with value name:ssdfdsfd", 
    "taskId" : ObjectId("5ad0916abb7d262b8c89c6f8"), 
    "createdAt" : ISODate("2018-04-13T11:16:06.736+0000"), 
    "updatedAt" : ISODate("2018-04-13T11:16:06.736+0000")
}
{ 
    "_id" : ObjectId("5ad09183bb7d262b8c89c700"), 
    "projectId" : ObjectId("5ac4b2714ba1b206b4dc2584"), 
    "dateOfEntry" : ISODate("2018-04-13T00:00:00.000+0000"), 
    "userId" : ObjectId("5a93ef7c6c4b95a916def3d2"), 
    "comments" : "user is removed from the task ssdfdsfd", 
    "taskId" : ObjectId("5ad0916abb7d262b8c89c6f8"), 
    "createdAt" : ISODate("2018-04-13T11:16:19.252+0000"), 
    "updatedAt" : ISODate("2018-04-13T11:16:19.252+0000")
}
