{ 
    "_id" : ObjectId("5a94e0a751503c890cf36423"), 
    "taskId" : ObjectId("5a94e0a751503c890cf36422"), 
    "date" : ISODate("2018-02-27T00:00:00.000+0000"), 
    "userId" : ObjectId("5a93ef7c6c4b95a916def3d2"), 
    "comments" : "new task created", 
    "createdAt" : ISODate("2018-02-27T04:37:59.512+0000"), 
    "updatedAt" : ISODate("2018-02-27T04:37:59.512+0000")
}
{ 
    "_id" : ObjectId("5a964c9553f6f8c267446a9f"), 
    "taskId" : ObjectId("5a964c9553f6f8c267446a9e"), 
    "date" : ISODate("2018-02-28T00:00:00.000+0000"), 
    "userId" : ObjectId("5a93ef7c6c4b95a916def3d2"), 
    "comments" : "new task created", 
    "createdAt" : ISODate("2018-02-28T06:30:45.020+0000"), 
    "updatedAt" : ISODate("2018-02-28T06:30:45.020+0000")
}
{ 
    "_id" : ObjectId("5a967bb453f6f8c267446aac"), 
    "taskId" : ObjectId("5a967bb453f6f8c267446aab"), 
    "date" : ISODate("2018-02-28T00:00:00.000+0000"), 
    "userId" : ObjectId("5a93ef7c6c4b95a916def3d2"), 
    "comments" : "new task created", 
    "createdAt" : ISODate("2018-02-28T09:51:48.452+0000"), 
    "updatedAt" : ISODate("2018-02-28T09:51:48.452+0000")
}
{ 
    "_id" : ObjectId("5a97c1d009abd7e0459dfd27"), 
    "taskId" : ObjectId("5a97c1d009abd7e0459dfd26"), 
    "date" : ISODate("2018-03-01T00:00:00.000+0000"), 
    "userId" : ObjectId("5a93ef7c6c4b95a916def3d2"), 
    "comments" : "new task created", 
    "createdAt" : ISODate("2018-03-01T09:03:12.445+0000"), 
    "updatedAt" : ISODate("2018-03-01T09:03:12.445+0000")
}
{ 
    "_id" : ObjectId("5a97ce7f09abd7e0459dfd34"), 
    "taskId" : ObjectId("5a97ce7f09abd7e0459dfd33"), 
    "date" : ISODate("2018-03-01T00:00:00.000+0000"), 
    "userId" : ObjectId("5a93ef7c6c4b95a916def3d2"), 
    "comments" : "new task created", 
    "createdAt" : ISODate("2018-03-01T09:57:19.856+0000"), 
    "updatedAt" : ISODate("2018-03-01T09:57:19.856+0000")
}
{ 
    "_id" : ObjectId("5a97e20709abd7e0459dfd41"), 
    "taskId" : ObjectId("5a97e20709abd7e0459dfd40"), 
    "date" : ISODate("2018-03-01T00:00:00.000+0000"), 
    "userId" : ObjectId("5a93ef7c6c4b95a916def3d2"), 
    "comments" : "new task created", 
    "createdAt" : ISODate("2018-03-01T11:20:39.160+0000"), 
    "updatedAt" : ISODate("2018-03-01T11:20:39.160+0000")
}
{ 
    "_id" : ObjectId("5a97ed6d09abd7e0459dfd44"), 
    "taskId" : ObjectId("5a97ed6d09abd7e0459dfd43"), 
    "date" : ISODate("2018-03-01T00:00:00.000+0000"), 
    "userId" : ObjectId("5a93ef7c6c4b95a916def3d2"), 
    "comments" : "new task created", 
    "createdAt" : ISODate("2018-03-01T12:09:17.605+0000"), 
    "updatedAt" : ISODate("2018-03-01T12:09:17.605+0000")
}
{ 
    "_id" : ObjectId("5a97efa7dbcd014a19105dd1"), 
    "taskId" : ObjectId("5a97efa7dbcd014a19105dd0"), 
    "date" : ISODate("2018-03-01T00:00:00.000+0000"), 
    "userId" : ObjectId("5a93ef7c6c4b95a916def3d2"), 
    "comments" : "new task created", 
    "createdAt" : ISODate("2018-03-01T12:18:47.962+0000"), 
    "updatedAt" : ISODate("2018-03-01T12:18:47.962+0000")
}
{ 
    "_id" : ObjectId("5a97eff2dbcd014a19105dd4"), 
    "taskId" : ObjectId("5a97eff2dbcd014a19105dd3"), 
    "date" : ISODate("2018-03-01T00:00:00.000+0000"), 
    "userId" : ObjectId("5a93ef7c6c4b95a916def3d2"), 
    "comments" : "new task created", 
    "createdAt" : ISODate("2018-03-01T12:20:02.531+0000"), 
    "updatedAt" : ISODate("2018-03-01T12:20:02.531+0000")
}
{ 
    "_id" : ObjectId("5a97f47fdbcd014a19105dd7"), 
    "taskId" : ObjectId("5a97f47fdbcd014a19105dd6"), 
    "date" : ISODate("2018-03-01T00:00:00.000+0000"), 
    "userId" : ObjectId("5a93ef7c6c4b95a916def3d2"), 
    "comments" : "new task created", 
    "createdAt" : ISODate("2018-03-01T12:39:27.924+0000"), 
    "updatedAt" : ISODate("2018-03-01T12:39:27.924+0000")
}
{ 
    "_id" : ObjectId("5a98eabadbcd014a19105ddc"), 
    "taskId" : ObjectId("5a98eabadbcd014a19105ddb"), 
    "date" : ISODate("2018-03-02T00:00:00.000+0000"), 
    "userId" : ObjectId("5a93ef7c6c4b95a916def3d2"), 
    "comments" : "new task created", 
    "createdAt" : ISODate("2018-03-02T06:10:02.448+0000"), 
    "updatedAt" : ISODate("2018-03-02T06:10:02.448+0000")
}
{ 
    "_id" : ObjectId("5a9d0fccdbcd014a19105de1"), 
    "taskId" : ObjectId("5a9d0fccdbcd014a19105de0"), 
    "date" : ISODate("2018-03-05T00:00:00.000+0000"), 
    "userId" : ObjectId("5a93ef7c6c4b95a916def3d2"), 
    "comments" : "new task created", 
    "createdAt" : ISODate("2018-03-05T09:37:16.931+0000"), 
    "updatedAt" : ISODate("2018-03-05T09:37:16.931+0000")
}
{ 
    "_id" : ObjectId("5a9e4bca2a7c28e67a4d581b"), 
    "taskId" : ObjectId("5a9e4bca2a7c28e67a4d581a"), 
    "date" : ISODate("2018-03-06T00:00:00.000+0000"), 
    "userId" : ObjectId("5a93ef7c6c4b95a916def3d2"), 
    "comments" : "new task created", 
    "createdAt" : ISODate("2018-03-06T08:05:30.690+0000"), 
    "updatedAt" : ISODate("2018-03-06T08:05:30.690+0000")
}
{ 
    "_id" : ObjectId("5a9e60872a7c28e67a4d581e"), 
    "taskId" : ObjectId("5a9e60872a7c28e67a4d581d"), 
    "date" : ISODate("2018-03-06T00:00:00.000+0000"), 
    "userId" : ObjectId("5a93ef7c6c4b95a916def3d2"), 
    "comments" : "new task created", 
    "createdAt" : ISODate("2018-03-06T09:33:59.129+0000"), 
    "updatedAt" : ISODate("2018-03-06T09:33:59.129+0000")
}
{ 
    "_id" : ObjectId("5a9fd46aa4baa605e484d9e9"), 
    "taskId" : ObjectId("5a94e0a751503c890cf36422"), 
    "date" : ISODate("2018-03-07T00:00:00.000+0000"), 
    "userId" : ObjectId("5a93ef7c6c4b95a916def3d2"), 
    "comments" : "task is assigend to the associate with id 5a94e57f51503c890cf36426", 
    "createdAt" : ISODate("2018-03-07T12:00:42.414+0000"), 
    "updatedAt" : ISODate("2018-03-07T12:00:42.414+0000")
}
{ 
    "_id" : ObjectId("5a9fe1fb43f2940618a78b9f"), 
    "taskId" : ObjectId("5a94e0a751503c890cf36422"), 
    "date" : ISODate("2018-03-07T00:00:00.000+0000"), 
    "userId" : ObjectId("5a93ef7c6c4b95a916def3d2"), 
    "comments" : "task is assigend to the associate with id 5a952facb7b2bfbb650f7493", 
    "createdAt" : ISODate("2018-03-07T12:58:35.963+0000"), 
    "updatedAt" : ISODate("2018-03-07T12:58:35.963+0000")
}
{ 
    "_id" : ObjectId("5a9fe23943f2940618a78ba1"), 
    "taskId" : ObjectId("5a94e0a751503c890cf36422"), 
    "date" : ISODate("2018-03-07T00:00:00.000+0000"), 
    "userId" : ObjectId("5a93ef7c6c4b95a916def3d2"), 
    "comments" : "task is assigend to the associate with id 5a9564c553f6f8c267446a9c", 
    "createdAt" : ISODate("2018-03-07T12:59:37.016+0000"), 
    "updatedAt" : ISODate("2018-03-07T12:59:37.016+0000")
}
{ 
    "_id" : ObjectId("5aa75447123c49259e705b3e"), 
    "taskId" : ObjectId("5aa75447123c49259e705b3d"), 
    "date" : ISODate("2018-03-13T00:00:00.000+0000"), 
    "userId" : ObjectId("5a93ef7c6c4b95a916def3d2"), 
    "comments" : "new task created", 
    "createdAt" : ISODate("2018-03-13T04:32:07.081+0000"), 
    "updatedAt" : ISODate("2018-03-13T04:32:07.081+0000")
}
{ 
    "_id" : ObjectId("5aa7555d123c49259e705b41"), 
    "taskId" : ObjectId("5aa7555d123c49259e705b40"), 
    "date" : ISODate("2018-03-13T00:00:00.000+0000"), 
    "userId" : ObjectId("5a93ef7c6c4b95a916def3d2"), 
    "comments" : "new task created", 
    "createdAt" : ISODate("2018-03-13T04:36:45.141+0000"), 
    "updatedAt" : ISODate("2018-03-13T04:36:45.141+0000")
}
{ 
    "_id" : ObjectId("5aa75569123c49259e705b44"), 
    "taskId" : ObjectId("5aa75569123c49259e705b43"), 
    "date" : ISODate("2018-03-13T00:00:00.000+0000"), 
    "userId" : ObjectId("5a93ef7c6c4b95a916def3d2"), 
    "comments" : "new task created", 
    "createdAt" : ISODate("2018-03-13T04:36:57.383+0000"), 
    "updatedAt" : ISODate("2018-03-13T04:36:57.383+0000")
}
{ 
    "_id" : ObjectId("5aa75610123c49259e705b47"), 
    "taskId" : ObjectId("5aa75610123c49259e705b46"), 
    "date" : ISODate("2018-03-13T00:00:00.000+0000"), 
    "userId" : ObjectId("5a93ef7c6c4b95a916def3d2"), 
    "comments" : "new task created", 
    "createdAt" : ISODate("2018-03-13T04:39:44.625+0000"), 
    "updatedAt" : ISODate("2018-03-13T04:39:44.625+0000")
}
{ 
    "_id" : ObjectId("5aa7563c123c49259e705b4a"), 
    "taskId" : ObjectId("5aa7563c123c49259e705b49"), 
    "date" : ISODate("2018-03-13T00:00:00.000+0000"), 
    "userId" : ObjectId("5a93ef7c6c4b95a916def3d2"), 
    "comments" : "new task created", 
    "createdAt" : ISODate("2018-03-13T04:40:28.777+0000"), 
    "updatedAt" : ISODate("2018-03-13T04:40:28.777+0000")
}
{ 
    "_id" : ObjectId("5aa7565d123c49259e705b4d"), 
    "taskId" : ObjectId("5aa7565d123c49259e705b4c"), 
    "date" : ISODate("2018-03-13T00:00:00.000+0000"), 
    "userId" : ObjectId("5a93ef7c6c4b95a916def3d2"), 
    "comments" : "new task created", 
    "createdAt" : ISODate("2018-03-13T04:41:01.943+0000"), 
    "updatedAt" : ISODate("2018-03-13T04:41:01.943+0000")
}
{ 
    "_id" : ObjectId("5aa7566b123c49259e705b50"), 
    "taskId" : ObjectId("5aa7566b123c49259e705b4f"), 
    "date" : ISODate("2018-03-13T00:00:00.000+0000"), 
    "userId" : ObjectId("5a93ef7c6c4b95a916def3d2"), 
    "comments" : "new task created", 
    "createdAt" : ISODate("2018-03-13T04:41:15.523+0000"), 
    "updatedAt" : ISODate("2018-03-13T04:41:15.523+0000")
}
{ 
    "_id" : ObjectId("5aa75691123c49259e705b53"), 
    "taskId" : ObjectId("5aa75691123c49259e705b52"), 
    "date" : ISODate("2018-03-13T00:00:00.000+0000"), 
    "userId" : ObjectId("5a93ef7c6c4b95a916def3d2"), 
    "comments" : "new task created", 
    "createdAt" : ISODate("2018-03-13T04:41:53.779+0000"), 
    "updatedAt" : ISODate("2018-03-13T04:41:53.779+0000")
}
{ 
    "_id" : ObjectId("5aa756af123c49259e705b56"), 
    "taskId" : ObjectId("5aa756af123c49259e705b55"), 
    "date" : ISODate("2018-03-13T00:00:00.000+0000"), 
    "userId" : ObjectId("5a93ef7c6c4b95a916def3d2"), 
    "comments" : "new task created", 
    "createdAt" : ISODate("2018-03-13T04:42:23.615+0000"), 
    "updatedAt" : ISODate("2018-03-13T04:42:23.615+0000")
}
{ 
    "_id" : ObjectId("5aa756bc123c49259e705b59"), 
    "taskId" : ObjectId("5aa756bc123c49259e705b58"), 
    "date" : ISODate("2018-03-13T00:00:00.000+0000"), 
    "userId" : ObjectId("5a93ef7c6c4b95a916def3d2"), 
    "comments" : "new task created", 
    "createdAt" : ISODate("2018-03-13T04:42:36.739+0000"), 
    "updatedAt" : ISODate("2018-03-13T04:42:36.739+0000")
}
{ 
    "_id" : ObjectId("5aa756cd123c49259e705b5c"), 
    "taskId" : ObjectId("5aa756cd123c49259e705b5b"), 
    "date" : ISODate("2018-03-13T00:00:00.000+0000"), 
    "userId" : ObjectId("5a93ef7c6c4b95a916def3d2"), 
    "comments" : "new task created", 
    "createdAt" : ISODate("2018-03-13T04:42:53.453+0000"), 
    "updatedAt" : ISODate("2018-03-13T04:42:53.453+0000")
}
{ 
    "_id" : ObjectId("5aa756cd123c49259e705b5f"), 
    "taskId" : ObjectId("5aa756cd123c49259e705b5b"), 
    "date" : ISODate("2018-03-13T00:00:00.000+0000"), 
    "userId" : ObjectId("5a93ef7c6c4b95a916def3d2"), 
    "comments" : "task is assigend to the associate with id 5a9564c553f6f8c267446a9c", 
    "createdAt" : ISODate("2018-03-13T04:42:53.855+0000"), 
    "updatedAt" : ISODate("2018-03-13T04:42:53.855+0000")
}
{ 
    "_id" : ObjectId("5aa756f2123c49259e705b61"), 
    "taskId" : ObjectId("5aa756f2123c49259e705b60"), 
    "date" : ISODate("2018-03-13T00:00:00.000+0000"), 
    "userId" : ObjectId("5a93ef7c6c4b95a916def3d2"), 
    "comments" : "new task created", 
    "createdAt" : ISODate("2018-03-13T04:43:30.262+0000"), 
    "updatedAt" : ISODate("2018-03-13T04:43:30.262+0000")
}
{ 
    "_id" : ObjectId("5aa756f2123c49259e705b64"), 
    "taskId" : ObjectId("5aa756f2123c49259e705b60"), 
    "date" : ISODate("2018-03-13T00:00:00.000+0000"), 
    "userId" : ObjectId("5a93ef7c6c4b95a916def3d2"), 
    "comments" : "task is assigend to the associate with id 5a9564c553f6f8c267446a9c", 
    "createdAt" : ISODate("2018-03-13T04:43:30.600+0000"), 
    "updatedAt" : ISODate("2018-03-13T04:43:30.600+0000")
}
{ 
    "_id" : ObjectId("5aa7579d123c49259e705b66"), 
    "taskId" : ObjectId("5aa7579d123c49259e705b65"), 
    "date" : ISODate("2018-03-13T00:00:00.000+0000"), 
    "userId" : ObjectId("5a93ef7c6c4b95a916def3d2"), 
    "comments" : "new task created", 
    "createdAt" : ISODate("2018-03-13T04:46:21.251+0000"), 
    "updatedAt" : ISODate("2018-03-13T04:46:21.251+0000")
}
{ 
    "_id" : ObjectId("5aa757ac123c49259e705b69"), 
    "taskId" : ObjectId("5aa7579d123c49259e705b65"), 
    "date" : ISODate("2018-03-13T00:00:00.000+0000"), 
    "userId" : ObjectId("5a93ef7c6c4b95a916def3d2"), 
    "comments" : "task is assigend to the associate with id 5a9564c553f6f8c267446a9c", 
    "createdAt" : ISODate("2018-03-13T04:46:36.025+0000"), 
    "updatedAt" : ISODate("2018-03-13T04:46:36.025+0000")
}
{ 
    "_id" : ObjectId("5aa75aee123c49259e705b6f"), 
    "taskId" : ObjectId("5aa75aee123c49259e705b6e"), 
    "date" : ISODate("2018-03-13T00:00:00.000+0000"), 
    "userId" : ObjectId("5a93ef7c6c4b95a916def3d2"), 
    "comments" : "new task created", 
    "createdAt" : ISODate("2018-03-13T05:00:30.839+0000"), 
    "updatedAt" : ISODate("2018-03-13T05:00:30.839+0000")
}
{ 
    "_id" : ObjectId("5aa767a6a647eb4278cef4b6"), 
    "taskId" : ObjectId("5aa767a6a647eb4278cef4b5"), 
    "date" : ISODate("2018-03-13T00:00:00.000+0000"), 
    "userId" : ObjectId("5a93ef7c6c4b95a916def3d2"), 
    "comments" : "new task created", 
    "createdAt" : ISODate("2018-03-13T05:54:46.742+0000"), 
    "updatedAt" : ISODate("2018-03-13T05:54:46.742+0000")
}
{ 
    "_id" : ObjectId("5aa767a7a647eb4278cef4b9"), 
    "taskId" : ObjectId("5aa767a6a647eb4278cef4b5"), 
    "date" : ISODate("2018-03-13T00:00:00.000+0000"), 
    "userId" : ObjectId("5a93ef7c6c4b95a916def3d2"), 
    "comments" : "task is assigend to the associate with id 5a97aa0f09abd7e0459dfd25", 
    "createdAt" : ISODate("2018-03-13T05:54:47.006+0000"), 
    "updatedAt" : ISODate("2018-03-13T05:54:47.006+0000")
}
{ 
    "_id" : ObjectId("5aa767eea647eb4278cef4bb"), 
    "taskId" : ObjectId("5aa767eea647eb4278cef4ba"), 
    "date" : ISODate("2018-03-13T00:00:00.000+0000"), 
    "userId" : ObjectId("5a93ef7c6c4b95a916def3d2"), 
    "comments" : "new task created", 
    "createdAt" : ISODate("2018-03-13T05:55:58.704+0000"), 
    "updatedAt" : ISODate("2018-03-13T05:55:58.704+0000")
}
{ 
    "_id" : ObjectId("5aa767eea647eb4278cef4be"), 
    "taskId" : ObjectId("5aa767eea647eb4278cef4ba"), 
    "date" : ISODate("2018-03-13T00:00:00.000+0000"), 
    "userId" : ObjectId("5a93ef7c6c4b95a916def3d2"), 
    "comments" : "task is assigend to the associate with id 5a97aa0f09abd7e0459dfd25", 
    "createdAt" : ISODate("2018-03-13T05:55:58.963+0000"), 
    "updatedAt" : ISODate("2018-03-13T05:55:58.963+0000")
}
{ 
    "_id" : ObjectId("5ab0e5d228e155272c55e84e"), 
    "taskId" : ObjectId("5ab0e5d228e155272c55e84d"), 
    "date" : ISODate("2018-03-20T00:00:00.000+0000"), 
    "userId" : ObjectId("5a93ef7c6c4b95a916def3d2"), 
    "comments" : "new task created", 
    "createdAt" : ISODate("2018-03-20T10:43:30.064+0000"), 
    "updatedAt" : ISODate("2018-03-20T10:43:30.064+0000")
}
{ 
    "_id" : ObjectId("5ab0e5d228e155272c55e851"), 
    "taskId" : ObjectId("5ab0e5d228e155272c55e84d"), 
    "date" : ISODate("2018-03-20T00:00:00.000+0000"), 
    "userId" : ObjectId("5a93ef7c6c4b95a916def3d2"), 
    "comments" : "task is assigend to the associate with id 5a94e57f51503c890cf36426", 
    "createdAt" : ISODate("2018-03-20T10:43:30.121+0000"), 
    "updatedAt" : ISODate("2018-03-20T10:43:30.121+0000")
}
{ 
    "_id" : ObjectId("5ab37401a7ef54024cbc19b2"), 
    "taskId" : ObjectId("5ab37400a7ef54024cbc19b1"), 
    "date" : ISODate("2018-03-22T00:00:00.000+0000"), 
    "userId" : ObjectId("5a93ef7c6c4b95a916def3d2"), 
    "comments" : "new task created", 
    "createdAt" : ISODate("2018-03-22T09:14:41.000+0000"), 
    "updatedAt" : ISODate("2018-03-22T09:14:41.000+0000")
}
{ 
    "_id" : ObjectId("5ab37401a7ef54024cbc19b5"), 
    "taskId" : ObjectId("5ab37400a7ef54024cbc19b1"), 
    "date" : ISODate("2018-03-22T00:00:00.000+0000"), 
    "userId" : ObjectId("5a93ef7c6c4b95a916def3d2"), 
    "comments" : "task is assigend to the associate with id 5a94e57f51503c890cf36426", 
    "createdAt" : ISODate("2018-03-22T09:14:41.116+0000"), 
    "updatedAt" : ISODate("2018-03-22T09:14:41.116+0000")
}
{ 
    "_id" : ObjectId("5abcab68656266149c410bdc"), 
    "taskId" : ObjectId("5abcab68656266149c410bdb"), 
    "date" : ISODate("2018-03-29T00:00:00.000+0000"), 
    "userId" : ObjectId("5a93ef7c6c4b95a916def3d2"), 
    "comments" : "new task created", 
    "createdAt" : ISODate("2018-03-29T09:01:28.151+0000"), 
    "updatedAt" : ISODate("2018-03-29T09:01:28.151+0000")
}
{ 
    "_id" : ObjectId("5abcab68656266149c410bdf"), 
    "taskId" : ObjectId("5abcab68656266149c410bdb"), 
    "date" : ISODate("2018-03-29T00:00:00.000+0000"), 
    "userId" : ObjectId("5a93ef7c6c4b95a916def3d2"), 
    "comments" : "task is assigend to the associate with id 5a94e57f51503c890cf36426", 
    "createdAt" : ISODate("2018-03-29T09:01:28.274+0000"), 
    "updatedAt" : ISODate("2018-03-29T09:01:28.274+0000")
}
{ 
    "_id" : ObjectId("5abcdf64cbc4da1b58229ed5"), 
    "taskId" : ObjectId("5abcdf64cbc4da1b58229ed4"), 
    "date" : ISODate("2018-03-29T00:00:00.000+0000"), 
    "userId" : ObjectId("5a93ef7c6c4b95a916def3d2"), 
    "comments" : "new task created", 
    "createdAt" : ISODate("2018-03-29T12:43:16.508+0000"), 
    "updatedAt" : ISODate("2018-03-29T12:43:16.508+0000")
}
{ 
    "_id" : ObjectId("5abcdf64cbc4da1b58229ed8"), 
    "taskId" : ObjectId("5abcdf64cbc4da1b58229ed4"), 
    "date" : ISODate("2018-03-29T00:00:00.000+0000"), 
    "userId" : ObjectId("5a93ef7c6c4b95a916def3d2"), 
    "comments" : "task is assigend to the associate with id 5a94e57f51503c890cf36426", 
    "createdAt" : ISODate("2018-03-29T12:43:16.545+0000"), 
    "updatedAt" : ISODate("2018-03-29T12:43:16.545+0000")
}
{ 
    "_id" : ObjectId("5ac31de999e6981cb86fcc9c"), 
    "taskId" : ObjectId("5a94e0a751503c890cf36422"), 
    "date" : ISODate("2018-04-03T00:00:00.000+0000"), 
    "userId" : ObjectId("5a93ef7c6c4b95a916def3d2"), 
    "comments" : "task is updated with data name:Test 1 state:1", 
    "createdAt" : ISODate("2018-04-03T06:23:37.886+0000"), 
    "updatedAt" : ISODate("2018-04-03T06:23:37.886+0000")
}
{ 
    "_id" : ObjectId("5ac31df199e6981cb86fcc9e"), 
    "taskId" : ObjectId("5a94e0a751503c890cf36422"), 
    "date" : ISODate("2018-04-03T00:00:00.000+0000"), 
    "userId" : ObjectId("5a93ef7c6c4b95a916def3d2"), 
    "comments" : "task is updated with data name:Test 1 state:2", 
    "createdAt" : ISODate("2018-04-03T06:23:45.282+0000"), 
    "updatedAt" : ISODate("2018-04-03T06:23:45.282+0000")
}
{ 
    "_id" : ObjectId("5ac32e4199e6981cb86fcca4"), 
    "taskId" : ObjectId("5a94e0a751503c890cf36422"), 
    "date" : ISODate("2018-04-03T00:00:00.000+0000"), 
    "userId" : ObjectId("5a93ef7c6c4b95a916def3d2"), 
    "comments" : "task is updated with data name:Test New Name state:2", 
    "createdAt" : ISODate("2018-04-03T07:33:21.433+0000"), 
    "updatedAt" : ISODate("2018-04-03T07:33:21.433+0000")
}
{ 
    "_id" : ObjectId("5ac3497199e6981cb86fcca7"), 
    "taskId" : ObjectId("5a94e0a751503c890cf36422"), 
    "date" : ISODate("2018-04-03T00:00:00.000+0000"), 
    "userId" : ObjectId("5a93ef7c6c4b95a916def3d2"), 
    "comments" : "removed a user from task", 
    "createdAt" : ISODate("2018-04-03T09:29:21.396+0000"), 
    "updatedAt" : ISODate("2018-04-03T09:29:21.396+0000")
}
{ 
    "_id" : ObjectId("5ac34cc199e6981cb86fcca9"), 
    "taskId" : ObjectId("5a94e0a751503c890cf36422"), 
    "date" : ISODate("2018-04-03T00:00:00.000+0000"), 
    "userId" : ObjectId("5a93ef7c6c4b95a916def3d2"), 
    "comments" : "task is updated with data name:Test New Name state:2", 
    "createdAt" : ISODate("2018-04-03T09:43:29.017+0000"), 
    "updatedAt" : ISODate("2018-04-03T09:43:29.017+0000")
}
{ 
    "_id" : ObjectId("5ac34cca99e6981cb86fccab"), 
    "taskId" : ObjectId("5a94e0a751503c890cf36422"), 
    "date" : ISODate("2018-04-03T00:00:00.000+0000"), 
    "userId" : ObjectId("5a93ef7c6c4b95a916def3d2"), 
    "comments" : "task is updated with data name:Test New Name state:2", 
    "createdAt" : ISODate("2018-04-03T09:43:38.788+0000"), 
    "updatedAt" : ISODate("2018-04-03T09:43:38.788+0000")
}
{ 
    "_id" : ObjectId("5ac34d1b99e6981cb86fccad"), 
    "taskId" : ObjectId("5a94e0a751503c890cf36422"), 
    "date" : ISODate("2018-04-03T00:00:00.000+0000"), 
    "userId" : ObjectId("5a93ef7c6c4b95a916def3d2"), 
    "comments" : "task is updated with data name:Test New Name state:2", 
    "createdAt" : ISODate("2018-04-03T09:44:59.940+0000"), 
    "updatedAt" : ISODate("2018-04-03T09:44:59.940+0000")
}
{ 
    "_id" : ObjectId("5ac34d1b99e6981cb86fccb0"), 
    "taskId" : ObjectId("5a94e0a751503c890cf36422"), 
    "date" : ISODate("2018-04-03T00:00:00.000+0000"), 
    "userId" : ObjectId("5a93ef7c6c4b95a916def3d2"), 
    "comments" : "task is assigend to the associate with id 5a952facb7b2bfbb650f7493", 
    "createdAt" : ISODate("2018-04-03T09:44:59.974+0000"), 
    "updatedAt" : ISODate("2018-04-03T09:44:59.974+0000")
}
{ 
    "_id" : ObjectId("5ac34d1c99e6981cb86fccb2"), 
    "taskId" : ObjectId("5a94e0a751503c890cf36422"), 
    "date" : ISODate("2018-04-03T00:00:00.000+0000"), 
    "userId" : ObjectId("5a93ef7c6c4b95a916def3d2"), 
    "comments" : "task is assigend to the associate with id 5a97c21409abd7e0459dfd2a", 
    "createdAt" : ISODate("2018-04-03T09:45:00.008+0000"), 
    "updatedAt" : ISODate("2018-04-03T09:45:00.008+0000")
}
{ 
    "_id" : ObjectId("5ac34d2999e6981cb86fccb3"), 
    "taskId" : ObjectId("5a964c9553f6f8c267446a9e"), 
    "date" : ISODate("2018-04-03T00:00:00.000+0000"), 
    "userId" : ObjectId("5a93ef7c6c4b95a916def3d2"), 
    "comments" : "task is updated with data name:Task page creation state:1", 
    "createdAt" : ISODate("2018-04-03T09:45:13.264+0000"), 
    "updatedAt" : ISODate("2018-04-03T09:45:13.264+0000")
}
{ 
    "_id" : ObjectId("5ac34d2999e6981cb86fccb6"), 
    "taskId" : ObjectId("5a964c9553f6f8c267446a9e"), 
    "date" : ISODate("2018-04-03T00:00:00.000+0000"), 
    "userId" : ObjectId("5a93ef7c6c4b95a916def3d2"), 
    "comments" : "task is assigend to the associate with id 5a952facb7b2bfbb650f7493", 
    "createdAt" : ISODate("2018-04-03T09:45:13.303+0000"), 
    "updatedAt" : ISODate("2018-04-03T09:45:13.303+0000")
}
{ 
    "_id" : ObjectId("5ac34d8599e6981cb86fccb7"), 
    "taskId" : ObjectId("5a967bb453f6f8c267446aab"), 
    "date" : ISODate("2018-04-03T00:00:00.000+0000"), 
    "userId" : ObjectId("5a93ef7c6c4b95a916def3d2"), 
    "comments" : "task is updated with data name:Test 22 state:1", 
    "createdAt" : ISODate("2018-04-03T09:46:45.708+0000"), 
    "updatedAt" : ISODate("2018-04-03T09:46:45.708+0000")
}
{ 
    "_id" : ObjectId("5ac34d8599e6981cb86fccba"), 
    "taskId" : ObjectId("5a967bb453f6f8c267446aab"), 
    "date" : ISODate("2018-04-03T00:00:00.000+0000"), 
    "userId" : ObjectId("5a93ef7c6c4b95a916def3d2"), 
    "comments" : "task is assigend to the associate with id 5a97c21409abd7e0459dfd2a", 
    "createdAt" : ISODate("2018-04-03T09:46:45.742+0000"), 
    "updatedAt" : ISODate("2018-04-03T09:46:45.742+0000")
}
{ 
    "_id" : ObjectId("5ac34da499e6981cb86fccbb"), 
    "taskId" : ObjectId("5a967bb453f6f8c267446aab"), 
    "date" : ISODate("2018-04-03T00:00:00.000+0000"), 
    "userId" : ObjectId("5a93ef7c6c4b95a916def3d2"), 
    "comments" : "task is updated with data name:Test 22 state:1", 
    "createdAt" : ISODate("2018-04-03T09:47:16.515+0000"), 
    "updatedAt" : ISODate("2018-04-03T09:47:16.515+0000")
}
{ 
    "_id" : ObjectId("5ac34daf99e6981cb86fccbd"), 
    "taskId" : ObjectId("5a967bb453f6f8c267446aab"), 
    "date" : ISODate("2018-04-03T00:00:00.000+0000"), 
    "userId" : ObjectId("5a93ef7c6c4b95a916def3d2"), 
    "comments" : "task is updated with data name:Test 22 state:1", 
    "createdAt" : ISODate("2018-04-03T09:47:27.146+0000"), 
    "updatedAt" : ISODate("2018-04-03T09:47:27.146+0000")
}
{ 
    "_id" : ObjectId("5ac34dfd99e6981cb86fccbf"), 
    "taskId" : ObjectId("5a97c1d009abd7e0459dfd26"), 
    "date" : ISODate("2018-04-03T00:00:00.000+0000"), 
    "userId" : ObjectId("5a93ef7c6c4b95a916def3d2"), 
    "comments" : "task is updated with data name:Test 3 state:1", 
    "createdAt" : ISODate("2018-04-03T09:48:45.458+0000"), 
    "updatedAt" : ISODate("2018-04-03T09:48:45.458+0000")
}
{ 
    "_id" : ObjectId("5ac34dfd99e6981cb86fccc2"), 
    "taskId" : ObjectId("5a97c1d009abd7e0459dfd26"), 
    "date" : ISODate("2018-04-03T00:00:00.000+0000"), 
    "userId" : ObjectId("5a93ef7c6c4b95a916def3d2"), 
    "comments" : "task is assigend to the associate with id 5a952facb7b2bfbb650f7493", 
    "createdAt" : ISODate("2018-04-03T09:48:45.487+0000"), 
    "updatedAt" : ISODate("2018-04-03T09:48:45.487+0000")
}
{ 
    "_id" : ObjectId("5ac34e0699e6981cb86fccc3"), 
    "taskId" : ObjectId("5a97c1d009abd7e0459dfd26"), 
    "date" : ISODate("2018-04-03T00:00:00.000+0000"), 
    "userId" : ObjectId("5a93ef7c6c4b95a916def3d2"), 
    "comments" : "removed a user from task", 
    "createdAt" : ISODate("2018-04-03T09:48:54.072+0000"), 
    "updatedAt" : ISODate("2018-04-03T09:48:54.072+0000")
}
{ 
    "_id" : ObjectId("5ac3502999e6981cb86fccc5"), 
    "taskId" : ObjectId("5ab0e5d228e155272c55e84d"), 
    "date" : ISODate("2018-04-03T00:00:00.000+0000"), 
    "userId" : ObjectId("5a93ef7c6c4b95a916def3d2"), 
    "comments" : "task is updated with data name:Quick state:2", 
    "createdAt" : ISODate("2018-04-03T09:58:01.846+0000"), 
    "updatedAt" : ISODate("2018-04-03T09:58:01.846+0000")
}
{ 
    "_id" : ObjectId("5ac3502999e6981cb86fccc8"), 
    "taskId" : ObjectId("5ab0e5d228e155272c55e84d"), 
    "date" : ISODate("2018-04-03T00:00:00.000+0000"), 
    "userId" : ObjectId("5a93ef7c6c4b95a916def3d2"), 
    "comments" : "task is assigend to the associate with id 5a952facb7b2bfbb650f7493", 
    "createdAt" : ISODate("2018-04-03T09:58:01.881+0000"), 
    "updatedAt" : ISODate("2018-04-03T09:58:01.881+0000")
}
{ 
    "_id" : ObjectId("5ac46924ef0f91080cc34ef1"), 
    "taskId" : ObjectId("5a94e0a751503c890cf36422"), 
    "date" : ISODate("2018-04-04T00:00:00.000+0000"), 
    "userId" : ObjectId("5a93ef7c6c4b95a916def3d2"), 
    "comments" : "task is updated with data name:Test New Wel state:2", 
    "createdAt" : ISODate("2018-04-04T05:56:52.908+0000"), 
    "updatedAt" : ISODate("2018-04-04T05:56:52.908+0000")
}
{ 
    "_id" : ObjectId("5ac472c7ef0f91080cc34ef3"), 
    "taskId" : ObjectId("5a94e0a751503c890cf36422"), 
    "date" : ISODate("2018-04-04T00:00:00.000+0000"), 
    "userId" : ObjectId("5a93ef7c6c4b95a916def3d2"), 
    "comments" : "task is updated with data name:Test New Wel2 state:2", 
    "createdAt" : ISODate("2018-04-04T06:37:59.224+0000"), 
    "updatedAt" : ISODate("2018-04-04T06:37:59.224+0000")
}
{ 
    "_id" : ObjectId("5ac4730eef0f91080cc34ef5"), 
    "taskId" : ObjectId("5a94e0a751503c890cf36422"), 
    "date" : ISODate("2018-04-04T00:00:00.000+0000"), 
    "userId" : ObjectId("5a93ef7c6c4b95a916def3d2"), 
    "comments" : "task is updated with data name:Test New Wel2 state:2", 
    "createdAt" : ISODate("2018-04-04T06:39:10.594+0000"), 
    "updatedAt" : ISODate("2018-04-04T06:39:10.594+0000")
}
{ 
    "_id" : ObjectId("5ac47328ef0f91080cc34ef7"), 
    "taskId" : ObjectId("5a94e0a751503c890cf36422"), 
    "date" : ISODate("2018-04-04T00:00:00.000+0000"), 
    "userId" : ObjectId("5a93ef7c6c4b95a916def3d2"), 
    "comments" : "task is updated with data name:Test New Wel2 state:2", 
    "createdAt" : ISODate("2018-04-04T06:39:36.063+0000"), 
    "updatedAt" : ISODate("2018-04-04T06:39:36.063+0000")
}
{ 
    "_id" : ObjectId("5ac4b29f4ba1b206b4dc2589"), 
    "taskId" : ObjectId("5ac4b29f4ba1b206b4dc2588"), 
    "date" : ISODate("2018-04-04T00:00:00.000+0000"), 
    "userId" : ObjectId("5a93ef7c6c4b95a916def3d2"), 
    "comments" : "new task created", 
    "createdAt" : ISODate("2018-04-04T11:10:23.470+0000"), 
    "updatedAt" : ISODate("2018-04-04T11:10:23.470+0000")
}
{ 
    "_id" : ObjectId("5ac4b29f4ba1b206b4dc258c"), 
    "taskId" : ObjectId("5ac4b29f4ba1b206b4dc2588"), 
    "date" : ISODate("2018-04-04T00:00:00.000+0000"), 
    "userId" : ObjectId("5a93ef7c6c4b95a916def3d2"), 
    "comments" : "task is assigend to the associate with id 5a94e57f51503c890cf36426", 
    "createdAt" : ISODate("2018-04-04T11:10:23.513+0000"), 
    "updatedAt" : ISODate("2018-04-04T11:10:23.513+0000")
}
{ 
    "_id" : ObjectId("5ac5b77d6b09c32dac30ac48"), 
    "taskId" : ObjectId("5a94e0a751503c890cf36422"), 
    "date" : ISODate("2018-04-05T00:00:00.000+0000"), 
    "userId" : ObjectId("5a93ef7c6c4b95a916def3d2"), 
    "comments" : "removed a user from task", 
    "createdAt" : ISODate("2018-04-05T05:43:25.427+0000"), 
    "updatedAt" : ISODate("2018-04-05T05:43:25.427+0000")
}
{ 
    "_id" : ObjectId("5ac5b78d6b09c32dac30ac4a"), 
    "taskId" : ObjectId("5a94e0a751503c890cf36422"), 
    "date" : ISODate("2018-04-05T00:00:00.000+0000"), 
    "userId" : ObjectId("5a93ef7c6c4b95a916def3d2"), 
    "comments" : "task is updated with data name:Test New Wel2 state:2", 
    "createdAt" : ISODate("2018-04-05T05:43:41.919+0000"), 
    "updatedAt" : ISODate("2018-04-05T05:43:41.919+0000")
}
{ 
    "_id" : ObjectId("5ac5b78d6b09c32dac30ac4d"), 
    "taskId" : ObjectId("5a94e0a751503c890cf36422"), 
    "date" : ISODate("2018-04-05T00:00:00.000+0000"), 
    "userId" : ObjectId("5a93ef7c6c4b95a916def3d2"), 
    "comments" : "task is assigend to the associate with id 5a97c21409abd7e0459dfd2a", 
    "createdAt" : ISODate("2018-04-05T05:43:41.963+0000"), 
    "updatedAt" : ISODate("2018-04-05T05:43:41.963+0000")
}
{ 
    "_id" : ObjectId("5ac5fa716b09c32dac30ac4e"), 
    "taskId" : ObjectId("5a97c1d009abd7e0459dfd26"), 
    "date" : ISODate("2018-04-05T00:00:00.000+0000"), 
    "userId" : ObjectId("5a93ef7c6c4b95a916def3d2"), 
    "comments" : "task is updated with data name:Test 3 state:1", 
    "createdAt" : ISODate("2018-04-05T10:29:05.120+0000"), 
    "updatedAt" : ISODate("2018-04-05T10:29:05.120+0000")
}
{ 
    "_id" : ObjectId("5ac5fa716b09c32dac30ac51"), 
    "taskId" : ObjectId("5a97c1d009abd7e0459dfd26"), 
    "date" : ISODate("2018-04-05T00:00:00.000+0000"), 
    "userId" : ObjectId("5a93ef7c6c4b95a916def3d2"), 
    "comments" : "task is assigend to the associate with id 5a9564c553f6f8c267446a9c", 
    "createdAt" : ISODate("2018-04-05T10:29:05.158+0000"), 
    "updatedAt" : ISODate("2018-04-05T10:29:05.158+0000")
}
{ 
    "_id" : ObjectId("5ac71de36b46661a701b7016"), 
    "taskId" : ObjectId("5a964c9553f6f8c267446a9e"), 
    "date" : ISODate("2018-04-06T00:00:00.000+0000"), 
    "userId" : ObjectId("5a93ef7c6c4b95a916def3d2"), 
    "comments" : "task is updated with data name:Task page creation state:2", 
    "createdAt" : ISODate("2018-04-06T07:12:35.248+0000"), 
    "updatedAt" : ISODate("2018-04-06T07:12:35.248+0000")
}
{ 
    "_id" : ObjectId("5ac71def6b46661a701b7018"), 
    "taskId" : ObjectId("5a967bb453f6f8c267446aab"), 
    "date" : ISODate("2018-04-06T00:00:00.000+0000"), 
    "userId" : ObjectId("5a93ef7c6c4b95a916def3d2"), 
    "comments" : "task is updated with data name:Test 22 state:3", 
    "createdAt" : ISODate("2018-04-06T07:12:47.074+0000"), 
    "updatedAt" : ISODate("2018-04-06T07:12:47.074+0000")
}
{ 
    "_id" : ObjectId("5ac7327d6b46661a701b701a"), 
    "taskId" : ObjectId("5a97c1d009abd7e0459dfd26"), 
    "date" : ISODate("2018-04-06T00:00:00.000+0000"), 
    "userId" : ObjectId("5a93ef7c6c4b95a916def3d2"), 
    "comments" : "task is updated with data name:Test 3 state:4", 
    "createdAt" : ISODate("2018-04-06T08:40:29.077+0000"), 
    "updatedAt" : ISODate("2018-04-06T08:40:29.077+0000")
}
{ 
    "_id" : ObjectId("5ac732846b46661a701b701c"), 
    "taskId" : ObjectId("5a97ce7f09abd7e0459dfd33"), 
    "date" : ISODate("2018-04-06T00:00:00.000+0000"), 
    "userId" : ObjectId("5a93ef7c6c4b95a916def3d2"), 
    "comments" : "task is updated with data name:Task page creation state:5", 
    "createdAt" : ISODate("2018-04-06T08:40:36.931+0000"), 
    "updatedAt" : ISODate("2018-04-06T08:40:36.931+0000")
}
{ 
    "_id" : ObjectId("5ac738b76b46661a701b701e"), 
    "taskId" : ObjectId("5a94e0a751503c890cf36422"), 
    "date" : ISODate("2018-04-06T00:00:00.000+0000"), 
    "userId" : ObjectId("5a93ef7c6c4b95a916def3d2"), 
    "comments" : "removed a user from task", 
    "createdAt" : ISODate("2018-04-06T09:07:03.863+0000"), 
    "updatedAt" : ISODate("2018-04-06T09:07:03.863+0000")
}
{ 
    "_id" : ObjectId("5ac7393b6b46661a701b7029"), 
    "taskId" : ObjectId("5ac7393b6b46661a701b7028"), 
    "date" : ISODate("2018-04-06T00:00:00.000+0000"), 
    "userId" : ObjectId("5a93ef7c6c4b95a916def3d2"), 
    "comments" : "new task created", 
    "createdAt" : ISODate("2018-04-06T09:09:15.225+0000"), 
    "updatedAt" : ISODate("2018-04-06T09:09:15.225+0000")
}
{ 
    "_id" : ObjectId("5ac739436b46661a701b702b"), 
    "taskId" : ObjectId("5ac7393b6b46661a701b7028"), 
    "date" : ISODate("2018-04-06T00:00:00.000+0000"), 
    "userId" : ObjectId("5a93ef7c6c4b95a916def3d2"), 
    "comments" : "task is updated with data name:Test 1 state:1", 
    "createdAt" : ISODate("2018-04-06T09:09:23.766+0000"), 
    "updatedAt" : ISODate("2018-04-06T09:09:23.766+0000")
}
{ 
    "_id" : ObjectId("5ac739436b46661a701b702e"), 
    "taskId" : ObjectId("5ac7393b6b46661a701b7028"), 
    "date" : ISODate("2018-04-06T00:00:00.000+0000"), 
    "userId" : ObjectId("5a93ef7c6c4b95a916def3d2"), 
    "comments" : "task is assigend to the associate with id 5a94e57f51503c890cf36426", 
    "createdAt" : ISODate("2018-04-06T09:09:23.799+0000"), 
    "updatedAt" : ISODate("2018-04-06T09:09:23.799+0000")
}
{ 
    "_id" : ObjectId("5ac771e56b46661a701b7032"), 
    "taskId" : ObjectId("5a97e20709abd7e0459dfd40"), 
    "date" : ISODate("2018-04-06T00:00:00.000+0000"), 
    "userId" : ObjectId("5a93ef7c6c4b95a916def3d2"), 
    "comments" : "task is updated with data name:Task page creation33 state:2", 
    "createdAt" : ISODate("2018-04-06T13:11:01.783+0000"), 
    "updatedAt" : ISODate("2018-04-06T13:11:01.783+0000")
}
{ 
    "_id" : ObjectId("5acb7205c36b0615e014a7bf"), 
    "taskId" : ObjectId("5ac7393b6b46661a701b7028"), 
    "date" : ISODate("2018-04-09T00:00:00.000+0000"), 
    "userId" : ObjectId("5a93ef7c6c4b95a916def3d2"), 
    "comments" : "task is updated with data name:Test 1 state:1", 
    "createdAt" : ISODate("2018-04-09T14:00:37.611+0000"), 
    "updatedAt" : ISODate("2018-04-09T14:00:37.611+0000")
}
{ 
    "_id" : ObjectId("5acb7205c36b0615e014a7c2"), 
    "taskId" : ObjectId("5ac7393b6b46661a701b7028"), 
    "date" : ISODate("2018-04-09T00:00:00.000+0000"), 
    "userId" : ObjectId("5a93ef7c6c4b95a916def3d2"), 
    "comments" : "task is assigend to the associate with id 5a93ed876c4b95a916def3ca", 
    "createdAt" : ISODate("2018-04-09T14:00:37.665+0000"), 
    "updatedAt" : ISODate("2018-04-09T14:00:37.665+0000")
}
{ 
    "_id" : ObjectId("5acb7205c36b0615e014a7c4"), 
    "taskId" : ObjectId("5ac7393b6b46661a701b7028"), 
    "date" : ISODate("2018-04-09T00:00:00.000+0000"), 
    "userId" : ObjectId("5a93ef7c6c4b95a916def3d2"), 
    "comments" : "task is assigend to the associate with id 5a9564c553f6f8c267446a9c", 
    "createdAt" : ISODate("2018-04-09T14:00:37.699+0000"), 
    "updatedAt" : ISODate("2018-04-09T14:00:37.699+0000")
}
{ 
    "_id" : ObjectId("5accb171068489190838f92b"), 
    "taskId" : ObjectId("5accb171068489190838f92a"), 
    "date" : ISODate("2018-04-10T00:00:00.000+0000"), 
    "userId" : ObjectId("5a93ef7c6c4b95a916def3d2"), 
    "comments" : "new task created", 
    "createdAt" : ISODate("2018-04-10T12:43:29.801+0000"), 
    "updatedAt" : ISODate("2018-04-10T12:43:29.801+0000")
}
{ 
    "_id" : ObjectId("5accb19d068489190838f931"), 
    "taskId" : ObjectId("5accb171068489190838f92a"), 
    "date" : ISODate("2018-04-10T00:00:00.000+0000"), 
    "userId" : ObjectId("5a93ef7c6c4b95a916def3d2"), 
    "comments" : "task is updated with data name:Sample Task state:2", 
    "createdAt" : ISODate("2018-04-10T12:44:13.021+0000"), 
    "updatedAt" : ISODate("2018-04-10T12:44:13.021+0000")
}
{ 
    "_id" : ObjectId("5accb19d068489190838f934"), 
    "taskId" : ObjectId("5accb171068489190838f92a"), 
    "date" : ISODate("2018-04-10T00:00:00.000+0000"), 
    "userId" : ObjectId("5a93ef7c6c4b95a916def3d2"), 
    "comments" : "task is assigend to the associate with id 5a93ed876c4b95a916def3ca", 
    "createdAt" : ISODate("2018-04-10T12:44:13.055+0000"), 
    "updatedAt" : ISODate("2018-04-10T12:44:13.055+0000")
}
{ 
    "_id" : ObjectId("5accb19d068489190838f936"), 
    "taskId" : ObjectId("5accb171068489190838f92a"), 
    "date" : ISODate("2018-04-10T00:00:00.000+0000"), 
    "userId" : ObjectId("5a93ef7c6c4b95a916def3d2"), 
    "comments" : "task is assigend to the associate with id 5a94e57f51503c890cf36426", 
    "createdAt" : ISODate("2018-04-10T12:44:13.091+0000"), 
    "updatedAt" : ISODate("2018-04-10T12:44:13.091+0000")
}
{ 
    "_id" : ObjectId("5acefb40aa05320838304fe3"), 
    "taskId" : ObjectId("5acefb40aa05320838304fe2"), 
    "date" : ISODate("2018-04-12T00:00:00.000+0000"), 
    "userId" : ObjectId("5acef7c5aa05320838304fd9"), 
    "comments" : "new task created", 
    "createdAt" : ISODate("2018-04-12T06:22:56.085+0000"), 
    "updatedAt" : ISODate("2018-04-12T06:22:56.085+0000")
}
{ 
    "_id" : ObjectId("5acefb70aa05320838304fe6"), 
    "taskId" : ObjectId("5acefb70aa05320838304fe5"), 
    "date" : ISODate("2018-04-12T00:00:00.000+0000"), 
    "userId" : ObjectId("5acef7c5aa05320838304fd9"), 
    "comments" : "new task created", 
    "createdAt" : ISODate("2018-04-12T06:23:44.134+0000"), 
    "updatedAt" : ISODate("2018-04-12T06:23:44.134+0000")
}
{ 
    "_id" : ObjectId("5acefb8aaa05320838304fe9"), 
    "taskId" : ObjectId("5acefb8aaa05320838304fe8"), 
    "date" : ISODate("2018-04-12T00:00:00.000+0000"), 
    "userId" : ObjectId("5acef7c5aa05320838304fd9"), 
    "comments" : "new task created", 
    "createdAt" : ISODate("2018-04-12T06:24:10.302+0000"), 
    "updatedAt" : ISODate("2018-04-12T06:24:10.302+0000")
}
{ 
    "_id" : ObjectId("5acefb96aa05320838304fec"), 
    "taskId" : ObjectId("5acefb96aa05320838304feb"), 
    "date" : ISODate("2018-04-12T00:00:00.000+0000"), 
    "userId" : ObjectId("5acef7c5aa05320838304fd9"), 
    "comments" : "new task created", 
    "createdAt" : ISODate("2018-04-12T06:24:22.679+0000"), 
    "updatedAt" : ISODate("2018-04-12T06:24:22.679+0000")
}
{ 
    "_id" : ObjectId("5acefbc0aa05320838304fef"), 
    "taskId" : ObjectId("5acefbc0aa05320838304fee"), 
    "date" : ISODate("2018-04-12T00:00:00.000+0000"), 
    "userId" : ObjectId("5acef7c5aa05320838304fd9"), 
    "comments" : "new task created", 
    "createdAt" : ISODate("2018-04-12T06:25:04.814+0000"), 
    "updatedAt" : ISODate("2018-04-12T06:25:04.814+0000")
}
{ 
    "_id" : ObjectId("5acefbd2aa05320838304ff2"), 
    "taskId" : ObjectId("5acefbd2aa05320838304ff1"), 
    "date" : ISODate("2018-04-12T00:00:00.000+0000"), 
    "userId" : ObjectId("5acef7c5aa05320838304fd9"), 
    "comments" : "new task created", 
    "createdAt" : ISODate("2018-04-12T06:25:22.873+0000"), 
    "updatedAt" : ISODate("2018-04-12T06:25:22.873+0000")
}
{ 
    "_id" : ObjectId("5acefbf3aa05320838304ff5"), 
    "taskId" : ObjectId("5acefbf3aa05320838304ff4"), 
    "date" : ISODate("2018-04-12T00:00:00.000+0000"), 
    "userId" : ObjectId("5acef7c5aa05320838304fd9"), 
    "comments" : "new task created", 
    "createdAt" : ISODate("2018-04-12T06:25:55.780+0000"), 
    "updatedAt" : ISODate("2018-04-12T06:25:55.780+0000")
}
{ 
    "_id" : ObjectId("5acefbfbaa05320838304ff8"), 
    "taskId" : ObjectId("5acefbfbaa05320838304ff7"), 
    "date" : ISODate("2018-04-12T00:00:00.000+0000"), 
    "userId" : ObjectId("5acef7c5aa05320838304fd9"), 
    "comments" : "new task created", 
    "createdAt" : ISODate("2018-04-12T06:26:03.188+0000"), 
    "updatedAt" : ISODate("2018-04-12T06:26:03.188+0000")
}
{ 
    "_id" : ObjectId("5aceff26aa05320838305001"), 
    "taskId" : ObjectId("5acefbc0aa05320838304fee"), 
    "date" : ISODate("2018-04-12T00:00:00.000+0000"), 
    "userId" : ObjectId("5acef7c5aa05320838304fd9"), 
    "comments" : "task is assigend to the associate with id 5acefd95aa05320838304ffb", 
    "createdAt" : ISODate("2018-04-12T06:39:34.171+0000"), 
    "updatedAt" : ISODate("2018-04-12T06:39:34.171+0000")
}
{ 
    "_id" : ObjectId("5aceff42aa05320838305003"), 
    "taskId" : ObjectId("5acefbf3aa05320838304ff4"), 
    "date" : ISODate("2018-04-12T00:00:00.000+0000"), 
    "userId" : ObjectId("5acef7c5aa05320838304fd9"), 
    "comments" : "task is assigend to the associate with id 5acefd95aa05320838304ffb", 
    "createdAt" : ISODate("2018-04-12T06:40:02.336+0000"), 
    "updatedAt" : ISODate("2018-04-12T06:40:02.336+0000")
}
{ 
    "_id" : ObjectId("5acf02c4aa05320838305007"), 
    "taskId" : ObjectId("5acf02c4aa05320838305006"), 
    "date" : ISODate("2018-04-12T00:00:00.000+0000"), 
    "userId" : ObjectId("5a93ef7c6c4b95a916def3d2"), 
    "comments" : "new task created", 
    "createdAt" : ISODate("2018-04-12T06:55:00.497+0000"), 
    "updatedAt" : ISODate("2018-04-12T06:55:00.497+0000")
}
{ 
    "_id" : ObjectId("5acf03a6aa0532083830500a"), 
    "taskId" : ObjectId("5acf03a6aa05320838305009"), 
    "date" : ISODate("2018-04-12T00:00:00.000+0000"), 
    "userId" : ObjectId("5a93ef7c6c4b95a916def3d2"), 
    "comments" : "new task created", 
    "createdAt" : ISODate("2018-04-12T06:58:46.898+0000"), 
    "updatedAt" : ISODate("2018-04-12T06:58:46.898+0000")
}
{ 
    "_id" : ObjectId("5acf04cfaa05320838305011"), 
    "taskId" : ObjectId("5acf04cfaa05320838305010"), 
    "date" : ISODate("2018-04-12T00:00:00.000+0000"), 
    "userId" : ObjectId("5a93ef7c6c4b95a916def3d2"), 
    "comments" : "new task created", 
    "createdAt" : ISODate("2018-04-12T07:03:43.786+0000"), 
    "updatedAt" : ISODate("2018-04-12T07:03:43.786+0000")
}
{ 
    "_id" : ObjectId("5acf04f0aa05320838305016"), 
    "taskId" : ObjectId("5acf04f0aa05320838305015"), 
    "date" : ISODate("2018-04-12T00:00:00.000+0000"), 
    "userId" : ObjectId("5a93ef7c6c4b95a916def3d2"), 
    "comments" : "new task created", 
    "createdAt" : ISODate("2018-04-12T07:04:16.920+0000"), 
    "updatedAt" : ISODate("2018-04-12T07:04:16.920+0000")
}
{ 
    "_id" : ObjectId("5acf0565aa0532083830501d"), 
    "taskId" : ObjectId("5acf0565aa0532083830501c"), 
    "date" : ISODate("2018-04-12T00:00:00.000+0000"), 
    "userId" : ObjectId("5a93ef7c6c4b95a916def3d2"), 
    "comments" : "new task created", 
    "createdAt" : ISODate("2018-04-12T07:06:13.396+0000"), 
    "updatedAt" : ISODate("2018-04-12T07:06:13.396+0000")
}
{ 
    "_id" : ObjectId("5acf0574aa05320838305020"), 
    "taskId" : ObjectId("5acf0574aa0532083830501f"), 
    "date" : ISODate("2018-04-12T00:00:00.000+0000"), 
    "userId" : ObjectId("5a93ef7c6c4b95a916def3d2"), 
    "comments" : "new task created", 
    "createdAt" : ISODate("2018-04-12T07:06:28.955+0000"), 
    "updatedAt" : ISODate("2018-04-12T07:06:28.955+0000")
}
{ 
    "_id" : ObjectId("5acf0575aa05320838305023"), 
    "taskId" : ObjectId("5acf0574aa0532083830501f"), 
    "date" : ISODate("2018-04-12T00:00:00.000+0000"), 
    "userId" : ObjectId("5a93ef7c6c4b95a916def3d2"), 
    "comments" : "task is assigend to the associate with id 5a93ed876c4b95a916def3ca", 
    "createdAt" : ISODate("2018-04-12T07:06:29.005+0000"), 
    "updatedAt" : ISODate("2018-04-12T07:06:29.005+0000")
}
{ 
    "_id" : ObjectId("5acf0575aa05320838305025"), 
    "taskId" : ObjectId("5acf0574aa0532083830501f"), 
    "date" : ISODate("2018-04-12T00:00:00.000+0000"), 
    "userId" : ObjectId("5a93ef7c6c4b95a916def3d2"), 
    "comments" : "task is assigend to the associate with id 5a94e57f51503c890cf36426", 
    "createdAt" : ISODate("2018-04-12T07:06:29.060+0000"), 
    "updatedAt" : ISODate("2018-04-12T07:06:29.060+0000")
}
{ 
    "_id" : ObjectId("5ad02e656901ac0720e7a370"), 
    "taskId" : ObjectId("5ad02e656901ac0720e7a36f"), 
    "date" : ISODate("2018-04-13T00:00:00.000+0000"), 
    "userId" : ObjectId("5a93ef7c6c4b95a916def3d2"), 
    "comments" : "new task created", 
    "createdAt" : ISODate("2018-04-13T04:13:25.226+0000"), 
    "updatedAt" : ISODate("2018-04-13T04:13:25.226+0000")
}
{ 
    "_id" : ObjectId("5ad02e6f6901ac0720e7a372"), 
    "taskId" : ObjectId("5ad02e656901ac0720e7a36f"), 
    "date" : ISODate("2018-04-13T00:00:00.000+0000"), 
    "userId" : ObjectId("5a93ef7c6c4b95a916def3d2"), 
    "comments" : "task is updated with data name:zdfsadfds state:1", 
    "createdAt" : ISODate("2018-04-13T04:13:35.621+0000"), 
    "updatedAt" : ISODate("2018-04-13T04:13:35.621+0000")
}
{ 
    "_id" : ObjectId("5ad02e6f6901ac0720e7a375"), 
    "taskId" : ObjectId("5ad02e656901ac0720e7a36f"), 
    "date" : ISODate("2018-04-13T00:00:00.000+0000"), 
    "userId" : ObjectId("5a93ef7c6c4b95a916def3d2"), 
    "comments" : "task is assigend to the associate with id 5a94e57f51503c890cf36426", 
    "createdAt" : ISODate("2018-04-13T04:13:35.684+0000"), 
    "updatedAt" : ISODate("2018-04-13T04:13:35.684+0000")
}
{ 
    "_id" : ObjectId("5ad02e6f6901ac0720e7a377"), 
    "taskId" : ObjectId("5ad02e656901ac0720e7a36f"), 
    "date" : ISODate("2018-04-13T00:00:00.000+0000"), 
    "userId" : ObjectId("5a93ef7c6c4b95a916def3d2"), 
    "comments" : "task is assigend to the associate with id 5a9564c553f6f8c267446a9c", 
    "createdAt" : ISODate("2018-04-13T04:13:35.741+0000"), 
    "updatedAt" : ISODate("2018-04-13T04:13:35.741+0000")
}
{ 
    "_id" : ObjectId("5ad02e7e6901ac0720e7a378"), 
    "taskId" : ObjectId("5ad02e656901ac0720e7a36f"), 
    "date" : ISODate("2018-04-13T00:00:00.000+0000"), 
    "userId" : ObjectId("5a93ef7c6c4b95a916def3d2"), 
    "comments" : "removed a user from task", 
    "createdAt" : ISODate("2018-04-13T04:13:50.103+0000"), 
    "updatedAt" : ISODate("2018-04-13T04:13:50.103+0000")
}
{ 
    "_id" : ObjectId("5ad0916abb7d262b8c89c6f9"), 
    "taskId" : ObjectId("5ad0916abb7d262b8c89c6f8"), 
    "date" : ISODate("2018-04-13T00:00:00.000+0000"), 
    "userId" : ObjectId("5a93ef7c6c4b95a916def3d2"), 
    "comments" : "new task created", 
    "createdAt" : ISODate("2018-04-13T11:15:54.052+0000"), 
    "updatedAt" : ISODate("2018-04-13T11:15:54.052+0000")
}
{ 
    "_id" : ObjectId("5ad09176bb7d262b8c89c6fb"), 
    "taskId" : ObjectId("5ad0916abb7d262b8c89c6f8"), 
    "date" : ISODate("2018-04-13T00:00:00.000+0000"), 
    "userId" : ObjectId("5a93ef7c6c4b95a916def3d2"), 
    "comments" : "task is updated with data name:ssdfdsfd state:1", 
    "createdAt" : ISODate("2018-04-13T11:16:06.733+0000"), 
    "updatedAt" : ISODate("2018-04-13T11:16:06.733+0000")
}
{ 
    "_id" : ObjectId("5ad09176bb7d262b8c89c6fe"), 
    "taskId" : ObjectId("5ad0916abb7d262b8c89c6f8"), 
    "date" : ISODate("2018-04-13T00:00:00.000+0000"), 
    "userId" : ObjectId("5a93ef7c6c4b95a916def3d2"), 
    "comments" : "task is assigend to the associate with id 5a94e57f51503c890cf36426", 
    "createdAt" : ISODate("2018-04-13T11:16:06.794+0000"), 
    "updatedAt" : ISODate("2018-04-13T11:16:06.794+0000")
}
{ 
    "_id" : ObjectId("5ad09183bb7d262b8c89c6ff"), 
    "taskId" : ObjectId("5ad0916abb7d262b8c89c6f8"), 
    "date" : ISODate("2018-04-13T00:00:00.000+0000"), 
    "userId" : ObjectId("5a93ef7c6c4b95a916def3d2"), 
    "comments" : "removed a user from task", 
    "createdAt" : ISODate("2018-04-13T11:16:19.250+0000"), 
    "updatedAt" : ISODate("2018-04-13T11:16:19.250+0000")
}
