{ 
    "_id" : ObjectId("5a94e0a751503c890cf36422"), 
    "name" : "Test New Wel2", 
    "projectId" : ObjectId("5a94de0d51503c890cf36420"), 
    "loggedInUserId" : "5a93ef7c6c4b95a916def3d1", 
    "startDate" : ISODate("2018-02-28T00:00:00.000+0000"), 
    "endDate" : ISODate("2018-02-28T00:00:00.000+0000"), 
    "state" : NumberInt(2), 
    "createdAt" : ISODate("2018-02-27T04:37:59.486+0000"), 
    "updatedAt" : ISODate("2018-04-06T09:07:03.849+0000")
}
{ 
    "_id" : ObjectId("5a964c9553f6f8c267446a9e"), 
    "name" : "Task page creation", 
    "projectId" : ObjectId("5a94de0d51503c890cf36420"), 
    "loggedInUserId" : "5a93ef7c6c4b95a916def3d1", 
    "startDate" : ISODate("2018-02-28T00:00:00.000+0000"), 
    "endDate" : ISODate("2018-03-01T00:00:00.000+0000"), 
    "state" : NumberInt(2), 
    "createdAt" : ISODate("2018-02-28T06:30:45.018+0000"), 
    "updatedAt" : ISODate("2018-04-06T07:12:35.232+0000")
}
{ 
    "_id" : ObjectId("5a967bb453f6f8c267446aab"), 
    "name" : "Test 22", 
    "projectId" : ObjectId("5a94de0d51503c890cf36420"), 
    "loggedInUserId" : "5a93ef7c6c4b95a916def3d1", 
    "startDate" : ISODate("2018-02-28T00:00:00.000+0000"), 
    "endDate" : ISODate("2018-02-28T00:00:00.000+0000"), 
    "state" : NumberInt(3), 
    "createdAt" : ISODate("2018-02-28T09:51:48.450+0000"), 
    "updatedAt" : ISODate("2018-04-06T07:12:47.070+0000")
}
{ 
    "_id" : ObjectId("5a97c1d009abd7e0459dfd26"), 
    "name" : "Test 3", 
    "projectId" : ObjectId("5a94de0d51503c890cf36420"), 
    "loggedInUserId" : "5a93ef7c6c4b95a916def3d1", 
    "startDate" : ISODate("2018-03-01T00:00:00.000+0000"), 
    "endDate" : ISODate("2018-03-02T00:00:00.000+0000"), 
    "state" : NumberInt(4), 
    "createdAt" : ISODate("2018-03-01T09:03:12.443+0000"), 
    "updatedAt" : ISODate("2018-04-06T08:40:29.073+0000")
}
{ 
    "_id" : ObjectId("5a97ce7f09abd7e0459dfd33"), 
    "name" : "Task page creation", 
    "projectId" : ObjectId("5a94de0d51503c890cf36420"), 
    "loggedInUserId" : "5a93ef7c6c4b95a916def3d1", 
    "startDate" : ISODate("2018-03-01T00:00:00.000+0000"), 
    "endDate" : ISODate("2018-03-03T00:00:00.000+0000"), 
    "state" : NumberInt(5), 
    "createdAt" : ISODate("2018-03-01T09:57:19.853+0000"), 
    "updatedAt" : ISODate("2018-04-06T08:40:36.927+0000")
}
{ 
    "_id" : ObjectId("5a97e20709abd7e0459dfd40"), 
    "name" : "Task page creation33", 
    "projectId" : ObjectId("5a94de0d51503c890cf36420"), 
    "loggedInUserId" : "5a93ef7c6c4b95a916def3d1", 
    "startDate" : ISODate("2018-03-01T00:00:00.000+0000"), 
    "endDate" : ISODate("2018-03-06T00:00:00.000+0000"), 
    "state" : NumberInt(2), 
    "createdAt" : ISODate("2018-03-01T11:20:39.158+0000"), 
    "updatedAt" : ISODate("2018-04-06T13:11:01.779+0000")
}
{ 
    "_id" : ObjectId("5a97ed6d09abd7e0459dfd43"), 
    "name" : "Test", 
    "projectId" : ObjectId("5a94de0d51503c890cf36420"), 
    "loggedInUserId" : "5a93ef7c6c4b95a916def3d1", 
    "startDate" : ISODate("2018-03-01T00:00:00.000+0000"), 
    "endDate" : ISODate("2018-03-06T00:00:00.000+0000"), 
    "state" : NumberInt(1), 
    "createdAt" : ISODate("2018-03-01T12:09:17.602+0000"), 
    "updatedAt" : ISODate("2018-03-01T12:09:17.602+0000")
}
{ 
    "_id" : ObjectId("5a97efa7dbcd014a19105dd0"), 
    "name" : "Test 3", 
    "projectId" : ObjectId("5a979ca209abd7e0459dfd1e"), 
    "loggedInUserId" : "5a93ef7c6c4b95a916def3d1", 
    "startDate" : ISODate("2018-03-01T00:00:00.000+0000"), 
    "endDate" : ISODate("2018-03-02T00:00:00.000+0000"), 
    "state" : NumberInt(1), 
    "createdAt" : ISODate("2018-03-01T12:18:47.953+0000"), 
    "updatedAt" : ISODate("2018-03-01T12:18:47.953+0000")
}
{ 
    "_id" : ObjectId("5a97eff2dbcd014a19105dd3"), 
    "name" : "Test 2", 
    "projectId" : ObjectId("5a979ca209abd7e0459dfd1e"), 
    "loggedInUserId" : "5a93ef7c6c4b95a916def3d1", 
    "startDate" : ISODate("2018-03-01T00:00:00.000+0000"), 
    "endDate" : ISODate("2018-03-02T00:00:00.000+0000"), 
    "state" : NumberInt(1), 
    "createdAt" : ISODate("2018-03-01T12:20:02.526+0000"), 
    "updatedAt" : ISODate("2018-03-01T12:20:02.526+0000")
}
{ 
    "_id" : ObjectId("5a97f47fdbcd014a19105dd6"), 
    "name" : "Test 3", 
    "projectId" : ObjectId("5a97d69e09abd7e0459dfd3c"), 
    "loggedInUserId" : "5a93ef7c6c4b95a916def3d1", 
    "startDate" : ISODate("2018-03-01T00:00:00.000+0000"), 
    "endDate" : ISODate("2018-03-02T00:00:00.000+0000"), 
    "state" : NumberInt(1), 
    "createdAt" : ISODate("2018-03-01T12:39:27.921+0000"), 
    "updatedAt" : ISODate("2018-03-01T12:39:27.921+0000")
}
{ 
    "_id" : ObjectId("5a98eabadbcd014a19105ddb"), 
    "name" : "saS", 
    "projectId" : ObjectId("5a94de0d51503c890cf36420"), 
    "loggedInUserId" : "5a93ef7c6c4b95a916def3d1", 
    "startDate" : ISODate("2018-03-02T00:00:00.000+0000"), 
    "endDate" : ISODate("2018-03-02T00:00:00.000+0000"), 
    "state" : NumberInt(1), 
    "createdAt" : ISODate("2018-03-02T06:10:02.445+0000"), 
    "updatedAt" : ISODate("2018-03-02T06:10:02.445+0000")
}
{ 
    "_id" : ObjectId("5a9d0fccdbcd014a19105de0"), 
    "name" : "erer", 
    "projectId" : ObjectId("5a94de0d51503c890cf36420"), 
    "loggedInUserId" : "5a93ef7c6c4b95a916def3d1", 
    "startDate" : ISODate("2018-03-01T00:00:00.000+0000"), 
    "endDate" : ISODate("2018-03-07T00:00:00.000+0000"), 
    "state" : NumberInt(1), 
    "createdAt" : ISODate("2018-03-05T09:37:16.927+0000"), 
    "updatedAt" : ISODate("2018-03-05T09:37:16.927+0000")
}
{ 
    "_id" : ObjectId("5a9e4bca2a7c28e67a4d581a"), 
    "name" : "Test Task", 
    "projectId" : ObjectId("5a9e36b32a7c28e67a4d580c"), 
    "loggedInUserId" : "5a93ef7c6c4b95a916def3d1", 
    "startDate" : ISODate("2018-03-17T00:00:00.000+0000"), 
    "endDate" : ISODate("2018-03-27T00:00:00.000+0000"), 
    "state" : NumberInt(1), 
    "createdAt" : ISODate("2018-03-06T08:05:30.687+0000"), 
    "updatedAt" : ISODate("2018-03-06T08:05:30.687+0000")
}
{ 
    "_id" : ObjectId("5a9e60872a7c28e67a4d581d"), 
    "name" : "Test Task", 
    "projectId" : ObjectId("5a9e2f5c2a7c28e67a4d57fe"), 
    "loggedInUserId" : "5a93ef7c6c4b95a916def3d1", 
    "startDate" : ISODate("2018-03-14T00:00:00.000+0000"), 
    "endDate" : ISODate("2018-03-28T00:00:00.000+0000"), 
    "state" : NumberInt(1), 
    "createdAt" : ISODate("2018-03-06T09:33:59.127+0000"), 
    "updatedAt" : ISODate("2018-03-06T09:33:59.127+0000")
}
{ 
    "_id" : ObjectId("5aa75447123c49259e705b3d"), 
    "name" : "Test Task", 
    "projectId" : ObjectId("5a94de0d51503c890cf36420"), 
    "loggedInUserId" : "5a93ef7c6c4b95a916def3d1", 
    "startDate" : ISODate("2018-03-01T00:00:00.000+0000"), 
    "endDate" : ISODate("2018-03-01T00:00:00.000+0000"), 
    "state" : NumberInt(1), 
    "createdAt" : ISODate("2018-03-13T04:32:07.010+0000"), 
    "updatedAt" : ISODate("2018-03-13T04:32:07.010+0000")
}
{ 
    "_id" : ObjectId("5aa7555d123c49259e705b40"), 
    "name" : "Test Task", 
    "projectId" : ObjectId("5a94de0d51503c890cf36420"), 
    "loggedInUserId" : "5a93ef7c6c4b95a916def3d1", 
    "startDate" : ISODate("2018-03-01T00:00:00.000+0000"), 
    "endDate" : ISODate("2018-03-01T00:00:00.000+0000"), 
    "state" : NumberInt(1), 
    "createdAt" : ISODate("2018-03-13T04:36:45.138+0000"), 
    "updatedAt" : ISODate("2018-03-13T04:36:45.138+0000")
}
{ 
    "_id" : ObjectId("5aa75569123c49259e705b43"), 
    "name" : "Test Task", 
    "projectId" : ObjectId("5a94de0d51503c890cf36420"), 
    "loggedInUserId" : "5a93ef7c6c4b95a916def3d1", 
    "startDate" : ISODate("2018-03-01T00:00:00.000+0000"), 
    "endDate" : ISODate("2018-03-01T00:00:00.000+0000"), 
    "state" : NumberInt(1), 
    "createdAt" : ISODate("2018-03-13T04:36:57.362+0000"), 
    "updatedAt" : ISODate("2018-03-13T04:36:57.362+0000")
}
{ 
    "_id" : ObjectId("5aa75610123c49259e705b46"), 
    "name" : "sadasd", 
    "projectId" : ObjectId("5a94de0d51503c890cf36420"), 
    "loggedInUserId" : "5a93ef7c6c4b95a916def3d1", 
    "startDate" : ISODate("2018-03-01T00:00:00.000+0000"), 
    "endDate" : ISODate("2018-03-01T00:00:00.000+0000"), 
    "state" : NumberInt(1), 
    "createdAt" : ISODate("2018-03-13T04:39:44.619+0000"), 
    "updatedAt" : ISODate("2018-03-13T04:39:44.619+0000")
}
{ 
    "_id" : ObjectId("5aa7563c123c49259e705b49"), 
    "name" : "sadasd", 
    "projectId" : ObjectId("5a94de0d51503c890cf36420"), 
    "loggedInUserId" : "5a93ef7c6c4b95a916def3d1", 
    "startDate" : ISODate("2018-03-01T00:00:00.000+0000"), 
    "endDate" : ISODate("2018-03-01T00:00:00.000+0000"), 
    "state" : NumberInt(1), 
    "createdAt" : ISODate("2018-03-13T04:40:28.767+0000"), 
    "updatedAt" : ISODate("2018-03-13T04:40:28.767+0000")
}
{ 
    "_id" : ObjectId("5aa7565d123c49259e705b4c"), 
    "name" : "sadasd", 
    "projectId" : ObjectId("5a94de0d51503c890cf36420"), 
    "loggedInUserId" : "5a93ef7c6c4b95a916def3d1", 
    "startDate" : ISODate("2018-03-01T00:00:00.000+0000"), 
    "endDate" : ISODate("2018-03-01T00:00:00.000+0000"), 
    "state" : NumberInt(1), 
    "createdAt" : ISODate("2018-03-13T04:41:01.930+0000"), 
    "updatedAt" : ISODate("2018-03-13T04:41:01.930+0000")
}
{ 
    "_id" : ObjectId("5aa7566b123c49259e705b4f"), 
    "name" : "sadasd", 
    "projectId" : ObjectId("5a94de0d51503c890cf36420"), 
    "loggedInUserId" : "5a93ef7c6c4b95a916def3d1", 
    "startDate" : ISODate("2018-03-01T00:00:00.000+0000"), 
    "endDate" : ISODate("2018-03-01T00:00:00.000+0000"), 
    "state" : NumberInt(1), 
    "createdAt" : ISODate("2018-03-13T04:41:15.514+0000"), 
    "updatedAt" : ISODate("2018-03-13T04:41:15.514+0000")
}
{ 
    "_id" : ObjectId("5aa75691123c49259e705b52"), 
    "name" : "sadasd", 
    "projectId" : ObjectId("5a94de0d51503c890cf36420"), 
    "loggedInUserId" : "5a93ef7c6c4b95a916def3d1", 
    "startDate" : ISODate("2018-03-01T00:00:00.000+0000"), 
    "endDate" : ISODate("2018-03-01T00:00:00.000+0000"), 
    "state" : NumberInt(1), 
    "createdAt" : ISODate("2018-03-13T04:41:53.772+0000"), 
    "updatedAt" : ISODate("2018-03-13T04:41:53.772+0000")
}
{ 
    "_id" : ObjectId("5aa756af123c49259e705b55"), 
    "name" : "sadasd", 
    "projectId" : ObjectId("5a94de0d51503c890cf36420"), 
    "loggedInUserId" : "5a93ef7c6c4b95a916def3d1", 
    "startDate" : ISODate("2018-03-01T00:00:00.000+0000"), 
    "endDate" : ISODate("2018-03-01T00:00:00.000+0000"), 
    "state" : NumberInt(1), 
    "createdAt" : ISODate("2018-03-13T04:42:23.583+0000"), 
    "updatedAt" : ISODate("2018-03-13T04:42:23.583+0000")
}
{ 
    "_id" : ObjectId("5aa756bc123c49259e705b58"), 
    "name" : "sadasd", 
    "projectId" : ObjectId("5a94de0d51503c890cf36420"), 
    "loggedInUserId" : "5a93ef7c6c4b95a916def3d1", 
    "startDate" : ISODate("2018-03-01T00:00:00.000+0000"), 
    "endDate" : ISODate("2018-03-01T00:00:00.000+0000"), 
    "state" : NumberInt(1), 
    "createdAt" : ISODate("2018-03-13T04:42:36.737+0000"), 
    "updatedAt" : ISODate("2018-03-13T04:42:36.737+0000")
}
{ 
    "_id" : ObjectId("5aa756cd123c49259e705b5b"), 
    "name" : "sadasd", 
    "projectId" : ObjectId("5a94de0d51503c890cf36420"), 
    "loggedInUserId" : "5a93ef7c6c4b95a916def3d1", 
    "startDate" : ISODate("2018-03-01T00:00:00.000+0000"), 
    "endDate" : ISODate("2018-03-01T00:00:00.000+0000"), 
    "state" : NumberInt(1), 
    "createdAt" : ISODate("2018-03-13T04:42:53.439+0000"), 
    "updatedAt" : ISODate("2018-03-13T04:42:53.708+0000")
}
{ 
    "_id" : ObjectId("5aa756f2123c49259e705b60"), 
    "name" : "Test", 
    "projectId" : ObjectId("5a94de0d51503c890cf36420"), 
    "loggedInUserId" : "5a93ef7c6c4b95a916def3d1", 
    "startDate" : ISODate("2018-03-01T00:00:00.000+0000"), 
    "endDate" : ISODate("2018-03-01T00:00:00.000+0000"), 
    "state" : NumberInt(1), 
    "createdAt" : ISODate("2018-03-13T04:43:30.238+0000"), 
    "updatedAt" : ISODate("2018-03-13T04:43:30.547+0000")
}
{ 
    "_id" : ObjectId("5aa7579d123c49259e705b65"), 
    "name" : "erer", 
    "projectId" : ObjectId("5a94de0d51503c890cf36420"), 
    "loggedInUserId" : "5a93ef7c6c4b95a916def3d1", 
    "startDate" : ISODate("2018-03-01T00:00:00.000+0000"), 
    "endDate" : ISODate("2018-03-01T00:00:00.000+0000"), 
    "state" : NumberInt(1), 
    "createdAt" : ISODate("2018-03-13T04:46:21.248+0000"), 
    "updatedAt" : ISODate("2018-03-13T04:46:35.994+0000")
}
{ 
    "_id" : ObjectId("5aa75aee123c49259e705b6e"), 
    "name" : "Test Task", 
    "projectId" : ObjectId("5a94de0d51503c890cf36420"), 
    "loggedInUserId" : "5a93ef7c6c4b95a916def3d1", 
    "startDate" : ISODate("2018-03-01T00:00:00.000+0000"), 
    "endDate" : ISODate("2018-03-01T00:00:00.000+0000"), 
    "state" : NumberInt(1), 
    "createdAt" : ISODate("2018-03-13T05:00:30.831+0000"), 
    "updatedAt" : ISODate("2018-03-13T05:00:30.831+0000")
}
{ 
    "_id" : ObjectId("5aa767a6a647eb4278cef4b5"), 
    "name" : "tesdsd", 
    "projectId" : ObjectId("5a94de0d51503c890cf36420"), 
    "loggedInUserId" : "5a93ef7c6c4b95a916def3d1", 
    "startDate" : ISODate("2018-03-01T00:00:00.000+0000"), 
    "endDate" : ISODate("2018-03-01T00:00:00.000+0000"), 
    "state" : NumberInt(1), 
    "createdAt" : ISODate("2018-03-13T05:54:46.712+0000"), 
    "updatedAt" : ISODate("2018-03-13T05:54:46.944+0000")
}
{ 
    "_id" : ObjectId("5aa767eea647eb4278cef4ba"), 
    "name" : "tresdsa", 
    "projectId" : ObjectId("5a94de0d51503c890cf36420"), 
    "loggedInUserId" : "5a93ef7c6c4b95a916def3d1", 
    "startDate" : ISODate("2018-03-01T00:00:00.000+0000"), 
    "endDate" : ISODate("2018-03-01T00:00:00.000+0000"), 
    "state" : NumberInt(1), 
    "createdAt" : ISODate("2018-03-13T05:55:58.686+0000"), 
    "updatedAt" : ISODate("2018-03-13T05:55:58.917+0000")
}
{ 
    "_id" : ObjectId("5ab0e5d228e155272c55e84d"), 
    "name" : "Quick", 
    "projectId" : ObjectId("5a94de0d51503c890cf36420"), 
    "loggedInUserId" : "5a93ef7c6c4b95a916def3d1", 
    "startDate" : ISODate("2018-03-01T00:00:00.000+0000"), 
    "endDate" : ISODate("2018-03-03T00:00:00.000+0000"), 
    "state" : NumberInt(2), 
    "createdAt" : ISODate("2018-03-20T10:43:30.062+0000"), 
    "updatedAt" : ISODate("2018-04-03T09:58:01.875+0000")
}
{ 
    "_id" : ObjectId("5ab37400a7ef54024cbc19b1"), 
    "name" : "welcome", 
    "projectId" : ObjectId("5a94de0d51503c890cf36420"), 
    "loggedInUserId" : "5a93ef7c6c4b95a916def3d1", 
    "startDate" : ISODate("2018-03-01T00:00:00.000+0000"), 
    "endDate" : ISODate("2018-03-06T00:00:00.000+0000"), 
    "state" : NumberInt(1), 
    "createdAt" : ISODate("2018-03-22T09:14:40.989+0000"), 
    "updatedAt" : ISODate("2018-03-22T09:14:41.070+0000")
}
{ 
    "_id" : ObjectId("5abcab68656266149c410bdb"), 
    "name" : "Testing data", 
    "projectId" : ObjectId("5a94de0d51503c890cf36420"), 
    "startDate" : ISODate("2018-03-01T00:00:00.000+0000"), 
    "endDate" : ISODate("2018-03-06T00:00:00.000+0000"), 
    "state" : NumberInt(1), 
    "createdAt" : ISODate("2018-03-29T09:01:28.142+0000"), 
    "updatedAt" : ISODate("2018-03-29T09:01:28.213+0000")
}
{ 
    "_id" : ObjectId("5abcdf64cbc4da1b58229ed4"), 
    "name" : "Test date12", 
    "projectId" : ObjectId("5a979ca209abd7e0459dfd1e"), 
    "startDate" : ISODate("2018-03-01T00:00:00.000+0000"), 
    "endDate" : ISODate("2018-03-01T00:00:00.000+0000"), 
    "state" : NumberInt(1), 
    "createdAt" : ISODate("2018-03-29T12:43:16.505+0000"), 
    "updatedAt" : ISODate("2018-03-29T12:43:16.539+0000")
}
{ 
    "_id" : ObjectId("5ac4b29f4ba1b206b4dc2588"), 
    "name" : "Apr Task", 
    "projectId" : ObjectId("5ac4b2714ba1b206b4dc2584"), 
    "startDate" : ISODate("2018-04-04T00:00:00.000+0000"), 
    "endDate" : ISODate("2018-04-30T00:00:00.000+0000"), 
    "state" : NumberInt(1), 
    "createdAt" : ISODate("2018-04-04T11:10:23.467+0000"), 
    "updatedAt" : ISODate("2018-04-04T11:10:23.500+0000")
}
{ 
    "_id" : ObjectId("5ac7393b6b46661a701b7028"), 
    "name" : "Test 1", 
    "projectId" : ObjectId("5ac738f16b46661a701b7020"), 
    "startDate" : ISODate("2018-04-06T00:00:00.000+0000"), 
    "endDate" : ISODate("2018-04-27T00:00:00.000+0000"), 
    "state" : NumberInt(1), 
    "createdAt" : ISODate("2018-04-06T09:09:15.224+0000"), 
    "updatedAt" : ISODate("2018-04-09T14:00:37.692+0000")
}
{ 
    "_id" : ObjectId("5accb171068489190838f92a"), 
    "name" : "Sample Task", 
    "projectId" : ObjectId("5accb159068489190838f928"), 
    "startDate" : ISODate("2018-04-10T00:00:00.000+0000"), 
    "endDate" : ISODate("2018-04-19T00:00:00.000+0000"), 
    "state" : NumberInt(2), 
    "createdAt" : ISODate("2018-04-10T12:43:29.800+0000"), 
    "updatedAt" : ISODate("2018-04-10T12:44:13.086+0000")
}
{ 
    "_id" : ObjectId("5acefb40aa05320838304fe2"), 
    "name" : "CRM Task1", 
    "projectId" : ObjectId("5acefa0baa05320838304fda"), 
    "startDate" : ISODate("2018-04-13T00:00:00.000+0000"), 
    "endDate" : ISODate("2018-05-25T00:00:00.000+0000"), 
    "state" : NumberInt(1), 
    "createdAt" : ISODate("2018-04-12T06:22:56.084+0000"), 
    "updatedAt" : ISODate("2018-04-12T06:22:56.084+0000")
}
{ 
    "_id" : ObjectId("5acefb70aa05320838304fe5"), 
    "name" : "CRFM Task2", 
    "projectId" : ObjectId("5acefa0baa05320838304fda"), 
    "startDate" : ISODate("2018-04-13T00:00:00.000+0000"), 
    "endDate" : ISODate("2018-05-25T00:00:00.000+0000"), 
    "state" : NumberInt(1), 
    "createdAt" : ISODate("2018-04-12T06:23:44.133+0000"), 
    "updatedAt" : ISODate("2018-04-12T06:23:44.133+0000")
}
{ 
    "_id" : ObjectId("5acefb8aaa05320838304fe8"), 
    "name" : "RRS Task1", 
    "projectId" : ObjectId("5acefa30aa05320838304fdc"), 
    "startDate" : ISODate("2018-04-13T00:00:00.000+0000"), 
    "endDate" : ISODate("2018-05-25T00:00:00.000+0000"), 
    "state" : NumberInt(1), 
    "createdAt" : ISODate("2018-04-12T06:24:10.301+0000"), 
    "updatedAt" : ISODate("2018-04-12T06:24:10.301+0000")
}
{ 
    "_id" : ObjectId("5acefb96aa05320838304feb"), 
    "name" : "RRS Task2", 
    "projectId" : ObjectId("5acefa30aa05320838304fdc"), 
    "startDate" : ISODate("2018-04-13T00:00:00.000+0000"), 
    "endDate" : ISODate("2018-05-25T00:00:00.000+0000"), 
    "state" : NumberInt(1), 
    "createdAt" : ISODate("2018-04-12T06:24:22.677+0000"), 
    "updatedAt" : ISODate("2018-04-12T06:24:22.677+0000")
}
{ 
    "_id" : ObjectId("5acefbc0aa05320838304fee"), 
    "name" : "Priceshoes Task1", 
    "projectId" : ObjectId("5acefa4eaa05320838304fde"), 
    "startDate" : ISODate("2018-04-13T00:00:00.000+0000"), 
    "endDate" : ISODate("2018-05-25T00:00:00.000+0000"), 
    "state" : NumberInt(1), 
    "createdAt" : ISODate("2018-04-12T06:25:04.813+0000"), 
    "updatedAt" : ISODate("2018-04-12T06:39:34.159+0000")
}
{ 
    "_id" : ObjectId("5acefbd2aa05320838304ff1"), 
    "name" : "Priceshoes Task2", 
    "projectId" : ObjectId("5acefa4eaa05320838304fde"), 
    "startDate" : ISODate("2018-04-13T00:00:00.000+0000"), 
    "endDate" : ISODate("2018-05-25T00:00:00.000+0000"), 
    "state" : NumberInt(1), 
    "createdAt" : ISODate("2018-04-12T06:25:22.871+0000"), 
    "updatedAt" : ISODate("2018-04-12T06:25:22.871+0000")
}
{ 
    "_id" : ObjectId("5acefbf3aa05320838304ff4"), 
    "name" : "TimesheetApp Task1", 
    "projectId" : ObjectId("5acefa7daa05320838304fe0"), 
    "startDate" : ISODate("2018-04-13T00:00:00.000+0000"), 
    "endDate" : ISODate("2018-05-25T00:00:00.000+0000"), 
    "state" : NumberInt(1), 
    "createdAt" : ISODate("2018-04-12T06:25:55.779+0000"), 
    "updatedAt" : ISODate("2018-04-12T06:40:02.330+0000")
}
{ 
    "_id" : ObjectId("5acefbfbaa05320838304ff7"), 
    "name" : "TimesheetApp Task2", 
    "projectId" : ObjectId("5acefa7daa05320838304fe0"), 
    "startDate" : ISODate("2018-04-13T00:00:00.000+0000"), 
    "endDate" : ISODate("2018-05-25T00:00:00.000+0000"), 
    "state" : NumberInt(1), 
    "createdAt" : ISODate("2018-04-12T06:26:03.186+0000"), 
    "updatedAt" : ISODate("2018-04-12T06:26:03.186+0000")
}
{ 
    "_id" : ObjectId("5acf02c4aa05320838305006"), 
    "name" : "Test Tasnee1", 
    "projectId" : ObjectId("5acf02a9aa05320838305004"), 
    "startDate" : ISODate("2018-04-12T00:00:00.000+0000"), 
    "endDate" : ISODate("2018-04-28T00:00:00.000+0000"), 
    "state" : NumberInt(1), 
    "createdAt" : ISODate("2018-04-12T06:55:00.495+0000"), 
    "updatedAt" : ISODate("2018-04-12T06:55:00.495+0000")
}
{ 
    "_id" : ObjectId("5acf03a6aa05320838305009"), 
    "name" : "dfdsfd", 
    "projectId" : ObjectId("5acf02a9aa05320838305004"), 
    "startDate" : ISODate("2018-04-13T00:00:00.000+0000"), 
    "endDate" : ISODate("2018-04-21T00:00:00.000+0000"), 
    "state" : NumberInt(1), 
    "createdAt" : ISODate("2018-04-12T06:58:46.896+0000"), 
    "updatedAt" : ISODate("2018-04-12T06:58:46.896+0000")
}
{ 
    "_id" : ObjectId("5acf04cfaa05320838305010"), 
    "name" : "tsdsd", 
    "projectId" : ObjectId("5acf02a9aa05320838305004"), 
    "startDate" : ISODate("2018-04-13T00:00:00.000+0000"), 
    "endDate" : ISODate("2018-04-27T00:00:00.000+0000"), 
    "state" : NumberInt(1), 
    "createdAt" : ISODate("2018-04-12T07:03:43.785+0000"), 
    "updatedAt" : ISODate("2018-04-12T07:03:43.785+0000")
}
{ 
    "_id" : ObjectId("5acf04f0aa05320838305015"), 
    "name" : "tresdsd", 
    "projectId" : ObjectId("5acf02a9aa05320838305004"), 
    "startDate" : ISODate("2018-04-13T00:00:00.000+0000"), 
    "endDate" : ISODate("2018-04-30T00:00:00.000+0000"), 
    "state" : NumberInt(1), 
    "createdAt" : ISODate("2018-04-12T07:04:16.918+0000"), 
    "updatedAt" : ISODate("2018-04-12T07:04:16.918+0000")
}
{ 
    "_id" : ObjectId("5acf0565aa0532083830501c"), 
    "name" : "SIOYYTT", 
    "projectId" : ObjectId("5acf02a9aa05320838305004"), 
    "startDate" : ISODate("2018-04-13T00:00:00.000+0000"), 
    "endDate" : ISODate("2018-04-30T00:00:00.000+0000"), 
    "state" : NumberInt(1), 
    "createdAt" : ISODate("2018-04-12T07:06:13.395+0000"), 
    "updatedAt" : ISODate("2018-04-12T07:06:13.395+0000")
}
{ 
    "_id" : ObjectId("5acf0574aa0532083830501f"), 
    "name" : "SIOYYTT", 
    "projectId" : ObjectId("5acf02a9aa05320838305004"), 
    "startDate" : ISODate("2018-04-13T00:00:00.000+0000"), 
    "endDate" : ISODate("2018-04-30T00:00:00.000+0000"), 
    "state" : NumberInt(1), 
    "createdAt" : ISODate("2018-04-12T07:06:28.953+0000"), 
    "updatedAt" : ISODate("2018-04-12T07:06:29.054+0000")
}
{ 
    "_id" : ObjectId("5ad02e656901ac0720e7a36f"), 
    "name" : "zdfsadfds", 
    "projectId" : ObjectId("5ac738f16b46661a701b7020"), 
    "startDate" : ISODate("2018-04-19T00:00:00.000+0000"), 
    "endDate" : ISODate("2018-04-27T00:00:00.000+0000"), 
    "state" : NumberInt(1), 
    "createdAt" : ISODate("2018-04-13T04:13:25.224+0000"), 
    "updatedAt" : ISODate("2018-04-13T04:13:50.094+0000")
}
{ 
    "_id" : ObjectId("5ad0916abb7d262b8c89c6f8"), 
    "name" : "ssdfdsfd", 
    "projectId" : ObjectId("5ac4b2714ba1b206b4dc2584"), 
    "startDate" : ISODate("2018-04-20T00:00:00.000+0000"), 
    "endDate" : ISODate("2018-04-27T00:00:00.000+0000"), 
    "state" : NumberInt(1), 
    "createdAt" : ISODate("2018-04-13T11:15:54.050+0000"), 
    "updatedAt" : ISODate("2018-04-13T11:16:19.244+0000")
}
