{ 
    "_id" : ObjectId("5a94e0a751503c890cf36422"), 
    "name" : "Test 1", 
    "projectId" : ObjectId("5a94de0d51503c890cf36420"), 
    "loggedInUserId" : "5a93ef7c6c4b95a916def3d1", 
    "startDate" : ISODate("2018-02-28T00:00:00.000+0000"), 
    "endDate" : ISODate("2018-02-28T00:00:00.000+0000"), 
    "state" : NumberInt(1), 
    "createdAt" : ISODate("2018-02-27T04:37:59.486+0000"), 
    "updatedAt" : ISODate("2018-03-07T12:59:36.994+0000")
}
{ 
    "_id" : ObjectId("5a964c9553f6f8c267446a9e"), 
    "name" : "Task page creation", 
    "projectId" : ObjectId("5a94de0d51503c890cf36420"), 
    "loggedInUserId" : "5a93ef7c6c4b95a916def3d1", 
    "startDate" : ISODate("2018-02-28T00:00:00.000+0000"), 
    "endDate" : ISODate("2018-03-01T00:00:00.000+0000"), 
    "state" : NumberInt(1), 
    "createdAt" : ISODate("2018-02-28T06:30:45.018+0000"), 
    "updatedAt" : ISODate("2018-02-28T06:30:45.018+0000")
}
{ 
    "_id" : ObjectId("5a967bb453f6f8c267446aab"), 
    "name" : "Test 2", 
    "projectId" : ObjectId("5a94de0d51503c890cf36420"), 
    "loggedInUserId" : "5a93ef7c6c4b95a916def3d1", 
    "startDate" : ISODate("2018-02-28T00:00:00.000+0000"), 
    "endDate" : ISODate("2018-02-28T00:00:00.000+0000"), 
    "state" : NumberInt(1), 
    "createdAt" : ISODate("2018-02-28T09:51:48.450+0000"), 
    "updatedAt" : ISODate("2018-02-28T09:51:48.450+0000")
}
{ 
    "_id" : ObjectId("5a97c1d009abd7e0459dfd26"), 
    "name" : "Test 3", 
    "projectId" : ObjectId("5a94de0d51503c890cf36420"), 
    "loggedInUserId" : "5a93ef7c6c4b95a916def3d1", 
    "startDate" : ISODate("2018-03-01T00:00:00.000+0000"), 
    "endDate" : ISODate("2018-03-02T00:00:00.000+0000"), 
    "state" : NumberInt(1), 
    "createdAt" : ISODate("2018-03-01T09:03:12.443+0000"), 
    "updatedAt" : ISODate("2018-03-01T09:03:12.443+0000")
}
{ 
    "_id" : ObjectId("5a97ce7f09abd7e0459dfd33"), 
    "name" : "Task page creation", 
    "projectId" : ObjectId("5a94de0d51503c890cf36420"), 
    "loggedInUserId" : "5a93ef7c6c4b95a916def3d1", 
    "startDate" : ISODate("2018-03-01T00:00:00.000+0000"), 
    "endDate" : ISODate("2018-03-03T00:00:00.000+0000"), 
    "state" : NumberInt(1), 
    "createdAt" : ISODate("2018-03-01T09:57:19.853+0000"), 
    "updatedAt" : ISODate("2018-03-01T09:57:19.853+0000")
}
{ 
    "_id" : ObjectId("5a97e20709abd7e0459dfd40"), 
    "name" : "Task page creation33", 
    "projectId" : ObjectId("5a94de0d51503c890cf36420"), 
    "loggedInUserId" : "5a93ef7c6c4b95a916def3d1", 
    "startDate" : ISODate("2018-03-01T00:00:00.000+0000"), 
    "endDate" : ISODate("2018-03-06T00:00:00.000+0000"), 
    "state" : NumberInt(1), 
    "createdAt" : ISODate("2018-03-01T11:20:39.158+0000"), 
    "updatedAt" : ISODate("2018-03-01T11:20:39.158+0000")
}
{ 
    "_id" : ObjectId("5a97ed6d09abd7e0459dfd43"), 
    "name" : "Test", 
    "projectId" : ObjectId("5a94de0d51503c890cf36420"), 
    "loggedInUserId" : "5a93ef7c6c4b95a916def3d1", 
    "startDate" : ISODate("2018-03-01T00:00:00.000+0000"), 
    "endDate" : ISODate("2018-03-06T00:00:00.000+0000"), 
    "state" : NumberInt(1), 
    "createdAt" : ISODate("2018-03-01T12:09:17.602+0000"), 
    "updatedAt" : ISODate("2018-03-01T12:09:17.602+0000")
}
{ 
    "_id" : ObjectId("5a97efa7dbcd014a19105dd0"), 
    "name" : "Test 3", 
    "projectId" : ObjectId("5a979ca209abd7e0459dfd1e"), 
    "loggedInUserId" : "5a93ef7c6c4b95a916def3d1", 
    "startDate" : ISODate("2018-03-01T00:00:00.000+0000"), 
    "endDate" : ISODate("2018-03-02T00:00:00.000+0000"), 
    "state" : NumberInt(1), 
    "createdAt" : ISODate("2018-03-01T12:18:47.953+0000"), 
    "updatedAt" : ISODate("2018-03-01T12:18:47.953+0000")
}
{ 
    "_id" : ObjectId("5a97eff2dbcd014a19105dd3"), 
    "name" : "Test 2", 
    "projectId" : ObjectId("5a979ca209abd7e0459dfd1e"), 
    "loggedInUserId" : "5a93ef7c6c4b95a916def3d1", 
    "startDate" : ISODate("2018-03-01T00:00:00.000+0000"), 
    "endDate" : ISODate("2018-03-02T00:00:00.000+0000"), 
    "state" : NumberInt(1), 
    "createdAt" : ISODate("2018-03-01T12:20:02.526+0000"), 
    "updatedAt" : ISODate("2018-03-01T12:20:02.526+0000")
}
{ 
    "_id" : ObjectId("5a97f47fdbcd014a19105dd6"), 
    "name" : "Test 3", 
    "projectId" : ObjectId("5a97d69e09abd7e0459dfd3c"), 
    "loggedInUserId" : "5a93ef7c6c4b95a916def3d1", 
    "startDate" : ISODate("2018-03-01T00:00:00.000+0000"), 
    "endDate" : ISODate("2018-03-02T00:00:00.000+0000"), 
    "state" : NumberInt(1), 
    "createdAt" : ISODate("2018-03-01T12:39:27.921+0000"), 
    "updatedAt" : ISODate("2018-03-01T12:39:27.921+0000")
}
{ 
    "_id" : ObjectId("5a98eabadbcd014a19105ddb"), 
    "name" : "saS", 
    "projectId" : ObjectId("5a94de0d51503c890cf36420"), 
    "loggedInUserId" : "5a93ef7c6c4b95a916def3d1", 
    "startDate" : ISODate("2018-03-02T00:00:00.000+0000"), 
    "endDate" : ISODate("2018-03-02T00:00:00.000+0000"), 
    "state" : NumberInt(1), 
    "createdAt" : ISODate("2018-03-02T06:10:02.445+0000"), 
    "updatedAt" : ISODate("2018-03-02T06:10:02.445+0000")
}
{ 
    "_id" : ObjectId("5a9d0fccdbcd014a19105de0"), 
    "name" : "erer", 
    "projectId" : ObjectId("5a94de0d51503c890cf36420"), 
    "loggedInUserId" : "5a93ef7c6c4b95a916def3d1", 
    "startDate" : ISODate("2018-03-01T00:00:00.000+0000"), 
    "endDate" : ISODate("2018-03-07T00:00:00.000+0000"), 
    "state" : NumberInt(1), 
    "createdAt" : ISODate("2018-03-05T09:37:16.927+0000"), 
    "updatedAt" : ISODate("2018-03-05T09:37:16.927+0000")
}
{ 
    "_id" : ObjectId("5a9e4bca2a7c28e67a4d581a"), 
    "name" : "Test Task", 
    "projectId" : ObjectId("5a9e36b32a7c28e67a4d580c"), 
    "loggedInUserId" : "5a93ef7c6c4b95a916def3d1", 
    "startDate" : ISODate("2018-03-17T00:00:00.000+0000"), 
    "endDate" : ISODate("2018-03-27T00:00:00.000+0000"), 
    "state" : NumberInt(1), 
    "createdAt" : ISODate("2018-03-06T08:05:30.687+0000"), 
    "updatedAt" : ISODate("2018-03-06T08:05:30.687+0000")
}
{ 
    "_id" : ObjectId("5a9e60872a7c28e67a4d581d"), 
    "name" : "Test Task", 
    "projectId" : ObjectId("5a9e2f5c2a7c28e67a4d57fe"), 
    "loggedInUserId" : "5a93ef7c6c4b95a916def3d1", 
    "startDate" : ISODate("2018-03-14T00:00:00.000+0000"), 
    "endDate" : ISODate("2018-03-28T00:00:00.000+0000"), 
    "state" : NumberInt(1), 
    "createdAt" : ISODate("2018-03-06T09:33:59.127+0000"), 
    "updatedAt" : ISODate("2018-03-06T09:33:59.127+0000")
}
