{ 
    "_id" : ObjectId("5a94e0a751503c890cf36423"), 
    "taskId" : ObjectId("5a94e0a751503c890cf36422"), 
    "date" : ISODate("2018-02-27T00:00:00.000+0000"), 
    "userId" : ObjectId("5a93ef7c6c4b95a916def3d2"), 
    "comments" : "new task created", 
    "createdAt" : ISODate("2018-02-27T04:37:59.512+0000"), 
    "updatedAt" : ISODate("2018-02-27T04:37:59.512+0000")
}
{ 
    "_id" : ObjectId("5a964c9553f6f8c267446a9f"), 
    "taskId" : ObjectId("5a964c9553f6f8c267446a9e"), 
    "date" : ISODate("2018-02-28T00:00:00.000+0000"), 
    "userId" : ObjectId("5a93ef7c6c4b95a916def3d2"), 
    "comments" : "new task created", 
    "createdAt" : ISODate("2018-02-28T06:30:45.020+0000"), 
    "updatedAt" : ISODate("2018-02-28T06:30:45.020+0000")
}
{ 
    "_id" : ObjectId("5a967bb453f6f8c267446aac"), 
    "taskId" : ObjectId("5a967bb453f6f8c267446aab"), 
    "date" : ISODate("2018-02-28T00:00:00.000+0000"), 
    "userId" : ObjectId("5a93ef7c6c4b95a916def3d2"), 
    "comments" : "new task created", 
    "createdAt" : ISODate("2018-02-28T09:51:48.452+0000"), 
    "updatedAt" : ISODate("2018-02-28T09:51:48.452+0000")
}
{ 
    "_id" : ObjectId("5a97c1d009abd7e0459dfd27"), 
    "taskId" : ObjectId("5a97c1d009abd7e0459dfd26"), 
    "date" : ISODate("2018-03-01T00:00:00.000+0000"), 
    "userId" : ObjectId("5a93ef7c6c4b95a916def3d2"), 
    "comments" : "new task created", 
    "createdAt" : ISODate("2018-03-01T09:03:12.445+0000"), 
    "updatedAt" : ISODate("2018-03-01T09:03:12.445+0000")
}
{ 
    "_id" : ObjectId("5a97ce7f09abd7e0459dfd34"), 
    "taskId" : ObjectId("5a97ce7f09abd7e0459dfd33"), 
    "date" : ISODate("2018-03-01T00:00:00.000+0000"), 
    "userId" : ObjectId("5a93ef7c6c4b95a916def3d2"), 
    "comments" : "new task created", 
    "createdAt" : ISODate("2018-03-01T09:57:19.856+0000"), 
    "updatedAt" : ISODate("2018-03-01T09:57:19.856+0000")
}
{ 
    "_id" : ObjectId("5a97e20709abd7e0459dfd41"), 
    "taskId" : ObjectId("5a97e20709abd7e0459dfd40"), 
    "date" : ISODate("2018-03-01T00:00:00.000+0000"), 
    "userId" : ObjectId("5a93ef7c6c4b95a916def3d2"), 
    "comments" : "new task created", 
    "createdAt" : ISODate("2018-03-01T11:20:39.160+0000"), 
    "updatedAt" : ISODate("2018-03-01T11:20:39.160+0000")
}
{ 
    "_id" : ObjectId("5a97ed6d09abd7e0459dfd44"), 
    "taskId" : ObjectId("5a97ed6d09abd7e0459dfd43"), 
    "date" : ISODate("2018-03-01T00:00:00.000+0000"), 
    "userId" : ObjectId("5a93ef7c6c4b95a916def3d2"), 
    "comments" : "new task created", 
    "createdAt" : ISODate("2018-03-01T12:09:17.605+0000"), 
    "updatedAt" : ISODate("2018-03-01T12:09:17.605+0000")
}
{ 
    "_id" : ObjectId("5a97efa7dbcd014a19105dd1"), 
    "taskId" : ObjectId("5a97efa7dbcd014a19105dd0"), 
    "date" : ISODate("2018-03-01T00:00:00.000+0000"), 
    "userId" : ObjectId("5a93ef7c6c4b95a916def3d2"), 
    "comments" : "new task created", 
    "createdAt" : ISODate("2018-03-01T12:18:47.962+0000"), 
    "updatedAt" : ISODate("2018-03-01T12:18:47.962+0000")
}
{ 
    "_id" : ObjectId("5a97eff2dbcd014a19105dd4"), 
    "taskId" : ObjectId("5a97eff2dbcd014a19105dd3"), 
    "date" : ISODate("2018-03-01T00:00:00.000+0000"), 
    "userId" : ObjectId("5a93ef7c6c4b95a916def3d2"), 
    "comments" : "new task created", 
    "createdAt" : ISODate("2018-03-01T12:20:02.531+0000"), 
    "updatedAt" : ISODate("2018-03-01T12:20:02.531+0000")
}
{ 
    "_id" : ObjectId("5a97f47fdbcd014a19105dd7"), 
    "taskId" : ObjectId("5a97f47fdbcd014a19105dd6"), 
    "date" : ISODate("2018-03-01T00:00:00.000+0000"), 
    "userId" : ObjectId("5a93ef7c6c4b95a916def3d2"), 
    "comments" : "new task created", 
    "createdAt" : ISODate("2018-03-01T12:39:27.924+0000"), 
    "updatedAt" : ISODate("2018-03-01T12:39:27.924+0000")
}
{ 
    "_id" : ObjectId("5a98eabadbcd014a19105ddc"), 
    "taskId" : ObjectId("5a98eabadbcd014a19105ddb"), 
    "date" : ISODate("2018-03-02T00:00:00.000+0000"), 
    "userId" : ObjectId("5a93ef7c6c4b95a916def3d2"), 
    "comments" : "new task created", 
    "createdAt" : ISODate("2018-03-02T06:10:02.448+0000"), 
    "updatedAt" : ISODate("2018-03-02T06:10:02.448+0000")
}
{ 
    "_id" : ObjectId("5a9d0fccdbcd014a19105de1"), 
    "taskId" : ObjectId("5a9d0fccdbcd014a19105de0"), 
    "date" : ISODate("2018-03-05T00:00:00.000+0000"), 
    "userId" : ObjectId("5a93ef7c6c4b95a916def3d2"), 
    "comments" : "new task created", 
    "createdAt" : ISODate("2018-03-05T09:37:16.931+0000"), 
    "updatedAt" : ISODate("2018-03-05T09:37:16.931+0000")
}
{ 
    "_id" : ObjectId("5a9e4bca2a7c28e67a4d581b"), 
    "taskId" : ObjectId("5a9e4bca2a7c28e67a4d581a"), 
    "date" : ISODate("2018-03-06T00:00:00.000+0000"), 
    "userId" : ObjectId("5a93ef7c6c4b95a916def3d2"), 
    "comments" : "new task created", 
    "createdAt" : ISODate("2018-03-06T08:05:30.690+0000"), 
    "updatedAt" : ISODate("2018-03-06T08:05:30.690+0000")
}
{ 
    "_id" : ObjectId("5a9e60872a7c28e67a4d581e"), 
    "taskId" : ObjectId("5a9e60872a7c28e67a4d581d"), 
    "date" : ISODate("2018-03-06T00:00:00.000+0000"), 
    "userId" : ObjectId("5a93ef7c6c4b95a916def3d2"), 
    "comments" : "new task created", 
    "createdAt" : ISODate("2018-03-06T09:33:59.129+0000"), 
    "updatedAt" : ISODate("2018-03-06T09:33:59.129+0000")
}
{ 
    "_id" : ObjectId("5a9fd46aa4baa605e484d9e9"), 
    "taskId" : ObjectId("5a94e0a751503c890cf36422"), 
    "date" : ISODate("2018-03-07T00:00:00.000+0000"), 
    "userId" : ObjectId("5a93ef7c6c4b95a916def3d2"), 
    "comments" : "task is assigend to the associate with id 5a94e57f51503c890cf36426", 
    "createdAt" : ISODate("2018-03-07T12:00:42.414+0000"), 
    "updatedAt" : ISODate("2018-03-07T12:00:42.414+0000")
}
{ 
    "_id" : ObjectId("5a9fe1fb43f2940618a78b9f"), 
    "taskId" : ObjectId("5a94e0a751503c890cf36422"), 
    "date" : ISODate("2018-03-07T00:00:00.000+0000"), 
    "userId" : ObjectId("5a93ef7c6c4b95a916def3d2"), 
    "comments" : "task is assigend to the associate with id 5a952facb7b2bfbb650f7493", 
    "createdAt" : ISODate("2018-03-07T12:58:35.963+0000"), 
    "updatedAt" : ISODate("2018-03-07T12:58:35.963+0000")
}
{ 
    "_id" : ObjectId("5a9fe23943f2940618a78ba1"), 
    "taskId" : ObjectId("5a94e0a751503c890cf36422"), 
    "date" : ISODate("2018-03-07T00:00:00.000+0000"), 
    "userId" : ObjectId("5a93ef7c6c4b95a916def3d2"), 
    "comments" : "task is assigend to the associate with id 5a9564c553f6f8c267446a9c", 
    "createdAt" : ISODate("2018-03-07T12:59:37.016+0000"), 
    "updatedAt" : ISODate("2018-03-07T12:59:37.016+0000")
}
