{ 
    "_id" : ObjectId("5a94e0a751503c890cf36423"), 
    "taskId" : ObjectId("5a94e0a751503c890cf36422"), 
    "date" : ISODate("2018-02-27T00:00:00.000+0000"), 
    "userId" : ObjectId("5a93ef7c6c4b95a916def3d2"), 
    "comments" : "new task created", 
    "createdAt" : ISODate("2018-02-27T04:37:59.512+0000"), 
    "updatedAt" : ISODate("2018-02-27T04:37:59.512+0000")
}
{ 
    "_id" : ObjectId("5a964c9553f6f8c267446a9f"), 
    "taskId" : ObjectId("5a964c9553f6f8c267446a9e"), 
    "date" : ISODate("2018-02-28T00:00:00.000+0000"), 
    "userId" : ObjectId("5a93ef7c6c4b95a916def3d2"), 
    "comments" : "new task created", 
    "createdAt" : ISODate("2018-02-28T06:30:45.020+0000"), 
    "updatedAt" : ISODate("2018-02-28T06:30:45.020+0000")
}
{ 
    "_id" : ObjectId("5a967bb453f6f8c267446aac"), 
    "taskId" : ObjectId("5a967bb453f6f8c267446aab"), 
    "date" : ISODate("2018-02-28T00:00:00.000+0000"), 
    "userId" : ObjectId("5a93ef7c6c4b95a916def3d2"), 
    "comments" : "new task created", 
    "createdAt" : ISODate("2018-02-28T09:51:48.452+0000"), 
    "updatedAt" : ISODate("2018-02-28T09:51:48.452+0000")
}
{ 
    "_id" : ObjectId("5a97c1d009abd7e0459dfd27"), 
    "taskId" : ObjectId("5a97c1d009abd7e0459dfd26"), 
    "date" : ISODate("2018-03-01T00:00:00.000+0000"), 
    "userId" : ObjectId("5a93ef7c6c4b95a916def3d2"), 
    "comments" : "new task created", 
    "createdAt" : ISODate("2018-03-01T09:03:12.445+0000"), 
    "updatedAt" : ISODate("2018-03-01T09:03:12.445+0000")
}
{ 
    "_id" : ObjectId("5a97ce7f09abd7e0459dfd34"), 
    "taskId" : ObjectId("5a97ce7f09abd7e0459dfd33"), 
    "date" : ISODate("2018-03-01T00:00:00.000+0000"), 
    "userId" : ObjectId("5a93ef7c6c4b95a916def3d2"), 
    "comments" : "new task created", 
    "createdAt" : ISODate("2018-03-01T09:57:19.856+0000"), 
    "updatedAt" : ISODate("2018-03-01T09:57:19.856+0000")
}
{ 
    "_id" : ObjectId("5a97e20709abd7e0459dfd41"), 
    "taskId" : ObjectId("5a97e20709abd7e0459dfd40"), 
    "date" : ISODate("2018-03-01T00:00:00.000+0000"), 
    "userId" : ObjectId("5a93ef7c6c4b95a916def3d2"), 
    "comments" : "new task created", 
    "createdAt" : ISODate("2018-03-01T11:20:39.160+0000"), 
    "updatedAt" : ISODate("2018-03-01T11:20:39.160+0000")
}
{ 
    "_id" : ObjectId("5a97ed6d09abd7e0459dfd44"), 
    "taskId" : ObjectId("5a97ed6d09abd7e0459dfd43"), 
    "date" : ISODate("2018-03-01T00:00:00.000+0000"), 
    "userId" : ObjectId("5a93ef7c6c4b95a916def3d2"), 
    "comments" : "new task created", 
    "createdAt" : ISODate("2018-03-01T12:09:17.605+0000"), 
    "updatedAt" : ISODate("2018-03-01T12:09:17.605+0000")
}
{ 
    "_id" : ObjectId("5a97efa7dbcd014a19105dd1"), 
    "taskId" : ObjectId("5a97efa7dbcd014a19105dd0"), 
    "date" : ISODate("2018-03-01T00:00:00.000+0000"), 
    "userId" : ObjectId("5a93ef7c6c4b95a916def3d2"), 
    "comments" : "new task created", 
    "createdAt" : ISODate("2018-03-01T12:18:47.962+0000"), 
    "updatedAt" : ISODate("2018-03-01T12:18:47.962+0000")
}
{ 
    "_id" : ObjectId("5a97eff2dbcd014a19105dd4"), 
    "taskId" : ObjectId("5a97eff2dbcd014a19105dd3"), 
    "date" : ISODate("2018-03-01T00:00:00.000+0000"), 
    "userId" : ObjectId("5a93ef7c6c4b95a916def3d2"), 
    "comments" : "new task created", 
    "createdAt" : ISODate("2018-03-01T12:20:02.531+0000"), 
    "updatedAt" : ISODate("2018-03-01T12:20:02.531+0000")
}
{ 
    "_id" : ObjectId("5a97f47fdbcd014a19105dd7"), 
    "taskId" : ObjectId("5a97f47fdbcd014a19105dd6"), 
    "date" : ISODate("2018-03-01T00:00:00.000+0000"), 
    "userId" : ObjectId("5a93ef7c6c4b95a916def3d2"), 
    "comments" : "new task created", 
    "createdAt" : ISODate("2018-03-01T12:39:27.924+0000"), 
    "updatedAt" : ISODate("2018-03-01T12:39:27.924+0000")
}
{ 
    "_id" : ObjectId("5a98eabadbcd014a19105ddc"), 
    "taskId" : ObjectId("5a98eabadbcd014a19105ddb"), 
    "date" : ISODate("2018-03-02T00:00:00.000+0000"), 
    "userId" : ObjectId("5a93ef7c6c4b95a916def3d2"), 
    "comments" : "new task created", 
    "createdAt" : ISODate("2018-03-02T06:10:02.448+0000"), 
    "updatedAt" : ISODate("2018-03-02T06:10:02.448+0000")
}
{ 
    "_id" : ObjectId("5a9d0fccdbcd014a19105de1"), 
    "taskId" : ObjectId("5a9d0fccdbcd014a19105de0"), 
    "date" : ISODate("2018-03-05T00:00:00.000+0000"), 
    "userId" : ObjectId("5a93ef7c6c4b95a916def3d2"), 
    "comments" : "new task created", 
    "createdAt" : ISODate("2018-03-05T09:37:16.931+0000"), 
    "updatedAt" : ISODate("2018-03-05T09:37:16.931+0000")
}
{ 
    "_id" : ObjectId("5a9e4bca2a7c28e67a4d581b"), 
    "taskId" : ObjectId("5a9e4bca2a7c28e67a4d581a"), 
    "date" : ISODate("2018-03-06T00:00:00.000+0000"), 
    "userId" : ObjectId("5a93ef7c6c4b95a916def3d2"), 
    "comments" : "new task created", 
    "createdAt" : ISODate("2018-03-06T08:05:30.690+0000"), 
    "updatedAt" : ISODate("2018-03-06T08:05:30.690+0000")
}
{ 
    "_id" : ObjectId("5a9e60872a7c28e67a4d581e"), 
    "taskId" : ObjectId("5a9e60872a7c28e67a4d581d"), 
    "date" : ISODate("2018-03-06T00:00:00.000+0000"), 
    "userId" : ObjectId("5a93ef7c6c4b95a916def3d2"), 
    "comments" : "new task created", 
    "createdAt" : ISODate("2018-03-06T09:33:59.129+0000"), 
    "updatedAt" : ISODate("2018-03-06T09:33:59.129+0000")
}
{ 
    "_id" : ObjectId("5a9fd46aa4baa605e484d9e9"), 
    "taskId" : ObjectId("5a94e0a751503c890cf36422"), 
    "date" : ISODate("2018-03-07T00:00:00.000+0000"), 
    "userId" : ObjectId("5a93ef7c6c4b95a916def3d2"), 
    "comments" : "task is assigend to the associate with id 5a94e57f51503c890cf36426", 
    "createdAt" : ISODate("2018-03-07T12:00:42.414+0000"), 
    "updatedAt" : ISODate("2018-03-07T12:00:42.414+0000")
}
{ 
    "_id" : ObjectId("5a9fe1fb43f2940618a78b9f"), 
    "taskId" : ObjectId("5a94e0a751503c890cf36422"), 
    "date" : ISODate("2018-03-07T00:00:00.000+0000"), 
    "userId" : ObjectId("5a93ef7c6c4b95a916def3d2"), 
    "comments" : "task is assigend to the associate with id 5a952facb7b2bfbb650f7493", 
    "createdAt" : ISODate("2018-03-07T12:58:35.963+0000"), 
    "updatedAt" : ISODate("2018-03-07T12:58:35.963+0000")
}
{ 
    "_id" : ObjectId("5a9fe23943f2940618a78ba1"), 
    "taskId" : ObjectId("5a94e0a751503c890cf36422"), 
    "date" : ISODate("2018-03-07T00:00:00.000+0000"), 
    "userId" : ObjectId("5a93ef7c6c4b95a916def3d2"), 
    "comments" : "task is assigend to the associate with id 5a9564c553f6f8c267446a9c", 
    "createdAt" : ISODate("2018-03-07T12:59:37.016+0000"), 
    "updatedAt" : ISODate("2018-03-07T12:59:37.016+0000")
}
{ 
    "_id" : ObjectId("5aa75447123c49259e705b3e"), 
    "taskId" : ObjectId("5aa75447123c49259e705b3d"), 
    "date" : ISODate("2018-03-13T00:00:00.000+0000"), 
    "userId" : ObjectId("5a93ef7c6c4b95a916def3d2"), 
    "comments" : "new task created", 
    "createdAt" : ISODate("2018-03-13T04:32:07.081+0000"), 
    "updatedAt" : ISODate("2018-03-13T04:32:07.081+0000")
}
{ 
    "_id" : ObjectId("5aa7555d123c49259e705b41"), 
    "taskId" : ObjectId("5aa7555d123c49259e705b40"), 
    "date" : ISODate("2018-03-13T00:00:00.000+0000"), 
    "userId" : ObjectId("5a93ef7c6c4b95a916def3d2"), 
    "comments" : "new task created", 
    "createdAt" : ISODate("2018-03-13T04:36:45.141+0000"), 
    "updatedAt" : ISODate("2018-03-13T04:36:45.141+0000")
}
{ 
    "_id" : ObjectId("5aa75569123c49259e705b44"), 
    "taskId" : ObjectId("5aa75569123c49259e705b43"), 
    "date" : ISODate("2018-03-13T00:00:00.000+0000"), 
    "userId" : ObjectId("5a93ef7c6c4b95a916def3d2"), 
    "comments" : "new task created", 
    "createdAt" : ISODate("2018-03-13T04:36:57.383+0000"), 
    "updatedAt" : ISODate("2018-03-13T04:36:57.383+0000")
}
{ 
    "_id" : ObjectId("5aa75610123c49259e705b47"), 
    "taskId" : ObjectId("5aa75610123c49259e705b46"), 
    "date" : ISODate("2018-03-13T00:00:00.000+0000"), 
    "userId" : ObjectId("5a93ef7c6c4b95a916def3d2"), 
    "comments" : "new task created", 
    "createdAt" : ISODate("2018-03-13T04:39:44.625+0000"), 
    "updatedAt" : ISODate("2018-03-13T04:39:44.625+0000")
}
{ 
    "_id" : ObjectId("5aa7563c123c49259e705b4a"), 
    "taskId" : ObjectId("5aa7563c123c49259e705b49"), 
    "date" : ISODate("2018-03-13T00:00:00.000+0000"), 
    "userId" : ObjectId("5a93ef7c6c4b95a916def3d2"), 
    "comments" : "new task created", 
    "createdAt" : ISODate("2018-03-13T04:40:28.777+0000"), 
    "updatedAt" : ISODate("2018-03-13T04:40:28.777+0000")
}
{ 
    "_id" : ObjectId("5aa7565d123c49259e705b4d"), 
    "taskId" : ObjectId("5aa7565d123c49259e705b4c"), 
    "date" : ISODate("2018-03-13T00:00:00.000+0000"), 
    "userId" : ObjectId("5a93ef7c6c4b95a916def3d2"), 
    "comments" : "new task created", 
    "createdAt" : ISODate("2018-03-13T04:41:01.943+0000"), 
    "updatedAt" : ISODate("2018-03-13T04:41:01.943+0000")
}
{ 
    "_id" : ObjectId("5aa7566b123c49259e705b50"), 
    "taskId" : ObjectId("5aa7566b123c49259e705b4f"), 
    "date" : ISODate("2018-03-13T00:00:00.000+0000"), 
    "userId" : ObjectId("5a93ef7c6c4b95a916def3d2"), 
    "comments" : "new task created", 
    "createdAt" : ISODate("2018-03-13T04:41:15.523+0000"), 
    "updatedAt" : ISODate("2018-03-13T04:41:15.523+0000")
}
{ 
    "_id" : ObjectId("5aa75691123c49259e705b53"), 
    "taskId" : ObjectId("5aa75691123c49259e705b52"), 
    "date" : ISODate("2018-03-13T00:00:00.000+0000"), 
    "userId" : ObjectId("5a93ef7c6c4b95a916def3d2"), 
    "comments" : "new task created", 
    "createdAt" : ISODate("2018-03-13T04:41:53.779+0000"), 
    "updatedAt" : ISODate("2018-03-13T04:41:53.779+0000")
}
{ 
    "_id" : ObjectId("5aa756af123c49259e705b56"), 
    "taskId" : ObjectId("5aa756af123c49259e705b55"), 
    "date" : ISODate("2018-03-13T00:00:00.000+0000"), 
    "userId" : ObjectId("5a93ef7c6c4b95a916def3d2"), 
    "comments" : "new task created", 
    "createdAt" : ISODate("2018-03-13T04:42:23.615+0000"), 
    "updatedAt" : ISODate("2018-03-13T04:42:23.615+0000")
}
{ 
    "_id" : ObjectId("5aa756bc123c49259e705b59"), 
    "taskId" : ObjectId("5aa756bc123c49259e705b58"), 
    "date" : ISODate("2018-03-13T00:00:00.000+0000"), 
    "userId" : ObjectId("5a93ef7c6c4b95a916def3d2"), 
    "comments" : "new task created", 
    "createdAt" : ISODate("2018-03-13T04:42:36.739+0000"), 
    "updatedAt" : ISODate("2018-03-13T04:42:36.739+0000")
}
{ 
    "_id" : ObjectId("5aa756cd123c49259e705b5c"), 
    "taskId" : ObjectId("5aa756cd123c49259e705b5b"), 
    "date" : ISODate("2018-03-13T00:00:00.000+0000"), 
    "userId" : ObjectId("5a93ef7c6c4b95a916def3d2"), 
    "comments" : "new task created", 
    "createdAt" : ISODate("2018-03-13T04:42:53.453+0000"), 
    "updatedAt" : ISODate("2018-03-13T04:42:53.453+0000")
}
{ 
    "_id" : ObjectId("5aa756cd123c49259e705b5f"), 
    "taskId" : ObjectId("5aa756cd123c49259e705b5b"), 
    "date" : ISODate("2018-03-13T00:00:00.000+0000"), 
    "userId" : ObjectId("5a93ef7c6c4b95a916def3d2"), 
    "comments" : "task is assigend to the associate with id 5a9564c553f6f8c267446a9c", 
    "createdAt" : ISODate("2018-03-13T04:42:53.855+0000"), 
    "updatedAt" : ISODate("2018-03-13T04:42:53.855+0000")
}
{ 
    "_id" : ObjectId("5aa756f2123c49259e705b61"), 
    "taskId" : ObjectId("5aa756f2123c49259e705b60"), 
    "date" : ISODate("2018-03-13T00:00:00.000+0000"), 
    "userId" : ObjectId("5a93ef7c6c4b95a916def3d2"), 
    "comments" : "new task created", 
    "createdAt" : ISODate("2018-03-13T04:43:30.262+0000"), 
    "updatedAt" : ISODate("2018-03-13T04:43:30.262+0000")
}
{ 
    "_id" : ObjectId("5aa756f2123c49259e705b64"), 
    "taskId" : ObjectId("5aa756f2123c49259e705b60"), 
    "date" : ISODate("2018-03-13T00:00:00.000+0000"), 
    "userId" : ObjectId("5a93ef7c6c4b95a916def3d2"), 
    "comments" : "task is assigend to the associate with id 5a9564c553f6f8c267446a9c", 
    "createdAt" : ISODate("2018-03-13T04:43:30.600+0000"), 
    "updatedAt" : ISODate("2018-03-13T04:43:30.600+0000")
}
{ 
    "_id" : ObjectId("5aa7579d123c49259e705b66"), 
    "taskId" : ObjectId("5aa7579d123c49259e705b65"), 
    "date" : ISODate("2018-03-13T00:00:00.000+0000"), 
    "userId" : ObjectId("5a93ef7c6c4b95a916def3d2"), 
    "comments" : "new task created", 
    "createdAt" : ISODate("2018-03-13T04:46:21.251+0000"), 
    "updatedAt" : ISODate("2018-03-13T04:46:21.251+0000")
}
{ 
    "_id" : ObjectId("5aa757ac123c49259e705b69"), 
    "taskId" : ObjectId("5aa7579d123c49259e705b65"), 
    "date" : ISODate("2018-03-13T00:00:00.000+0000"), 
    "userId" : ObjectId("5a93ef7c6c4b95a916def3d2"), 
    "comments" : "task is assigend to the associate with id 5a9564c553f6f8c267446a9c", 
    "createdAt" : ISODate("2018-03-13T04:46:36.025+0000"), 
    "updatedAt" : ISODate("2018-03-13T04:46:36.025+0000")
}
{ 
    "_id" : ObjectId("5aa75aee123c49259e705b6f"), 
    "taskId" : ObjectId("5aa75aee123c49259e705b6e"), 
    "date" : ISODate("2018-03-13T00:00:00.000+0000"), 
    "userId" : ObjectId("5a93ef7c6c4b95a916def3d2"), 
    "comments" : "new task created", 
    "createdAt" : ISODate("2018-03-13T05:00:30.839+0000"), 
    "updatedAt" : ISODate("2018-03-13T05:00:30.839+0000")
}
{ 
    "_id" : ObjectId("5aa767a6a647eb4278cef4b6"), 
    "taskId" : ObjectId("5aa767a6a647eb4278cef4b5"), 
    "date" : ISODate("2018-03-13T00:00:00.000+0000"), 
    "userId" : ObjectId("5a93ef7c6c4b95a916def3d2"), 
    "comments" : "new task created", 
    "createdAt" : ISODate("2018-03-13T05:54:46.742+0000"), 
    "updatedAt" : ISODate("2018-03-13T05:54:46.742+0000")
}
{ 
    "_id" : ObjectId("5aa767a7a647eb4278cef4b9"), 
    "taskId" : ObjectId("5aa767a6a647eb4278cef4b5"), 
    "date" : ISODate("2018-03-13T00:00:00.000+0000"), 
    "userId" : ObjectId("5a93ef7c6c4b95a916def3d2"), 
    "comments" : "task is assigend to the associate with id 5a97aa0f09abd7e0459dfd25", 
    "createdAt" : ISODate("2018-03-13T05:54:47.006+0000"), 
    "updatedAt" : ISODate("2018-03-13T05:54:47.006+0000")
}
{ 
    "_id" : ObjectId("5aa767eea647eb4278cef4bb"), 
    "taskId" : ObjectId("5aa767eea647eb4278cef4ba"), 
    "date" : ISODate("2018-03-13T00:00:00.000+0000"), 
    "userId" : ObjectId("5a93ef7c6c4b95a916def3d2"), 
    "comments" : "new task created", 
    "createdAt" : ISODate("2018-03-13T05:55:58.704+0000"), 
    "updatedAt" : ISODate("2018-03-13T05:55:58.704+0000")
}
{ 
    "_id" : ObjectId("5aa767eea647eb4278cef4be"), 
    "taskId" : ObjectId("5aa767eea647eb4278cef4ba"), 
    "date" : ISODate("2018-03-13T00:00:00.000+0000"), 
    "userId" : ObjectId("5a93ef7c6c4b95a916def3d2"), 
    "comments" : "task is assigend to the associate with id 5a97aa0f09abd7e0459dfd25", 
    "createdAt" : ISODate("2018-03-13T05:55:58.963+0000"), 
    "updatedAt" : ISODate("2018-03-13T05:55:58.963+0000")
}
{ 
    "_id" : ObjectId("5aa76bb9a647eb4278cef4c0"), 
    "taskId" : ObjectId("5aa76bb9a647eb4278cef4bf"), 
    "date" : ISODate("2018-03-13T00:00:00.000+0000"), 
    "userId" : ObjectId("5aa75a4c123c49259e705b6b"), 
    "comments" : "new task created", 
    "createdAt" : ISODate("2018-03-13T06:12:09.808+0000"), 
    "updatedAt" : ISODate("2018-03-13T06:12:09.808+0000")
}
{ 
    "_id" : ObjectId("5aa7814ba647eb4278cef4c3"), 
    "taskId" : ObjectId("5aa7814ba647eb4278cef4c2"), 
    "date" : ISODate("2018-03-13T00:00:00.000+0000"), 
    "userId" : ObjectId("5aa75a4c123c49259e705b6b"), 
    "comments" : "new task created", 
    "createdAt" : ISODate("2018-03-13T07:44:11.868+0000"), 
    "updatedAt" : ISODate("2018-03-13T07:44:11.868+0000")
}
{ 
    "_id" : ObjectId("5aa7cd210849fe4a7faa33c9"), 
    "taskId" : ObjectId("5aa7cd210849fe4a7faa33c8"), 
    "date" : ISODate("2018-03-13T00:00:00.000+0000"), 
    "userId" : ObjectId("5a93ef7c6c4b95a916def3d2"), 
    "comments" : "new task created", 
    "createdAt" : ISODate("2018-03-13T13:07:45.521+0000"), 
    "updatedAt" : ISODate("2018-03-13T13:07:45.521+0000")
}
{ 
    "_id" : ObjectId("5aa8c2900849fe4a7faa33cc"), 
    "taskId" : ObjectId("5aa8c2900849fe4a7faa33cb"), 
    "date" : ISODate("2018-03-14T00:00:00.000+0000"), 
    "userId" : ObjectId("5a93ef7c6c4b95a916def3d2"), 
    "comments" : "new task created", 
    "createdAt" : ISODate("2018-03-14T06:34:56.822+0000"), 
    "updatedAt" : ISODate("2018-03-14T06:34:56.822+0000")
}
{ 
    "_id" : ObjectId("5aa8c2a50849fe4a7faa33cf"), 
    "taskId" : ObjectId("5aa8c2a50849fe4a7faa33ce"), 
    "date" : ISODate("2018-03-14T00:00:00.000+0000"), 
    "userId" : ObjectId("5a93ef7c6c4b95a916def3d2"), 
    "comments" : "new task created", 
    "createdAt" : ISODate("2018-03-14T06:35:17.022+0000"), 
    "updatedAt" : ISODate("2018-03-14T06:35:17.022+0000")
}
{ 
    "_id" : ObjectId("5aa8c2a50849fe4a7faa33d2"), 
    "taskId" : ObjectId("5aa8c2a50849fe4a7faa33ce"), 
    "date" : ISODate("2018-03-14T00:00:00.000+0000"), 
    "userId" : ObjectId("5a93ef7c6c4b95a916def3d2"), 
    "comments" : "task is assigend to the associate with id 5a97c21409abd7e0459dfd2a", 
    "createdAt" : ISODate("2018-03-14T06:35:17.221+0000"), 
    "updatedAt" : ISODate("2018-03-14T06:35:17.221+0000")
}
{ 
    "_id" : ObjectId("5aa8c53c0849fe4a7faa33d4"), 
    "taskId" : ObjectId("5aa8c53c0849fe4a7faa33d3"), 
    "date" : ISODate("2018-03-14T00:00:00.000+0000"), 
    "userId" : ObjectId("5a93ef7c6c4b95a916def3d2"), 
    "comments" : "new task created", 
    "createdAt" : ISODate("2018-03-14T06:46:20.562+0000"), 
    "updatedAt" : ISODate("2018-03-14T06:46:20.562+0000")
}
{ 
    "_id" : ObjectId("5aa8c7900849fe4a7faa33d7"), 
    "taskId" : ObjectId("5aa8c7900849fe4a7faa33d6"), 
    "date" : ISODate("2018-03-14T00:00:00.000+0000"), 
    "userId" : ObjectId("5a93ef7c6c4b95a916def3d2"), 
    "comments" : "new task created", 
    "createdAt" : ISODate("2018-03-14T06:56:16.398+0000"), 
    "updatedAt" : ISODate("2018-03-14T06:56:16.398+0000")
}
{ 
    "_id" : ObjectId("5aa8c7900849fe4a7faa33da"), 
    "taskId" : ObjectId("5aa8c7900849fe4a7faa33d6"), 
    "date" : ISODate("2018-03-14T00:00:00.000+0000"), 
    "userId" : ObjectId("5a93ef7c6c4b95a916def3d2"), 
    "comments" : "task is assigend to the associate with id 5a94e57f51503c890cf36426", 
    "createdAt" : ISODate("2018-03-14T06:56:16.583+0000"), 
    "updatedAt" : ISODate("2018-03-14T06:56:16.583+0000")
}
{ 
    "_id" : ObjectId("5aa8c7900849fe4a7faa33dc"), 
    "taskId" : ObjectId("5aa8c7900849fe4a7faa33d6"), 
    "date" : ISODate("2018-03-14T00:00:00.000+0000"), 
    "userId" : ObjectId("5a93ef7c6c4b95a916def3d2"), 
    "comments" : "task is assigend to the associate with id 5a952facb7b2bfbb650f7493", 
    "createdAt" : ISODate("2018-03-14T06:56:16.807+0000"), 
    "updatedAt" : ISODate("2018-03-14T06:56:16.807+0000")
}
{ 
    "_id" : ObjectId("5aa8c8050849fe4a7faa33de"), 
    "taskId" : ObjectId("5aa8c8050849fe4a7faa33dd"), 
    "date" : ISODate("2018-03-14T00:00:00.000+0000"), 
    "userId" : ObjectId("5a93ef7c6c4b95a916def3d2"), 
    "comments" : "new task created", 
    "createdAt" : ISODate("2018-03-14T06:58:13.325+0000"), 
    "updatedAt" : ISODate("2018-03-14T06:58:13.325+0000")
}
{ 
    "_id" : ObjectId("5aa8c8050849fe4a7faa33e1"), 
    "taskId" : ObjectId("5aa8c8050849fe4a7faa33dd"), 
    "date" : ISODate("2018-03-14T00:00:00.000+0000"), 
    "userId" : ObjectId("5a93ef7c6c4b95a916def3d2"), 
    "comments" : "task is assigend to the associate with id 5a94e57f51503c890cf36426", 
    "createdAt" : ISODate("2018-03-14T06:58:13.506+0000"), 
    "updatedAt" : ISODate("2018-03-14T06:58:13.506+0000")
}
{ 
    "_id" : ObjectId("5aa8c8050849fe4a7faa33e3"), 
    "taskId" : ObjectId("5aa8c8050849fe4a7faa33dd"), 
    "date" : ISODate("2018-03-14T00:00:00.000+0000"), 
    "userId" : ObjectId("5a93ef7c6c4b95a916def3d2"), 
    "comments" : "task is assigend to the associate with id 5a952facb7b2bfbb650f7493", 
    "createdAt" : ISODate("2018-03-14T06:58:13.784+0000"), 
    "updatedAt" : ISODate("2018-03-14T06:58:13.784+0000")
}
{ 
    "_id" : ObjectId("5aa8c8f60849fe4a7faa33e5"), 
    "taskId" : ObjectId("5aa8c8f60849fe4a7faa33e4"), 
    "date" : ISODate("2018-03-14T00:00:00.000+0000"), 
    "userId" : ObjectId("5a93ef7c6c4b95a916def3d2"), 
    "comments" : "new task created", 
    "createdAt" : ISODate("2018-03-14T07:02:14.387+0000"), 
    "updatedAt" : ISODate("2018-03-14T07:02:14.387+0000")
}
{ 
    "_id" : ObjectId("5aa8c8f60849fe4a7faa33e8"), 
    "taskId" : ObjectId("5aa8c8f60849fe4a7faa33e4"), 
    "date" : ISODate("2018-03-14T00:00:00.000+0000"), 
    "userId" : ObjectId("5a93ef7c6c4b95a916def3d2"), 
    "comments" : "task is assigend to the associate with id 5a94e57f51503c890cf36426", 
    "createdAt" : ISODate("2018-03-14T07:02:14.664+0000"), 
    "updatedAt" : ISODate("2018-03-14T07:02:14.664+0000")
}
{ 
    "_id" : ObjectId("5aa8c8f60849fe4a7faa33ea"), 
    "taskId" : ObjectId("5aa8c8f60849fe4a7faa33e4"), 
    "date" : ISODate("2018-03-14T00:00:00.000+0000"), 
    "userId" : ObjectId("5a93ef7c6c4b95a916def3d2"), 
    "comments" : "task is assigend to the associate with id 5a952facb7b2bfbb650f7493", 
    "createdAt" : ISODate("2018-03-14T07:02:14.932+0000"), 
    "updatedAt" : ISODate("2018-03-14T07:02:14.932+0000")
}
{ 
    "_id" : ObjectId("5aa8c90d0849fe4a7faa33ec"), 
    "taskId" : ObjectId("5aa8c90d0849fe4a7faa33eb"), 
    "date" : ISODate("2018-03-14T00:00:00.000+0000"), 
    "userId" : ObjectId("5a93ef7c6c4b95a916def3d2"), 
    "comments" : "new task created", 
    "createdAt" : ISODate("2018-03-14T07:02:37.455+0000"), 
    "updatedAt" : ISODate("2018-03-14T07:02:37.455+0000")
}
{ 
    "_id" : ObjectId("5aa8c90d0849fe4a7faa33ef"), 
    "taskId" : ObjectId("5aa8c90d0849fe4a7faa33eb"), 
    "date" : ISODate("2018-03-14T00:00:00.000+0000"), 
    "userId" : ObjectId("5a93ef7c6c4b95a916def3d2"), 
    "comments" : "task is assigend to the associate with id 5a94e57f51503c890cf36426", 
    "createdAt" : ISODate("2018-03-14T07:02:37.667+0000"), 
    "updatedAt" : ISODate("2018-03-14T07:02:37.667+0000")
}
{ 
    "_id" : ObjectId("5aa8c90d0849fe4a7faa33f1"), 
    "taskId" : ObjectId("5aa8c90d0849fe4a7faa33eb"), 
    "date" : ISODate("2018-03-14T00:00:00.000+0000"), 
    "userId" : ObjectId("5a93ef7c6c4b95a916def3d2"), 
    "comments" : "task is assigend to the associate with id 5a952facb7b2bfbb650f7493", 
    "createdAt" : ISODate("2018-03-14T07:02:37.871+0000"), 
    "updatedAt" : ISODate("2018-03-14T07:02:37.871+0000")
}
{ 
    "_id" : ObjectId("5aa8c9530849fe4a7faa33f3"), 
    "taskId" : ObjectId("5aa8c9530849fe4a7faa33f2"), 
    "date" : ISODate("2018-03-14T00:00:00.000+0000"), 
    "userId" : ObjectId("5a93ef7c6c4b95a916def3d2"), 
    "comments" : "new task created", 
    "createdAt" : ISODate("2018-03-14T07:03:47.480+0000"), 
    "updatedAt" : ISODate("2018-03-14T07:03:47.480+0000")
}
{ 
    "_id" : ObjectId("5aa8c96f0849fe4a7faa33f6"), 
    "taskId" : ObjectId("5aa8c96f0849fe4a7faa33f5"), 
    "date" : ISODate("2018-03-14T00:00:00.000+0000"), 
    "userId" : ObjectId("5a93ef7c6c4b95a916def3d2"), 
    "comments" : "new task created", 
    "createdAt" : ISODate("2018-03-14T07:04:15.236+0000"), 
    "updatedAt" : ISODate("2018-03-14T07:04:15.236+0000")
}
{ 
    "_id" : ObjectId("5aa8c9830849fe4a7faa33f9"), 
    "taskId" : ObjectId("5aa8c9830849fe4a7faa33f8"), 
    "date" : ISODate("2018-03-14T00:00:00.000+0000"), 
    "userId" : ObjectId("5a93ef7c6c4b95a916def3d2"), 
    "comments" : "new task created", 
    "createdAt" : ISODate("2018-03-14T07:04:35.047+0000"), 
    "updatedAt" : ISODate("2018-03-14T07:04:35.047+0000")
}
{ 
    "_id" : ObjectId("5aa8c9830849fe4a7faa33fc"), 
    "taskId" : ObjectId("5aa8c9830849fe4a7faa33f8"), 
    "date" : ISODate("2018-03-14T00:00:00.000+0000"), 
    "userId" : ObjectId("5a93ef7c6c4b95a916def3d2"), 
    "comments" : "task is assigend to the associate with id 5a94e57f51503c890cf36426", 
    "createdAt" : ISODate("2018-03-14T07:04:35.217+0000"), 
    "updatedAt" : ISODate("2018-03-14T07:04:35.217+0000")
}
{ 
    "_id" : ObjectId("5aa8c9830849fe4a7faa33fe"), 
    "taskId" : ObjectId("5aa8c9830849fe4a7faa33f8"), 
    "date" : ISODate("2018-03-14T00:00:00.000+0000"), 
    "userId" : ObjectId("5a93ef7c6c4b95a916def3d2"), 
    "comments" : "task is assigend to the associate with id 5a952facb7b2bfbb650f7493", 
    "createdAt" : ISODate("2018-03-14T07:04:35.408+0000"), 
    "updatedAt" : ISODate("2018-03-14T07:04:35.408+0000")
}
{ 
    "_id" : ObjectId("5aa8cb6d0849fe4a7faa340d"), 
    "taskId" : ObjectId("5aa8cb6d0849fe4a7faa340c"), 
    "date" : ISODate("2018-03-14T00:00:00.000+0000"), 
    "userId" : ObjectId("5a93ef7c6c4b95a916def3d2"), 
    "comments" : "new task created", 
    "createdAt" : ISODate("2018-03-14T07:12:45.095+0000"), 
    "updatedAt" : ISODate("2018-03-14T07:12:45.095+0000")
}
