{ 
    "_id" : ObjectId("5ad73b4834fbdd15077f7294"), 
    "createdAt" : "2018-04-18T12:34:16.864Z", 
    "updatedAt" : "2018-04-24T07:10:22.559Z", 
    "isDeleted" : true, 
    "profileId" : ObjectId("5ad73b4834fbdd15077f7293")
}
{ 
    "_id" : ObjectId("5ad73bb134fbdd15077f7298"), 
    "createdAt" : "2018-04-18T12:36:01.216Z", 
    "updatedAt" : "2018-04-19T07:33:50.223Z", 
    "isDeleted" : false, 
    "profileId" : ObjectId("5ad73bb134fbdd15077f7297")
}
{ 
    "_id" : ObjectId("5ad821ef4ec58435f225c70e"), 
    "createdAt" : "2018-04-19T04:58:23.100Z", 
    "updatedAt" : "2018-04-19T04:58:23.100Z", 
    "isDeleted" : true, 
    "profileId" : ObjectId("5ad821ef4ec58435f225c70d")
}
{ 
    "_id" : ObjectId("5ad888c44955374178be9247"), 
    "createdAt" : "2018-04-19T12:17:08.630Z", 
    "updatedAt" : "2018-04-19T12:17:08.630Z", 
    "isDeleted" : true, 
    "profileId" : ObjectId("5ad821cd4ec58435f225c70b")
}
{ 
    "_id" : ObjectId("5add63a558c28575101c8ab4"), 
    "createdAt" : "2018-04-23T04:40:05.184Z", 
    "updatedAt" : "2018-04-23T04:40:05.184Z", 
    "isDeleted" : false, 
    "profileId" : ObjectId("5add63a558c28575101c8ab3")
}
{ 
    "_id" : ObjectId("5aded76558c28575101c8acd"), 
    "createdAt" : "2018-04-24T07:06:13.003Z", 
    "updatedAt" : "2018-04-24T07:06:13.003Z", 
    "isDeleted" : false, 
    "profileId" : ObjectId("5ad7403e34fbdd15077f7299")
}
{ 
    "_id" : ObjectId("5aded85558c28575101c8ace"), 
    "createdAt" : "2018-04-24T07:10:13.684Z", 
    "updatedAt" : "2018-04-24T07:10:13.684Z", 
    "isDeleted" : false, 
    "profileId" : ObjectId("5ad73b2934fbdd15077f7291")
}
{ 
    "_id" : ObjectId("5aded8f558c28575101c8ad0"), 
    "createdAt" : "2018-04-24T07:12:53.153Z", 
    "updatedAt" : "2018-04-24T07:12:53.153Z", 
    "isDeleted" : false, 
    "profileId" : ObjectId("5aded8f558c28575101c8acf")
}
{ 
    "_id" : ObjectId("5aded92158c28575101c8ad2"), 
    "createdAt" : "2018-04-24T07:13:37.159Z", 
    "updatedAt" : "2018-04-24T07:13:37.159Z", 
    "isDeleted" : false, 
    "profileId" : ObjectId("5aded92158c28575101c8ad1")
}
{ 
    "_id" : ObjectId("5aded93e58c28575101c8ad4"), 
    "createdAt" : "2018-04-24T07:14:06.035Z", 
    "updatedAt" : "2018-04-24T07:14:06.035Z", 
    "isDeleted" : false, 
    "profileId" : ObjectId("5aded93e58c28575101c8ad3")
}
{ 
    "_id" : ObjectId("5aded97b58c28575101c8ad6"), 
    "createdAt" : "2018-04-24T07:15:07.786Z", 
    "updatedAt" : "2018-04-24T07:15:07.786Z", 
    "isDeleted" : false, 
    "profileId" : ObjectId("5aded97b58c28575101c8ad5")
}
{ 
    "_id" : ObjectId("5aded99958c28575101c8ad8"), 
    "createdAt" : "2018-04-24T07:15:37.880Z", 
    "updatedAt" : "2018-04-24T07:15:37.880Z", 
    "isDeleted" : false, 
    "profileId" : ObjectId("5aded99958c28575101c8ad7")
}
{ 
    "_id" : ObjectId("5aded9df58c28575101c8ada"), 
    "createdAt" : "2018-04-24T07:16:47.735Z", 
    "updatedAt" : "2018-04-24T07:16:47.735Z", 
    "isDeleted" : false, 
    "profileId" : ObjectId("5aded9df58c28575101c8ad9")
}
{ 
    "_id" : ObjectId("5adeda0658c28575101c8adc"), 
    "createdAt" : "2018-04-24T07:17:26.108Z", 
    "updatedAt" : "2018-04-24T07:17:26.108Z", 
    "isDeleted" : false, 
    "profileId" : ObjectId("5adeda0658c28575101c8adb")
}
{ 
    "_id" : ObjectId("5adeda2758c28575101c8ade"), 
    "createdAt" : "2018-04-24T07:17:59.595Z", 
    "updatedAt" : "2018-04-24T07:17:59.595Z", 
    "isDeleted" : false, 
    "profileId" : ObjectId("5adeda2758c28575101c8add")
}
{ 
    "_id" : ObjectId("5adeda4b58c28575101c8ae0"), 
    "createdAt" : "2018-04-24T07:18:35.579Z", 
    "updatedAt" : "2018-04-24T07:18:35.579Z", 
    "isDeleted" : false, 
    "profileId" : ObjectId("5adeda4b58c28575101c8adf")
}
{ 
    "_id" : ObjectId("5adeda6958c28575101c8ae2"), 
    "createdAt" : "2018-04-24T07:19:05.213Z", 
    "updatedAt" : "2018-04-24T07:19:05.213Z", 
    "isDeleted" : false, 
    "profileId" : ObjectId("5adeda6958c28575101c8ae1")
}
{ 
    "_id" : ObjectId("5adeda9158c28575101c8ae4"), 
    "createdAt" : "2018-04-24T07:19:45.247Z", 
    "updatedAt" : "2018-04-24T07:19:45.247Z", 
    "isDeleted" : false, 
    "profileId" : ObjectId("5adeda9158c28575101c8ae3")
}
{ 
    "_id" : ObjectId("5adedaca58c28575101c8ae8"), 
    "createdAt" : "2018-04-24T07:20:42.826Z", 
    "updatedAt" : "2018-04-24T07:20:42.826Z", 
    "isDeleted" : false, 
    "profileId" : ObjectId("5adedaca58c28575101c8ae7")
}
{ 
    "_id" : ObjectId("5adedb2f58c28575101c8aec"), 
    "createdAt" : "2018-04-24T07:22:23.584Z", 
    "updatedAt" : "2018-04-24T07:22:23.584Z", 
    "isDeleted" : false, 
    "profileId" : ObjectId("5adedb2f58c28575101c8aeb")
}
{ 
    "_id" : ObjectId("5adedb4b58c28575101c8aee"), 
    "createdAt" : "2018-04-24T07:22:51.690Z", 
    "updatedAt" : "2018-04-24T07:22:51.690Z", 
    "isDeleted" : false, 
    "profileId" : ObjectId("5adedb4b58c28575101c8aed")
}
{ 
    "_id" : ObjectId("5adedba758c28575101c8af3"), 
    "createdAt" : "2018-04-24T07:24:23.761Z", 
    "updatedAt" : "2018-04-24T07:24:23.761Z", 
    "isDeleted" : false, 
    "profileId" : ObjectId("5adedba758c28575101c8af2")
}
{ 
    "_id" : ObjectId("5adede4658c28575101c8af8"), 
    "createdAt" : "2018-04-24T07:35:34.488Z", 
    "updatedAt" : "2018-04-24T07:35:34.488Z", 
    "isDeleted" : false, 
    "profileId" : ObjectId("5adede4658c28575101c8af7")
}
{ 
    "_id" : ObjectId("5adede6658c28575101c8afa"), 
    "createdAt" : "2018-04-24T07:36:06.229Z", 
    "updatedAt" : "2018-04-24T07:36:06.229Z", 
    "isDeleted" : false, 
    "profileId" : ObjectId("5adede6658c28575101c8af9")
}
{ 
    "_id" : ObjectId("5adede7b58c28575101c8afc"), 
    "createdAt" : "2018-04-24T07:36:27.440Z", 
    "updatedAt" : "2018-04-24T07:36:27.440Z", 
    "isDeleted" : false, 
    "profileId" : ObjectId("5adede7b58c28575101c8afb")
}
{ 
    "_id" : ObjectId("5adede9658c28575101c8afe"), 
    "createdAt" : "2018-04-24T07:36:54.455Z", 
    "updatedAt" : "2018-04-24T07:36:54.455Z", 
    "isDeleted" : false, 
    "profileId" : ObjectId("5adede9658c28575101c8afd")
}
{ 
    "_id" : ObjectId("5adedeb158c28575101c8b00"), 
    "createdAt" : "2018-04-24T07:37:21.253Z", 
    "updatedAt" : "2018-04-24T07:37:21.253Z", 
    "isDeleted" : false, 
    "profileId" : ObjectId("5adedeb158c28575101c8aff")
}
{ 
    "_id" : ObjectId("5adedf3958c28575101c8b08"), 
    "createdAt" : "2018-04-24T07:39:37.823Z", 
    "updatedAt" : "2018-04-24T07:39:37.823Z", 
    "isDeleted" : false, 
    "profileId" : ObjectId("5adedf3958c28575101c8b07")
}
{ 
    "_id" : ObjectId("5adedf5558c28575101c8b0a"), 
    "createdAt" : "2018-04-24T07:40:05.606Z", 
    "updatedAt" : "2018-04-24T07:40:05.606Z", 
    "isDeleted" : false, 
    "profileId" : ObjectId("5adedf5558c28575101c8b09")
}
{ 
    "_id" : ObjectId("5adee15b58c28575101c8b0c"), 
    "createdAt" : "2018-04-24T07:48:43.773Z", 
    "updatedAt" : "2018-04-24T07:48:43.773Z", 
    "isDeleted" : false, 
    "profileId" : ObjectId("5adee15b58c28575101c8b0b")
}
{ 
    "_id" : ObjectId("5adeeeb758c28575101c8b38"), 
    "createdAt" : "2018-04-24T08:45:43.339Z", 
    "updatedAt" : "2018-04-24T08:45:43.339Z", 
    "isDeleted" : false, 
    "profileId" : ObjectId("5adeeeb758c28575101c8b37")
}
{ 
    "_id" : ObjectId("5adeeed058c28575101c8b3a"), 
    "createdAt" : "2018-04-24T08:46:08.344Z", 
    "updatedAt" : "2018-04-24T08:46:08.344Z", 
    "isDeleted" : false, 
    "profileId" : ObjectId("5adeeed058c28575101c8b39")
}
{ 
    "_id" : ObjectId("5adeeee858c28575101c8b3c"), 
    "createdAt" : "2018-04-24T08:46:32.597Z", 
    "updatedAt" : "2018-04-24T08:46:32.597Z", 
    "isDeleted" : false, 
    "profileId" : ObjectId("5adeeee858c28575101c8b3b")
}
{ 
    "_id" : ObjectId("5adeef0558c28575101c8b3e"), 
    "createdAt" : "2018-04-24T08:47:01.807Z", 
    "updatedAt" : "2018-04-24T08:47:01.807Z", 
    "isDeleted" : false, 
    "profileId" : ObjectId("5adeef0558c28575101c8b3d")
}
{ 
    "_id" : ObjectId("5adef00f58c28575101c8b40"), 
    "createdAt" : "2018-04-24T08:51:27.852Z", 
    "updatedAt" : "2018-04-24T08:51:27.852Z", 
    "isDeleted" : false, 
    "profileId" : ObjectId("5adef00f58c28575101c8b3f")
}
{ 
    "_id" : ObjectId("5ae004f458c28575101c8dd2"), 
    "createdAt" : "2018-04-25T04:32:52.516Z", 
    "updatedAt" : "2018-05-02T12:44:13.059Z", 
    "isDeleted" : false, 
    "profileId" : ObjectId("5ad8205a4ec58435f225c707")
}
{ 
    "_id" : ObjectId("5ae96ef8ae3bb145f0103c38"), 
    "createdAt" : "2018-05-02T07:55:36.888Z", 
    "updatedAt" : "2018-05-02T07:55:36.888Z", 
    "isDeleted" : false, 
    "profileId" : ObjectId("5ae96ef8ae3bb145f0103c37")
}
{ 
    "_id" : ObjectId("5ae98b0b3f06e716ae55bc68"), 
    "profileId" : ObjectId("5ad821784ec58435f225c709"), 
    "createdAt" : "2018-05-02T09:55:23.835Z", 
    "updatedAt" : "2018-05-02T09:55:23.835Z", 
    "isDeleted" : false
}
{ 
    "_id" : ObjectId("5ae9b5953f06e716ae55bce3"), 
    "profileId" : ObjectId("5ae9b5953f06e716ae55bce2"), 
    "createdAt" : "2018-05-02T12:56:53.418Z", 
    "updatedAt" : "2018-05-02T12:56:53.418Z", 
    "isDeleted" : false
}
