{ 
    "_id" : ObjectId("5ad838914ec58435f225c72d"), 
    "associate_tasks" : ObjectId("5ad821ef4ec58435f225c70e"), 
    "task_assignedTo" : ObjectId("5ad838904ec58435f225c72a")
}
{ 
    "_id" : ObjectId("5ad847aa4ec58435f225c737"), 
    "associate_tasks" : ObjectId("5ad73bb134fbdd15077f7298"), 
    "task_assignedTo" : ObjectId("5ad847aa4ec58435f225c734")
}
{ 
    "_id" : ObjectId("5ad848af4ec58435f225c73d"), 
    "associate_tasks" : ObjectId("5ad73b4834fbdd15077f7294"), 
    "task_assignedTo" : ObjectId("5ad82d744ec58435f225c71b")
}
{ 
    "_id" : ObjectId("5ad869434ec58435f225c74c"), 
    "associate_tasks" : ObjectId("5ad73bb134fbdd15077f7298"), 
    "task_assignedTo" : ObjectId("5ad868d84ec58435f225c743")
}
{ 
    "_id" : ObjectId("5ad869434ec58435f225c74d"), 
    "associate_tasks" : ObjectId("5ad73b4834fbdd15077f7294"), 
    "task_assignedTo" : ObjectId("5ad868d84ec58435f225c743")
}
{ 
    "_id" : ObjectId("5ad88bb7a58ef2433330f31c"), 
    "associate_tasks" : ObjectId("5ad821ef4ec58435f225c70e"), 
    "task_assignedTo" : ObjectId("5ad88bada58ef2433330f317")
}
{ 
    "_id" : ObjectId("5ad88c5da58ef2433330f321"), 
    "associate_tasks" : ObjectId("5ad821ef4ec58435f225c70e"), 
    "task_assignedTo" : ObjectId("5ad88c5da58ef2433330f31e")
}
{ 
    "_id" : ObjectId("5ad917c2a0588a59dbcef317"), 
    "associate_tasks" : ObjectId("5ad73bb134fbdd15077f7298"), 
    "task_assignedTo" : ObjectId("5ad91785a0588a59dbcef312")
}
{ 
    "_id" : ObjectId("5ad98099f5c94772d9d08b81"), 
    "associate_tasks" : ObjectId("5ad73bb134fbdd15077f7298"), 
    "task_assignedTo" : ObjectId("5ad98059f5c94772d9d08b7e")
}
{ 
    "_id" : ObjectId("5ad981f13bd6dd743091cc02"), 
    "associate_tasks" : ObjectId("5ad73bb134fbdd15077f7298"), 
    "task_assignedTo" : ObjectId("5ad98133f5c94772d9d08b83")
}
{ 
    "_id" : ObjectId("5adebd2758c28575101c8aca"), 
    "associate_tasks" : ObjectId("5ad888c44955374178be9247"), 
    "task_assignedTo" : ObjectId("5adeb3c658c28575101c8ac1")
}
{ 
    "_id" : ObjectId("5adee37f58c28575101c8b1d"), 
    "associate_tasks" : ObjectId("5aded8f558c28575101c8ad0"), 
    "task_assignedTo" : ObjectId("5adee37e58c28575101c8b1a")
}
{ 
    "_id" : ObjectId("5adee37f58c28575101c8b1f"), 
    "associate_tasks" : ObjectId("5aded93e58c28575101c8ad4"), 
    "task_assignedTo" : ObjectId("5adee37e58c28575101c8b1a")
}
{ 
    "_id" : ObjectId("5adee37f58c28575101c8b21"), 
    "associate_tasks" : ObjectId("5aded9df58c28575101c8ada"), 
    "task_assignedTo" : ObjectId("5adee37e58c28575101c8b1a")
}
{ 
    "_id" : ObjectId("5adee37f58c28575101c8b23"), 
    "associate_tasks" : ObjectId("5adedaca58c28575101c8ae8"), 
    "task_assignedTo" : ObjectId("5adee37e58c28575101c8b1a")
}
{ 
    "_id" : ObjectId("5adee37f58c28575101c8b25"), 
    "associate_tasks" : ObjectId("5adedb4b58c28575101c8aee"), 
    "task_assignedTo" : ObjectId("5adee37e58c28575101c8b1a")
}
{ 
    "_id" : ObjectId("5adef2a158c28575101c8b44"), 
    "associate_tasks" : ObjectId("5aded8f558c28575101c8ad0"), 
    "task_assignedTo" : ObjectId("5adef2a158c28575101c8b41")
}
{ 
    "_id" : ObjectId("5adef2a158c28575101c8b46"), 
    "associate_tasks" : ObjectId("5adedaca58c28575101c8ae8"), 
    "task_assignedTo" : ObjectId("5adef2a158c28575101c8b41")
}
{ 
    "_id" : ObjectId("5adef2d458c28575101c8b52"), 
    "associate_tasks" : ObjectId("5aded76558c28575101c8acd"), 
    "task_assignedTo" : ObjectId("5adef2d458c28575101c8b4f")
}
{ 
    "_id" : ObjectId("5adef2d458c28575101c8b54"), 
    "associate_tasks" : ObjectId("5aded8f558c28575101c8ad0"), 
    "task_assignedTo" : ObjectId("5adef2d458c28575101c8b4f")
}
{ 
    "_id" : ObjectId("5adef2d458c28575101c8b56"), 
    "associate_tasks" : ObjectId("5aded93e58c28575101c8ad4"), 
    "task_assignedTo" : ObjectId("5adef2d458c28575101c8b4f")
}
{ 
    "_id" : ObjectId("5adef2d458c28575101c8b58"), 
    "associate_tasks" : ObjectId("5aded9df58c28575101c8ada"), 
    "task_assignedTo" : ObjectId("5adef2d458c28575101c8b4f")
}
{ 
    "_id" : ObjectId("5adef2d458c28575101c8b5a"), 
    "associate_tasks" : ObjectId("5adedaca58c28575101c8ae8"), 
    "task_assignedTo" : ObjectId("5adef2d458c28575101c8b4f")
}
{ 
    "_id" : ObjectId("5adef2d458c28575101c8b5c"), 
    "associate_tasks" : ObjectId("5adedb4b58c28575101c8aee"), 
    "task_assignedTo" : ObjectId("5adef2d458c28575101c8b4f")
}
{ 
    "_id" : ObjectId("5adf024b58c28575101c8b67"), 
    "associate_tasks" : ObjectId("5aded76558c28575101c8acd"), 
    "task_assignedTo" : ObjectId("5adef2bb58c28575101c8b4a")
}
{ 
    "_id" : ObjectId("5adf025c58c28575101c8b69"), 
    "associate_tasks" : ObjectId("5aded76558c28575101c8acd"), 
    "task_assignedTo" : ObjectId("5adee4db58c28575101c8b29")
}
{ 
    "_id" : ObjectId("5adf028658c28575101c8b6d"), 
    "associate_tasks" : ObjectId("5adef00f58c28575101c8b40"), 
    "task_assignedTo" : ObjectId("5adef2a158c28575101c8b41")
}
{ 
    "_id" : ObjectId("5adf02a958c28575101c8b71"), 
    "associate_tasks" : ObjectId("5adedba758c28575101c8af3"), 
    "task_assignedTo" : ObjectId("5adee37e58c28575101c8b1a")
}
{ 
    "_id" : ObjectId("5adf02c558c28575101c8b73"), 
    "associate_tasks" : ObjectId("5aded93e58c28575101c8ad4"), 
    "task_assignedTo" : ObjectId("5adef2a158c28575101c8b41")
}
{ 
    "_id" : ObjectId("5adf02da58c28575101c8b75"), 
    "associate_tasks" : ObjectId("5aded9df58c28575101c8ada"), 
    "task_assignedTo" : ObjectId("5adef2a158c28575101c8b41")
}
{ 
    "_id" : ObjectId("5adf02f058c28575101c8b77"), 
    "associate_tasks" : ObjectId("5adedba758c28575101c8af3"), 
    "task_assignedTo" : ObjectId("5adef2a158c28575101c8b41")
}
{ 
    "_id" : ObjectId("5adf030958c28575101c8b79"), 
    "associate_tasks" : ObjectId("5adedba758c28575101c8af3"), 
    "task_assignedTo" : ObjectId("5adef2d458c28575101c8b4f")
}
{ 
    "_id" : ObjectId("5adf036758c28575101c8b7b"), 
    "associate_tasks" : ObjectId("5aded8f558c28575101c8ad0"), 
    "task_assignedTo" : ObjectId("5adef2bb58c28575101c8b4a")
}
{ 
    "_id" : ObjectId("5adf038858c28575101c8b7d"), 
    "associate_tasks" : ObjectId("5aded93e58c28575101c8ad4"), 
    "task_assignedTo" : ObjectId("5adef2bb58c28575101c8b4a")
}
{ 
    "_id" : ObjectId("5adf03a558c28575101c8b7f"), 
    "associate_tasks" : ObjectId("5aded9df58c28575101c8ada"), 
    "task_assignedTo" : ObjectId("5adef2bb58c28575101c8b4a")
}
{ 
    "_id" : ObjectId("5adf03c158c28575101c8b81"), 
    "associate_tasks" : ObjectId("5adedaca58c28575101c8ae8"), 
    "task_assignedTo" : ObjectId("5adef2bb58c28575101c8b4a")
}
{ 
    "_id" : ObjectId("5adf03d558c28575101c8b83"), 
    "associate_tasks" : ObjectId("5adedba758c28575101c8af3"), 
    "task_assignedTo" : ObjectId("5adef2bb58c28575101c8b4a")
}
{ 
    "_id" : ObjectId("5adf03e858c28575101c8b85"), 
    "associate_tasks" : ObjectId("5adef00f58c28575101c8b40"), 
    "task_assignedTo" : ObjectId("5adef2bb58c28575101c8b4a")
}
{ 
    "_id" : ObjectId("5adf09e558c28575101c8b9b"), 
    "associate_tasks" : ObjectId("5aded85558c28575101c8ace"), 
    "task_assignedTo" : ObjectId("5adf09e558c28575101c8b98")
}
{ 
    "_id" : ObjectId("5adf0a0a58c28575101c8ba6"), 
    "associate_tasks" : ObjectId("5aded76558c28575101c8acd"), 
    "task_assignedTo" : ObjectId("5adf0a0158c28575101c8ba1")
}
{ 
    "_id" : ObjectId("5adf0aca58c28575101c8bac"), 
    "associate_tasks" : ObjectId("5ad73bb134fbdd15077f7298"), 
    "task_assignedTo" : ObjectId("5adf0aca58c28575101c8ba9")
}
{ 
    "_id" : ObjectId("5adf0b0958c28575101c8bb7"), 
    "associate_tasks" : ObjectId("5aded8f558c28575101c8ad0"), 
    "task_assignedTo" : ObjectId("5adf0b0958c28575101c8bb4")
}
{ 
    "_id" : ObjectId("5adf0b0a58c28575101c8bb9"), 
    "associate_tasks" : ObjectId("5adeda9158c28575101c8ae4"), 
    "task_assignedTo" : ObjectId("5adf0b0958c28575101c8bb4")
}
{ 
    "_id" : ObjectId("5adf0b2058c28575101c8bc0"), 
    "associate_tasks" : ObjectId("5adedb4b58c28575101c8aee"), 
    "task_assignedTo" : ObjectId("5adf0b2058c28575101c8bbd")
}
{ 
    "_id" : ObjectId("5adf16b958c28575101c8bd8"), 
    "associate_tasks" : ObjectId("5aded92158c28575101c8ad2"), 
    "task_assignedTo" : ObjectId("5adf16b958c28575101c8bd5")
}
{ 
    "_id" : ObjectId("5adf16b958c28575101c8bda"), 
    "associate_tasks" : ObjectId("5aded97b58c28575101c8ad6"), 
    "task_assignedTo" : ObjectId("5adf16b958c28575101c8bd5")
}
{ 
    "_id" : ObjectId("5adf16b958c28575101c8bdc"), 
    "associate_tasks" : ObjectId("5adeda0658c28575101c8adc"), 
    "task_assignedTo" : ObjectId("5adf16b958c28575101c8bd5")
}
{ 
    "_id" : ObjectId("5adf16b958c28575101c8bde"), 
    "associate_tasks" : ObjectId("5adeda6958c28575101c8ae2"), 
    "task_assignedTo" : ObjectId("5adf16b958c28575101c8bd5")
}
{ 
    "_id" : ObjectId("5adf16b958c28575101c8be0"), 
    "associate_tasks" : ObjectId("5adeda9158c28575101c8ae4"), 
    "task_assignedTo" : ObjectId("5adf16b958c28575101c8bd5")
}
{ 
    "_id" : ObjectId("5adf16ba58c28575101c8be2"), 
    "associate_tasks" : ObjectId("5adede7b58c28575101c8afc"), 
    "task_assignedTo" : ObjectId("5adf16b958c28575101c8bd5")
}
{ 
    "_id" : ObjectId("5adf16ba58c28575101c8be4"), 
    "associate_tasks" : ObjectId("5adedeb158c28575101c8b00"), 
    "task_assignedTo" : ObjectId("5adf16b958c28575101c8bd5")
}
{ 
    "_id" : ObjectId("5adf185d58c28575101c8bec"), 
    "associate_tasks" : ObjectId("5aded92158c28575101c8ad2"), 
    "task_assignedTo" : ObjectId("5adf185d58c28575101c8be9")
}
{ 
    "_id" : ObjectId("5adf189158c28575101c8bf8"), 
    "associate_tasks" : ObjectId("5aded92158c28575101c8ad2"), 
    "task_assignedTo" : ObjectId("5adf189158c28575101c8bf5")
}
{ 
    "_id" : ObjectId("5adf189158c28575101c8bfa"), 
    "associate_tasks" : ObjectId("5aded97b58c28575101c8ad6"), 
    "task_assignedTo" : ObjectId("5adf189158c28575101c8bf5")
}
{ 
    "_id" : ObjectId("5adf189158c28575101c8bfc"), 
    "associate_tasks" : ObjectId("5adeda0658c28575101c8adc"), 
    "task_assignedTo" : ObjectId("5adf189158c28575101c8bf5")
}
{ 
    "_id" : ObjectId("5adf189158c28575101c8bfe"), 
    "associate_tasks" : ObjectId("5adeda6958c28575101c8ae2"), 
    "task_assignedTo" : ObjectId("5adf189158c28575101c8bf5")
}
{ 
    "_id" : ObjectId("5adf189158c28575101c8c00"), 
    "associate_tasks" : ObjectId("5adeda9158c28575101c8ae4"), 
    "task_assignedTo" : ObjectId("5adf189158c28575101c8bf5")
}
{ 
    "_id" : ObjectId("5adf189158c28575101c8c02"), 
    "associate_tasks" : ObjectId("5adede7b58c28575101c8afc"), 
    "task_assignedTo" : ObjectId("5adf189158c28575101c8bf5")
}
{ 
    "_id" : ObjectId("5adf189158c28575101c8c04"), 
    "associate_tasks" : ObjectId("5adedeb158c28575101c8b00"), 
    "task_assignedTo" : ObjectId("5adf189158c28575101c8bf5")
}
{ 
    "_id" : ObjectId("5adf18a758c28575101c8c08"), 
    "associate_tasks" : ObjectId("5aded97b58c28575101c8ad6"), 
    "task_assignedTo" : ObjectId("5adf185d58c28575101c8be9")
}
{ 
    "_id" : ObjectId("5adf18c158c28575101c8c0a"), 
    "associate_tasks" : ObjectId("5aded92158c28575101c8ad2"), 
    "task_assignedTo" : ObjectId("5adf187258c28575101c8bf0")
}
{ 
    "_id" : ObjectId("5adf18d758c28575101c8c0c"), 
    "associate_tasks" : ObjectId("5adeda0658c28575101c8adc"), 
    "task_assignedTo" : ObjectId("5adf185d58c28575101c8be9")
}
{ 
    "_id" : ObjectId("5adf18e358c28575101c8c0e"), 
    "associate_tasks" : ObjectId("5adeda6958c28575101c8ae2"), 
    "task_assignedTo" : ObjectId("5adf185d58c28575101c8be9")
}
{ 
    "_id" : ObjectId("5adf18f058c28575101c8c10"), 
    "associate_tasks" : ObjectId("5adeda9158c28575101c8ae4"), 
    "task_assignedTo" : ObjectId("5adf185d58c28575101c8be9")
}
{ 
    "_id" : ObjectId("5adf190258c28575101c8c12"), 
    "associate_tasks" : ObjectId("5adede7b58c28575101c8afc"), 
    "task_assignedTo" : ObjectId("5adf185d58c28575101c8be9")
}
{ 
    "_id" : ObjectId("5adf190f58c28575101c8c14"), 
    "associate_tasks" : ObjectId("5adedeb158c28575101c8b00"), 
    "task_assignedTo" : ObjectId("5adf185d58c28575101c8be9")
}
{ 
    "_id" : ObjectId("5adf191d58c28575101c8c16"), 
    "associate_tasks" : ObjectId("5aded97b58c28575101c8ad6"), 
    "task_assignedTo" : ObjectId("5adf187258c28575101c8bf0")
}
{ 
    "_id" : ObjectId("5adf192b58c28575101c8c18"), 
    "associate_tasks" : ObjectId("5adeda0658c28575101c8adc"), 
    "task_assignedTo" : ObjectId("5adf187258c28575101c8bf0")
}
{ 
    "_id" : ObjectId("5adf193c58c28575101c8c1a"), 
    "associate_tasks" : ObjectId("5adeda6958c28575101c8ae2"), 
    "task_assignedTo" : ObjectId("5adf187258c28575101c8bf0")
}
{ 
    "_id" : ObjectId("5adf194d58c28575101c8c1c"), 
    "associate_tasks" : ObjectId("5adeda9158c28575101c8ae4"), 
    "task_assignedTo" : ObjectId("5adf187258c28575101c8bf0")
}
{ 
    "_id" : ObjectId("5adf195d58c28575101c8c1e"), 
    "associate_tasks" : ObjectId("5adede7b58c28575101c8afc"), 
    "task_assignedTo" : ObjectId("5adf187258c28575101c8bf0")
}
{ 
    "_id" : ObjectId("5adf199b58c28575101c8c20"), 
    "associate_tasks" : ObjectId("5adedeb158c28575101c8b00"), 
    "task_assignedTo" : ObjectId("5adf187258c28575101c8bf0")
}
{ 
    "_id" : ObjectId("5adf1a3758c28575101c8c2f"), 
    "associate_tasks" : ObjectId("5adedb2f58c28575101c8aec"), 
    "task_assignedTo" : ObjectId("5adf1a2558c28575101c8c2a")
}
{ 
    "_id" : ObjectId("5adf1a3f58c28575101c8c31"), 
    "associate_tasks" : ObjectId("5adede9658c28575101c8afe"), 
    "task_assignedTo" : ObjectId("5adf1a2558c28575101c8c2a")
}
{ 
    "_id" : ObjectId("5adf1a5558c28575101c8c36"), 
    "associate_tasks" : ObjectId("5adedb2f58c28575101c8aec"), 
    "task_assignedTo" : ObjectId("5adf1a5558c28575101c8c33")
}
{ 
    "_id" : ObjectId("5adf1a5558c28575101c8c38"), 
    "associate_tasks" : ObjectId("5adede9658c28575101c8afe"), 
    "task_assignedTo" : ObjectId("5adf1a5558c28575101c8c33")
}
{ 
    "_id" : ObjectId("5adf1c4b58c28575101c8c3f"), 
    "associate_tasks" : ObjectId("5adedb2f58c28575101c8aec"), 
    "task_assignedTo" : ObjectId("5adf1c4b58c28575101c8c3c")
}
{ 
    "_id" : ObjectId("5adf1c4b58c28575101c8c41"), 
    "associate_tasks" : ObjectId("5adede9658c28575101c8afe"), 
    "task_assignedTo" : ObjectId("5adf1c4b58c28575101c8c3c")
}
{ 
    "_id" : ObjectId("5adf1d9c58c28575101c8c4a"), 
    "associate_tasks" : ObjectId("5adedf3958c28575101c8b08"), 
    "task_assignedTo" : ObjectId("5adf1d9c58c28575101c8c47")
}
{ 
    "_id" : ObjectId("5adf28aa58c28575101c8c5f"), 
    "associate_tasks" : ObjectId("5aded93e58c28575101c8ad4"), 
    "task_assignedTo" : ObjectId("5adf28aa58c28575101c8c5c")
}
{ 
    "_id" : ObjectId("5adf28aa58c28575101c8c61"), 
    "associate_tasks" : ObjectId("5adedaca58c28575101c8ae8"), 
    "task_assignedTo" : ObjectId("5adf28aa58c28575101c8c5c")
}
{ 
    "_id" : ObjectId("5adf28aa58c28575101c8c63"), 
    "associate_tasks" : ObjectId("5adede9658c28575101c8afe"), 
    "task_assignedTo" : ObjectId("5adf28aa58c28575101c8c5c")
}
{ 
    "_id" : ObjectId("5adf28aa58c28575101c8c65"), 
    "associate_tasks" : ObjectId("5adef00f58c28575101c8b40"), 
    "task_assignedTo" : ObjectId("5adf28aa58c28575101c8c5c")
}
{ 
    "_id" : ObjectId("5adf28c058c28575101c8c6c"), 
    "associate_tasks" : ObjectId("5aded93e58c28575101c8ad4"), 
    "task_assignedTo" : ObjectId("5adf28bf58c28575101c8c69")
}
{ 
    "_id" : ObjectId("5adf28c058c28575101c8c6e"), 
    "associate_tasks" : ObjectId("5adedaca58c28575101c8ae8"), 
    "task_assignedTo" : ObjectId("5adf28bf58c28575101c8c69")
}
{ 
    "_id" : ObjectId("5adf28c158c28575101c8c70"), 
    "associate_tasks" : ObjectId("5adede9658c28575101c8afe"), 
    "task_assignedTo" : ObjectId("5adf28bf58c28575101c8c69")
}
{ 
    "_id" : ObjectId("5adf28c158c28575101c8c72"), 
    "associate_tasks" : ObjectId("5adef00f58c28575101c8b40"), 
    "task_assignedTo" : ObjectId("5adf28bf58c28575101c8c69")
}
{ 
    "_id" : ObjectId("5adf28da58c28575101c8c79"), 
    "associate_tasks" : ObjectId("5aded93e58c28575101c8ad4"), 
    "task_assignedTo" : ObjectId("5adf28da58c28575101c8c76")
}
{ 
    "_id" : ObjectId("5adf28da58c28575101c8c7b"), 
    "associate_tasks" : ObjectId("5adedaca58c28575101c8ae8"), 
    "task_assignedTo" : ObjectId("5adf28da58c28575101c8c76")
}
{ 
    "_id" : ObjectId("5adf28da58c28575101c8c7d"), 
    "associate_tasks" : ObjectId("5adede9658c28575101c8afe"), 
    "task_assignedTo" : ObjectId("5adf28da58c28575101c8c76")
}
{ 
    "_id" : ObjectId("5adf28da58c28575101c8c7f"), 
    "associate_tasks" : ObjectId("5adef00f58c28575101c8b40"), 
    "task_assignedTo" : ObjectId("5adf28da58c28575101c8c76")
}
{ 
    "_id" : ObjectId("5adf28f458c28575101c8c86"), 
    "associate_tasks" : ObjectId("5aded93e58c28575101c8ad4"), 
    "task_assignedTo" : ObjectId("5adf28f458c28575101c8c83")
}
{ 
    "_id" : ObjectId("5adf28f458c28575101c8c88"), 
    "associate_tasks" : ObjectId("5adedaca58c28575101c8ae8"), 
    "task_assignedTo" : ObjectId("5adf28f458c28575101c8c83")
}
{ 
    "_id" : ObjectId("5adf28f458c28575101c8c8a"), 
    "associate_tasks" : ObjectId("5adede9658c28575101c8afe"), 
    "task_assignedTo" : ObjectId("5adf28f458c28575101c8c83")
}
{ 
    "_id" : ObjectId("5adf28f458c28575101c8c8c"), 
    "associate_tasks" : ObjectId("5adef00f58c28575101c8b40"), 
    "task_assignedTo" : ObjectId("5adf28f458c28575101c8c83")
}
{ 
    "_id" : ObjectId("5adf290558c28575101c8c93"), 
    "associate_tasks" : ObjectId("5aded93e58c28575101c8ad4"), 
    "task_assignedTo" : ObjectId("5adf290558c28575101c8c90")
}
{ 
    "_id" : ObjectId("5adf290558c28575101c8c95"), 
    "associate_tasks" : ObjectId("5adedaca58c28575101c8ae8"), 
    "task_assignedTo" : ObjectId("5adf290558c28575101c8c90")
}
{ 
    "_id" : ObjectId("5adf290558c28575101c8c97"), 
    "associate_tasks" : ObjectId("5adede9658c28575101c8afe"), 
    "task_assignedTo" : ObjectId("5adf290558c28575101c8c90")
}
{ 
    "_id" : ObjectId("5adf290558c28575101c8c99"), 
    "associate_tasks" : ObjectId("5adef00f58c28575101c8b40"), 
    "task_assignedTo" : ObjectId("5adf290558c28575101c8c90")
}
{ 
    "_id" : ObjectId("5adf291f58c28575101c8ca0"), 
    "associate_tasks" : ObjectId("5aded93e58c28575101c8ad4"), 
    "task_assignedTo" : ObjectId("5adf291f58c28575101c8c9d")
}
{ 
    "_id" : ObjectId("5adf291f58c28575101c8ca2"), 
    "associate_tasks" : ObjectId("5adedaca58c28575101c8ae8"), 
    "task_assignedTo" : ObjectId("5adf291f58c28575101c8c9d")
}
{ 
    "_id" : ObjectId("5adf292058c28575101c8ca4"), 
    "associate_tasks" : ObjectId("5adede9658c28575101c8afe"), 
    "task_assignedTo" : ObjectId("5adf291f58c28575101c8c9d")
}
{ 
    "_id" : ObjectId("5adf292058c28575101c8ca6"), 
    "associate_tasks" : ObjectId("5adef00f58c28575101c8b40"), 
    "task_assignedTo" : ObjectId("5adf291f58c28575101c8c9d")
}
{ 
    "_id" : ObjectId("5adf294158c28575101c8cad"), 
    "associate_tasks" : ObjectId("5aded93e58c28575101c8ad4"), 
    "task_assignedTo" : ObjectId("5adf294058c28575101c8caa")
}
{ 
    "_id" : ObjectId("5adf294158c28575101c8caf"), 
    "associate_tasks" : ObjectId("5adedaca58c28575101c8ae8"), 
    "task_assignedTo" : ObjectId("5adf294058c28575101c8caa")
}
{ 
    "_id" : ObjectId("5adf294158c28575101c8cb1"), 
    "associate_tasks" : ObjectId("5adede9658c28575101c8afe"), 
    "task_assignedTo" : ObjectId("5adf294058c28575101c8caa")
}
{ 
    "_id" : ObjectId("5adf294158c28575101c8cb3"), 
    "associate_tasks" : ObjectId("5adef00f58c28575101c8b40"), 
    "task_assignedTo" : ObjectId("5adf294058c28575101c8caa")
}
{ 
    "_id" : ObjectId("5adf29b558c28575101c8cc4"), 
    "associate_tasks" : ObjectId("5aded93e58c28575101c8ad4"), 
    "task_assignedTo" : ObjectId("5adf29b558c28575101c8cc1")
}
{ 
    "_id" : ObjectId("5adf29b558c28575101c8cc6"), 
    "associate_tasks" : ObjectId("5adedb4b58c28575101c8aee"), 
    "task_assignedTo" : ObjectId("5adf29b558c28575101c8cc1")
}
{ 
    "_id" : ObjectId("5adf29b658c28575101c8cc8"), 
    "associate_tasks" : ObjectId("5adef00f58c28575101c8b40"), 
    "task_assignedTo" : ObjectId("5adf29b558c28575101c8cc1")
}
{ 
    "_id" : ObjectId("5adf29ca58c28575101c8ccf"), 
    "associate_tasks" : ObjectId("5aded93e58c28575101c8ad4"), 
    "task_assignedTo" : ObjectId("5adf29c958c28575101c8ccc")
}
{ 
    "_id" : ObjectId("5adf29cb58c28575101c8cd1"), 
    "associate_tasks" : ObjectId("5adedb4b58c28575101c8aee"), 
    "task_assignedTo" : ObjectId("5adf29c958c28575101c8ccc")
}
{ 
    "_id" : ObjectId("5adf29cb58c28575101c8cd3"), 
    "associate_tasks" : ObjectId("5adef00f58c28575101c8b40"), 
    "task_assignedTo" : ObjectId("5adf29c958c28575101c8ccc")
}
{ 
    "_id" : ObjectId("5adf29e558c28575101c8cda"), 
    "associate_tasks" : ObjectId("5aded93e58c28575101c8ad4"), 
    "task_assignedTo" : ObjectId("5adf29e458c28575101c8cd7")
}
{ 
    "_id" : ObjectId("5adf29e558c28575101c8cdc"), 
    "associate_tasks" : ObjectId("5adedb4b58c28575101c8aee"), 
    "task_assignedTo" : ObjectId("5adf29e458c28575101c8cd7")
}
{ 
    "_id" : ObjectId("5adf29e558c28575101c8cde"), 
    "associate_tasks" : ObjectId("5adef00f58c28575101c8b40"), 
    "task_assignedTo" : ObjectId("5adf29e458c28575101c8cd7")
}
{ 
    "_id" : ObjectId("5adf2a3e58c28575101c8ce5"), 
    "associate_tasks" : ObjectId("5aded93e58c28575101c8ad4"), 
    "task_assignedTo" : ObjectId("5adf2a3e58c28575101c8ce2")
}
{ 
    "_id" : ObjectId("5adf2a3f58c28575101c8ce7"), 
    "associate_tasks" : ObjectId("5adedb4b58c28575101c8aee"), 
    "task_assignedTo" : ObjectId("5adf2a3e58c28575101c8ce2")
}
{ 
    "_id" : ObjectId("5adf2a3f58c28575101c8ce9"), 
    "associate_tasks" : ObjectId("5adef00f58c28575101c8b40"), 
    "task_assignedTo" : ObjectId("5adf2a3e58c28575101c8ce2")
}
{ 
    "_id" : ObjectId("5adf2a5258c28575101c8cf0"), 
    "associate_tasks" : ObjectId("5aded93e58c28575101c8ad4"), 
    "task_assignedTo" : ObjectId("5adf2a5158c28575101c8ced")
}
{ 
    "_id" : ObjectId("5adf2a5258c28575101c8cf2"), 
    "associate_tasks" : ObjectId("5adedb4b58c28575101c8aee"), 
    "task_assignedTo" : ObjectId("5adf2a5158c28575101c8ced")
}
{ 
    "_id" : ObjectId("5adf2a5258c28575101c8cf4"), 
    "associate_tasks" : ObjectId("5adef00f58c28575101c8b40"), 
    "task_assignedTo" : ObjectId("5adf2a5158c28575101c8ced")
}
{ 
    "_id" : ObjectId("5adf2a7458c28575101c8cfb"), 
    "associate_tasks" : ObjectId("5aded93e58c28575101c8ad4"), 
    "task_assignedTo" : ObjectId("5adf2a7458c28575101c8cf8")
}
{ 
    "_id" : ObjectId("5adf2a7458c28575101c8cfd"), 
    "associate_tasks" : ObjectId("5adedb4b58c28575101c8aee"), 
    "task_assignedTo" : ObjectId("5adf2a7458c28575101c8cf8")
}
{ 
    "_id" : ObjectId("5adf2a7458c28575101c8cff"), 
    "associate_tasks" : ObjectId("5adef00f58c28575101c8b40"), 
    "task_assignedTo" : ObjectId("5adf2a7458c28575101c8cf8")
}
{ 
    "_id" : ObjectId("5adf2a9258c28575101c8d06"), 
    "associate_tasks" : ObjectId("5aded93e58c28575101c8ad4"), 
    "task_assignedTo" : ObjectId("5adf2a9158c28575101c8d03")
}
{ 
    "_id" : ObjectId("5adf2a9358c28575101c8d08"), 
    "associate_tasks" : ObjectId("5adedb4b58c28575101c8aee"), 
    "task_assignedTo" : ObjectId("5adf2a9158c28575101c8d03")
}
{ 
    "_id" : ObjectId("5adf2a9358c28575101c8d0a"), 
    "associate_tasks" : ObjectId("5adef00f58c28575101c8b40"), 
    "task_assignedTo" : ObjectId("5adf2a9158c28575101c8d03")
}
{ 
    "_id" : ObjectId("5adf2aed58c28575101c8d18"), 
    "associate_tasks" : ObjectId("5adeda9158c28575101c8ae4"), 
    "task_assignedTo" : ObjectId("5adf2aed58c28575101c8d15")
}
{ 
    "_id" : ObjectId("5adf2aed58c28575101c8d1a"), 
    "associate_tasks" : ObjectId("5adef00f58c28575101c8b40"), 
    "task_assignedTo" : ObjectId("5adf2aed58c28575101c8d15")
}
{ 
    "_id" : ObjectId("5adf2b0158c28575101c8d21"), 
    "associate_tasks" : ObjectId("5adeda9158c28575101c8ae4"), 
    "task_assignedTo" : ObjectId("5adf2b0158c28575101c8d1e")
}
{ 
    "_id" : ObjectId("5adf2b0158c28575101c8d23"), 
    "associate_tasks" : ObjectId("5adef00f58c28575101c8b40"), 
    "task_assignedTo" : ObjectId("5adf2b0158c28575101c8d1e")
}
{ 
    "_id" : ObjectId("5adf2b1058c28575101c8d2a"), 
    "associate_tasks" : ObjectId("5adeda9158c28575101c8ae4"), 
    "task_assignedTo" : ObjectId("5adf2b0f58c28575101c8d27")
}
{ 
    "_id" : ObjectId("5adf2b1058c28575101c8d2c"), 
    "associate_tasks" : ObjectId("5adef00f58c28575101c8b40"), 
    "task_assignedTo" : ObjectId("5adf2b0f58c28575101c8d27")
}
{ 
    "_id" : ObjectId("5adf2b2458c28575101c8d33"), 
    "associate_tasks" : ObjectId("5adeda9158c28575101c8ae4"), 
    "task_assignedTo" : ObjectId("5adf2b2358c28575101c8d30")
}
{ 
    "_id" : ObjectId("5adf2b2458c28575101c8d35"), 
    "associate_tasks" : ObjectId("5adef00f58c28575101c8b40"), 
    "task_assignedTo" : ObjectId("5adf2b2358c28575101c8d30")
}
{ 
    "_id" : ObjectId("5adf2b3158c28575101c8d3c"), 
    "associate_tasks" : ObjectId("5adeda9158c28575101c8ae4"), 
    "task_assignedTo" : ObjectId("5adf2b3158c28575101c8d39")
}
{ 
    "_id" : ObjectId("5adf2b3158c28575101c8d3e"), 
    "associate_tasks" : ObjectId("5adef00f58c28575101c8b40"), 
    "task_assignedTo" : ObjectId("5adf2b3158c28575101c8d39")
}
{ 
    "_id" : ObjectId("5adf2b3f58c28575101c8d45"), 
    "associate_tasks" : ObjectId("5adeda9158c28575101c8ae4"), 
    "task_assignedTo" : ObjectId("5adf2b3f58c28575101c8d42")
}
{ 
    "_id" : ObjectId("5adf2b3f58c28575101c8d47"), 
    "associate_tasks" : ObjectId("5adef00f58c28575101c8b40"), 
    "task_assignedTo" : ObjectId("5adf2b3f58c28575101c8d42")
}
{ 
    "_id" : ObjectId("5adf2b5758c28575101c8d4e"), 
    "associate_tasks" : ObjectId("5adeda9158c28575101c8ae4"), 
    "task_assignedTo" : ObjectId("5adf2b5758c28575101c8d4b")
}
{ 
    "_id" : ObjectId("5adf2b5758c28575101c8d50"), 
    "associate_tasks" : ObjectId("5adef00f58c28575101c8b40"), 
    "task_assignedTo" : ObjectId("5adf2b5758c28575101c8d4b")
}
{ 
    "_id" : ObjectId("5adf2ba358c28575101c8d5e"), 
    "associate_tasks" : ObjectId("5aded93e58c28575101c8ad4"), 
    "task_assignedTo" : ObjectId("5adf2ba358c28575101c8d5b")
}
{ 
    "_id" : ObjectId("5adf2ba358c28575101c8d60"), 
    "associate_tasks" : ObjectId("5adef00f58c28575101c8b40"), 
    "task_assignedTo" : ObjectId("5adf2ba358c28575101c8d5b")
}
{ 
    "_id" : ObjectId("5adf2bb058c28575101c8d67"), 
    "associate_tasks" : ObjectId("5aded93e58c28575101c8ad4"), 
    "task_assignedTo" : ObjectId("5adf2bb058c28575101c8d64")
}
{ 
    "_id" : ObjectId("5adf2bb058c28575101c8d69"), 
    "associate_tasks" : ObjectId("5adef00f58c28575101c8b40"), 
    "task_assignedTo" : ObjectId("5adf2bb058c28575101c8d64")
}
{ 
    "_id" : ObjectId("5adf2bc958c28575101c8d70"), 
    "associate_tasks" : ObjectId("5aded93e58c28575101c8ad4"), 
    "task_assignedTo" : ObjectId("5adf2bc958c28575101c8d6d")
}
{ 
    "_id" : ObjectId("5adf2bca58c28575101c8d72"), 
    "associate_tasks" : ObjectId("5adef00f58c28575101c8b40"), 
    "task_assignedTo" : ObjectId("5adf2bc958c28575101c8d6d")
}
{ 
    "_id" : ObjectId("5adf2be058c28575101c8d79"), 
    "associate_tasks" : ObjectId("5aded93e58c28575101c8ad4"), 
    "task_assignedTo" : ObjectId("5adf2be058c28575101c8d76")
}
{ 
    "_id" : ObjectId("5adf2be058c28575101c8d7b"), 
    "associate_tasks" : ObjectId("5adef00f58c28575101c8b40"), 
    "task_assignedTo" : ObjectId("5adf2be058c28575101c8d76")
}
{ 
    "_id" : ObjectId("5adf2bf058c28575101c8d82"), 
    "associate_tasks" : ObjectId("5aded93e58c28575101c8ad4"), 
    "task_assignedTo" : ObjectId("5adf2bf058c28575101c8d7f")
}
{ 
    "_id" : ObjectId("5adf2bf158c28575101c8d84"), 
    "associate_tasks" : ObjectId("5adef00f58c28575101c8b40"), 
    "task_assignedTo" : ObjectId("5adf2bf058c28575101c8d7f")
}
{ 
    "_id" : ObjectId("5adf2bff58c28575101c8d8b"), 
    "associate_tasks" : ObjectId("5aded93e58c28575101c8ad4"), 
    "task_assignedTo" : ObjectId("5adf2bff58c28575101c8d88")
}
{ 
    "_id" : ObjectId("5adf2bff58c28575101c8d8d"), 
    "associate_tasks" : ObjectId("5adef00f58c28575101c8b40"), 
    "task_assignedTo" : ObjectId("5adf2bff58c28575101c8d88")
}
{ 
    "_id" : ObjectId("5adf2c1658c28575101c8d94"), 
    "associate_tasks" : ObjectId("5aded93e58c28575101c8ad4"), 
    "task_assignedTo" : ObjectId("5adf2c1658c28575101c8d91")
}
{ 
    "_id" : ObjectId("5adf2c1658c28575101c8d96"), 
    "associate_tasks" : ObjectId("5adef00f58c28575101c8b40"), 
    "task_assignedTo" : ObjectId("5adf2c1658c28575101c8d91")
}
{ 
    "_id" : ObjectId("5adf3a8458c28575101c8dbf"), 
    "associate_tasks" : ObjectId("5aded8f558c28575101c8ad0"), 
    "task_assignedTo" : ObjectId("5adf3a8458c28575101c8dbc")
}
{ 
    "_id" : ObjectId("5adf3a8558c28575101c8dc1"), 
    "associate_tasks" : ObjectId("5adede4658c28575101c8af8"), 
    "task_assignedTo" : ObjectId("5adf3a8458c28575101c8dbc")
}
{ 
    "_id" : ObjectId("5adf3a8558c28575101c8dc3"), 
    "associate_tasks" : ObjectId("5adede9658c28575101c8afe"), 
    "task_assignedTo" : ObjectId("5adf3a8458c28575101c8dbc")
}
{ 
    "_id" : ObjectId("5adf3a8558c28575101c8dc5"), 
    "associate_tasks" : ObjectId("5adeeeb758c28575101c8b38"), 
    "task_assignedTo" : ObjectId("5adf3a8458c28575101c8dbc")
}
{ 
    "_id" : ObjectId("5adf3bad58c28575101c8dcb"), 
    "associate_tasks" : ObjectId("5adedb2f58c28575101c8aec"), 
    "task_assignedTo" : ObjectId("5adf1d9c58c28575101c8c47")
}
{ 
    "_id" : ObjectId("5adf3bad58c28575101c8dcd"), 
    "associate_tasks" : ObjectId("5adede9658c28575101c8afe"), 
    "task_assignedTo" : ObjectId("5adf1d9c58c28575101c8c47")
}
{ 
    "_id" : ObjectId("5ae020fb58c28575101c8dda"), 
    "associate_tasks" : ObjectId("5adeda9158c28575101c8ae4"), 
    "task_assignedTo" : ObjectId("5ae020fb58c28575101c8dd7")
}
{ 
    "_id" : ObjectId("5ae6db78ae3bb145f0103c1b"), 
    "associate_tasks" : ObjectId("5ad73bb134fbdd15077f7298"), 
    "task_assignedTo" : ObjectId("5ae6db78ae3bb145f0103c1a")
}
{ 
    "_id" : ObjectId("5ae6e2f2ae3bb145f0103c27"), 
    "associate_tasks" : ObjectId("5ad73bb134fbdd15077f7298"), 
    "task_assignedTo" : ObjectId("5ae6e2f2ae3bb145f0103c26")
}
{ 
    "_id" : ObjectId("5ae96e6cae3bb145f0103c35"), 
    "associate_tasks" : ObjectId("5aded92158c28575101c8ad2"), 
    "task_assignedTo" : ObjectId("5ae96e6cae3bb145f0103c34")
}
{ 
    "_id" : ObjectId("5ae970bbae3bb145f0103c42"), 
    "associate_tasks" : ObjectId("5aded92158c28575101c8ad2"), 
    "task_assignedTo" : ObjectId("5ae9709eae3bb145f0103c3b")
}
{ 
    "_id" : ObjectId("5ae97110ae3bb145f0103c45"), 
    "associate_tasks" : ObjectId("5adedaca58c28575101c8ae8"), 
    "task_assignedTo" : ObjectId("5ae97110ae3bb145f0103c44")
}
{ 
    "_id" : ObjectId("5ae972c720dcc2132c376a95"), 
    "associate_tasks" : ObjectId("5ae96ef8ae3bb145f0103c38"), 
    "task_assignedTo" : ObjectId("5ae972c720dcc2132c376a94")
}
{ 
    "_id" : ObjectId("5ae97d6820dcc2132c376ae5"), 
    "associate_tasks" : ObjectId("5ad73bb134fbdd15077f7298"), 
    "task_assignedTo" : ObjectId("5ae97d6820dcc2132c376ae2")
}
{ 
    "_id" : ObjectId("5ae97d6820dcc2132c376ae7"), 
    "associate_tasks" : ObjectId("5ad821ef4ec58435f225c70e"), 
    "task_assignedTo" : ObjectId("5ae97d6820dcc2132c376ae2")
}
{ 
    "_id" : ObjectId("5ae97d6820dcc2132c376ae9"), 
    "associate_tasks" : ObjectId("5ad888c44955374178be9247"), 
    "task_assignedTo" : ObjectId("5ae97d6820dcc2132c376ae2")
}
{ 
    "_id" : ObjectId("5ae97d6820dcc2132c376aeb"), 
    "associate_tasks" : ObjectId("5add63a558c28575101c8ab4"), 
    "task_assignedTo" : ObjectId("5ae97d6820dcc2132c376ae2")
}
{ 
    "_id" : ObjectId("5ae97d6820dcc2132c376aed"), 
    "associate_tasks" : ObjectId("5aded76558c28575101c8acd"), 
    "task_assignedTo" : ObjectId("5ae97d6820dcc2132c376ae2")
}
{ 
    "_id" : ObjectId("5ae97d6820dcc2132c376aef"), 
    "associate_tasks" : ObjectId("5aded85558c28575101c8ace"), 
    "task_assignedTo" : ObjectId("5ae97d6820dcc2132c376ae2")
}
{ 
    "_id" : ObjectId("5ae97d6820dcc2132c376af1"), 
    "associate_tasks" : ObjectId("5aded8f558c28575101c8ad0"), 
    "task_assignedTo" : ObjectId("5ae97d6820dcc2132c376ae2")
}
{ 
    "_id" : ObjectId("5ae97d6820dcc2132c376af3"), 
    "associate_tasks" : ObjectId("5aded92158c28575101c8ad2"), 
    "task_assignedTo" : ObjectId("5ae97d6820dcc2132c376ae2")
}
{ 
    "_id" : ObjectId("5ae97d6820dcc2132c376af5"), 
    "associate_tasks" : ObjectId("5aded93e58c28575101c8ad4"), 
    "task_assignedTo" : ObjectId("5ae97d6820dcc2132c376ae2")
}
{ 
    "_id" : ObjectId("5ae97d6820dcc2132c376af7"), 
    "associate_tasks" : ObjectId("5aded97b58c28575101c8ad6"), 
    "task_assignedTo" : ObjectId("5ae97d6820dcc2132c376ae2")
}
{ 
    "_id" : ObjectId("5ae97d6820dcc2132c376af9"), 
    "associate_tasks" : ObjectId("5aded99958c28575101c8ad8"), 
    "task_assignedTo" : ObjectId("5ae97d6820dcc2132c376ae2")
}
{ 
    "_id" : ObjectId("5ae97d6820dcc2132c376afb"), 
    "associate_tasks" : ObjectId("5aded9df58c28575101c8ada"), 
    "task_assignedTo" : ObjectId("5ae97d6820dcc2132c376ae2")
}
{ 
    "_id" : ObjectId("5ae97d6820dcc2132c376afd"), 
    "associate_tasks" : ObjectId("5adeda0658c28575101c8adc"), 
    "task_assignedTo" : ObjectId("5ae97d6820dcc2132c376ae2")
}
{ 
    "_id" : ObjectId("5ae97d6820dcc2132c376aff"), 
    "associate_tasks" : ObjectId("5adeda2758c28575101c8ade"), 
    "task_assignedTo" : ObjectId("5ae97d6820dcc2132c376ae2")
}
{ 
    "_id" : ObjectId("5ae97d6820dcc2132c376b01"), 
    "associate_tasks" : ObjectId("5adeda4b58c28575101c8ae0"), 
    "task_assignedTo" : ObjectId("5ae97d6820dcc2132c376ae2")
}
{ 
    "_id" : ObjectId("5ae97d6820dcc2132c376b03"), 
    "associate_tasks" : ObjectId("5adeda6958c28575101c8ae2"), 
    "task_assignedTo" : ObjectId("5ae97d6820dcc2132c376ae2")
}
{ 
    "_id" : ObjectId("5ae97d6820dcc2132c376b05"), 
    "associate_tasks" : ObjectId("5adeda9158c28575101c8ae4"), 
    "task_assignedTo" : ObjectId("5ae97d6820dcc2132c376ae2")
}
{ 
    "_id" : ObjectId("5ae97d6820dcc2132c376b07"), 
    "associate_tasks" : ObjectId("5adedaca58c28575101c8ae8"), 
    "task_assignedTo" : ObjectId("5ae97d6820dcc2132c376ae2")
}
{ 
    "_id" : ObjectId("5ae97d6820dcc2132c376b09"), 
    "associate_tasks" : ObjectId("5adedb2f58c28575101c8aec"), 
    "task_assignedTo" : ObjectId("5ae97d6820dcc2132c376ae2")
}
{ 
    "_id" : ObjectId("5ae97d6820dcc2132c376b0b"), 
    "associate_tasks" : ObjectId("5adedb4b58c28575101c8aee"), 
    "task_assignedTo" : ObjectId("5ae97d6820dcc2132c376ae2")
}
{ 
    "_id" : ObjectId("5ae97d6820dcc2132c376b0d"), 
    "associate_tasks" : ObjectId("5adedba758c28575101c8af3"), 
    "task_assignedTo" : ObjectId("5ae97d6820dcc2132c376ae2")
}
{ 
    "_id" : ObjectId("5ae97d6820dcc2132c376b0f"), 
    "associate_tasks" : ObjectId("5adede4658c28575101c8af8"), 
    "task_assignedTo" : ObjectId("5ae97d6820dcc2132c376ae2")
}
{ 
    "_id" : ObjectId("5ae97d6820dcc2132c376b11"), 
    "associate_tasks" : ObjectId("5adede6658c28575101c8afa"), 
    "task_assignedTo" : ObjectId("5ae97d6820dcc2132c376ae2")
}
{ 
    "_id" : ObjectId("5ae97d6820dcc2132c376b13"), 
    "associate_tasks" : ObjectId("5adede7b58c28575101c8afc"), 
    "task_assignedTo" : ObjectId("5ae97d6820dcc2132c376ae2")
}
{ 
    "_id" : ObjectId("5ae97d6820dcc2132c376b15"), 
    "associate_tasks" : ObjectId("5adede9658c28575101c8afe"), 
    "task_assignedTo" : ObjectId("5ae97d6820dcc2132c376ae2")
}
{ 
    "_id" : ObjectId("5ae97d6820dcc2132c376b17"), 
    "associate_tasks" : ObjectId("5adedeb158c28575101c8b00"), 
    "task_assignedTo" : ObjectId("5ae97d6820dcc2132c376ae2")
}
{ 
    "_id" : ObjectId("5ae97d6820dcc2132c376b19"), 
    "associate_tasks" : ObjectId("5adedf3958c28575101c8b08"), 
    "task_assignedTo" : ObjectId("5ae97d6820dcc2132c376ae2")
}
{ 
    "_id" : ObjectId("5ae97d6820dcc2132c376b1b"), 
    "associate_tasks" : ObjectId("5adedf5558c28575101c8b0a"), 
    "task_assignedTo" : ObjectId("5ae97d6820dcc2132c376ae2")
}
{ 
    "_id" : ObjectId("5ae97d6820dcc2132c376b1d"), 
    "associate_tasks" : ObjectId("5adee15b58c28575101c8b0c"), 
    "task_assignedTo" : ObjectId("5ae97d6820dcc2132c376ae2")
}
{ 
    "_id" : ObjectId("5ae97d6820dcc2132c376b1f"), 
    "associate_tasks" : ObjectId("5adeeeb758c28575101c8b38"), 
    "task_assignedTo" : ObjectId("5ae97d6820dcc2132c376ae2")
}
{ 
    "_id" : ObjectId("5ae97d6820dcc2132c376b21"), 
    "associate_tasks" : ObjectId("5adeeed058c28575101c8b3a"), 
    "task_assignedTo" : ObjectId("5ae97d6820dcc2132c376ae2")
}
{ 
    "_id" : ObjectId("5ae97d6820dcc2132c376b23"), 
    "associate_tasks" : ObjectId("5adeeee858c28575101c8b3c"), 
    "task_assignedTo" : ObjectId("5ae97d6820dcc2132c376ae2")
}
{ 
    "_id" : ObjectId("5ae97d6820dcc2132c376b25"), 
    "associate_tasks" : ObjectId("5adeef0558c28575101c8b3e"), 
    "task_assignedTo" : ObjectId("5ae97d6820dcc2132c376ae2")
}
{ 
    "_id" : ObjectId("5ae97d6820dcc2132c376b27"), 
    "associate_tasks" : ObjectId("5adef00f58c28575101c8b40"), 
    "task_assignedTo" : ObjectId("5ae97d6820dcc2132c376ae2")
}
{ 
    "_id" : ObjectId("5ae97d6820dcc2132c376b29"), 
    "associate_tasks" : ObjectId("5ae004f458c28575101c8dd2"), 
    "task_assignedTo" : ObjectId("5ae97d6820dcc2132c376ae2")
}
{ 
    "_id" : ObjectId("5ae97d6820dcc2132c376b2b"), 
    "associate_tasks" : ObjectId("5ae96ef8ae3bb145f0103c38"), 
    "task_assignedTo" : ObjectId("5ae97d6820dcc2132c376ae2")
}
{ 
    "_id" : ObjectId("5ae97d9920dcc2132c376b32"), 
    "associate_tasks" : ObjectId("5ad73bb134fbdd15077f7298"), 
    "task_assignedTo" : ObjectId("5ae97d9920dcc2132c376b2f")
}
{ 
    "_id" : ObjectId("5ae97d9920dcc2132c376b34"), 
    "associate_tasks" : ObjectId("5ad821ef4ec58435f225c70e"), 
    "task_assignedTo" : ObjectId("5ae97d9920dcc2132c376b2f")
}
{ 
    "_id" : ObjectId("5ae97d9920dcc2132c376b36"), 
    "associate_tasks" : ObjectId("5ad888c44955374178be9247"), 
    "task_assignedTo" : ObjectId("5ae97d9920dcc2132c376b2f")
}
{ 
    "_id" : ObjectId("5ae97d9920dcc2132c376b38"), 
    "associate_tasks" : ObjectId("5add63a558c28575101c8ab4"), 
    "task_assignedTo" : ObjectId("5ae97d9920dcc2132c376b2f")
}
{ 
    "_id" : ObjectId("5ae97d9920dcc2132c376b3a"), 
    "associate_tasks" : ObjectId("5aded76558c28575101c8acd"), 
    "task_assignedTo" : ObjectId("5ae97d9920dcc2132c376b2f")
}
{ 
    "_id" : ObjectId("5ae97d9920dcc2132c376b3c"), 
    "associate_tasks" : ObjectId("5aded85558c28575101c8ace"), 
    "task_assignedTo" : ObjectId("5ae97d9920dcc2132c376b2f")
}
{ 
    "_id" : ObjectId("5ae97d9920dcc2132c376b3e"), 
    "associate_tasks" : ObjectId("5aded8f558c28575101c8ad0"), 
    "task_assignedTo" : ObjectId("5ae97d9920dcc2132c376b2f")
}
{ 
    "_id" : ObjectId("5ae97d9920dcc2132c376b40"), 
    "associate_tasks" : ObjectId("5aded92158c28575101c8ad2"), 
    "task_assignedTo" : ObjectId("5ae97d9920dcc2132c376b2f")
}
{ 
    "_id" : ObjectId("5ae97d9920dcc2132c376b42"), 
    "associate_tasks" : ObjectId("5aded93e58c28575101c8ad4"), 
    "task_assignedTo" : ObjectId("5ae97d9920dcc2132c376b2f")
}
{ 
    "_id" : ObjectId("5ae97d9920dcc2132c376b44"), 
    "associate_tasks" : ObjectId("5aded97b58c28575101c8ad6"), 
    "task_assignedTo" : ObjectId("5ae97d9920dcc2132c376b2f")
}
{ 
    "_id" : ObjectId("5ae97d9920dcc2132c376b46"), 
    "associate_tasks" : ObjectId("5aded99958c28575101c8ad8"), 
    "task_assignedTo" : ObjectId("5ae97d9920dcc2132c376b2f")
}
{ 
    "_id" : ObjectId("5ae97d9920dcc2132c376b48"), 
    "associate_tasks" : ObjectId("5aded9df58c28575101c8ada"), 
    "task_assignedTo" : ObjectId("5ae97d9920dcc2132c376b2f")
}
{ 
    "_id" : ObjectId("5ae97d9920dcc2132c376b4a"), 
    "associate_tasks" : ObjectId("5adeda0658c28575101c8adc"), 
    "task_assignedTo" : ObjectId("5ae97d9920dcc2132c376b2f")
}
{ 
    "_id" : ObjectId("5ae97d9920dcc2132c376b4c"), 
    "associate_tasks" : ObjectId("5adeda2758c28575101c8ade"), 
    "task_assignedTo" : ObjectId("5ae97d9920dcc2132c376b2f")
}
{ 
    "_id" : ObjectId("5ae97d9920dcc2132c376b4e"), 
    "associate_tasks" : ObjectId("5adeda4b58c28575101c8ae0"), 
    "task_assignedTo" : ObjectId("5ae97d9920dcc2132c376b2f")
}
{ 
    "_id" : ObjectId("5ae97d9920dcc2132c376b50"), 
    "associate_tasks" : ObjectId("5adeda6958c28575101c8ae2"), 
    "task_assignedTo" : ObjectId("5ae97d9920dcc2132c376b2f")
}
{ 
    "_id" : ObjectId("5ae97d9920dcc2132c376b52"), 
    "associate_tasks" : ObjectId("5adeda9158c28575101c8ae4"), 
    "task_assignedTo" : ObjectId("5ae97d9920dcc2132c376b2f")
}
{ 
    "_id" : ObjectId("5ae97d9920dcc2132c376b54"), 
    "associate_tasks" : ObjectId("5adedaca58c28575101c8ae8"), 
    "task_assignedTo" : ObjectId("5ae97d9920dcc2132c376b2f")
}
{ 
    "_id" : ObjectId("5ae97d9920dcc2132c376b56"), 
    "associate_tasks" : ObjectId("5adedb2f58c28575101c8aec"), 
    "task_assignedTo" : ObjectId("5ae97d9920dcc2132c376b2f")
}
{ 
    "_id" : ObjectId("5ae97d9920dcc2132c376b58"), 
    "associate_tasks" : ObjectId("5adedb4b58c28575101c8aee"), 
    "task_assignedTo" : ObjectId("5ae97d9920dcc2132c376b2f")
}
{ 
    "_id" : ObjectId("5ae97d9920dcc2132c376b5a"), 
    "associate_tasks" : ObjectId("5adedba758c28575101c8af3"), 
    "task_assignedTo" : ObjectId("5ae97d9920dcc2132c376b2f")
}
{ 
    "_id" : ObjectId("5ae97d9920dcc2132c376b5c"), 
    "associate_tasks" : ObjectId("5adede4658c28575101c8af8"), 
    "task_assignedTo" : ObjectId("5ae97d9920dcc2132c376b2f")
}
{ 
    "_id" : ObjectId("5ae97d9920dcc2132c376b5e"), 
    "associate_tasks" : ObjectId("5adede6658c28575101c8afa"), 
    "task_assignedTo" : ObjectId("5ae97d9920dcc2132c376b2f")
}
{ 
    "_id" : ObjectId("5ae97d9920dcc2132c376b60"), 
    "associate_tasks" : ObjectId("5adede7b58c28575101c8afc"), 
    "task_assignedTo" : ObjectId("5ae97d9920dcc2132c376b2f")
}
{ 
    "_id" : ObjectId("5ae97d9920dcc2132c376b62"), 
    "associate_tasks" : ObjectId("5adede9658c28575101c8afe"), 
    "task_assignedTo" : ObjectId("5ae97d9920dcc2132c376b2f")
}
{ 
    "_id" : ObjectId("5ae97d9920dcc2132c376b64"), 
    "associate_tasks" : ObjectId("5adedeb158c28575101c8b00"), 
    "task_assignedTo" : ObjectId("5ae97d9920dcc2132c376b2f")
}
{ 
    "_id" : ObjectId("5ae97d9920dcc2132c376b66"), 
    "associate_tasks" : ObjectId("5adedf3958c28575101c8b08"), 
    "task_assignedTo" : ObjectId("5ae97d9920dcc2132c376b2f")
}
{ 
    "_id" : ObjectId("5ae97d9920dcc2132c376b68"), 
    "associate_tasks" : ObjectId("5adedf5558c28575101c8b0a"), 
    "task_assignedTo" : ObjectId("5ae97d9920dcc2132c376b2f")
}
{ 
    "_id" : ObjectId("5ae97d9920dcc2132c376b6a"), 
    "associate_tasks" : ObjectId("5adee15b58c28575101c8b0c"), 
    "task_assignedTo" : ObjectId("5ae97d9920dcc2132c376b2f")
}
{ 
    "_id" : ObjectId("5ae97d9920dcc2132c376b6c"), 
    "associate_tasks" : ObjectId("5adeeeb758c28575101c8b38"), 
    "task_assignedTo" : ObjectId("5ae97d9920dcc2132c376b2f")
}
{ 
    "_id" : ObjectId("5ae97d9920dcc2132c376b6e"), 
    "associate_tasks" : ObjectId("5adeeed058c28575101c8b3a"), 
    "task_assignedTo" : ObjectId("5ae97d9920dcc2132c376b2f")
}
{ 
    "_id" : ObjectId("5ae97d9920dcc2132c376b70"), 
    "associate_tasks" : ObjectId("5adeeee858c28575101c8b3c"), 
    "task_assignedTo" : ObjectId("5ae97d9920dcc2132c376b2f")
}
{ 
    "_id" : ObjectId("5ae97d9920dcc2132c376b72"), 
    "associate_tasks" : ObjectId("5adeef0558c28575101c8b3e"), 
    "task_assignedTo" : ObjectId("5ae97d9920dcc2132c376b2f")
}
{ 
    "_id" : ObjectId("5ae97d9920dcc2132c376b74"), 
    "associate_tasks" : ObjectId("5adef00f58c28575101c8b40"), 
    "task_assignedTo" : ObjectId("5ae97d9920dcc2132c376b2f")
}
{ 
    "_id" : ObjectId("5ae97d9920dcc2132c376b76"), 
    "associate_tasks" : ObjectId("5ae004f458c28575101c8dd2"), 
    "task_assignedTo" : ObjectId("5ae97d9920dcc2132c376b2f")
}
{ 
    "_id" : ObjectId("5ae97d9920dcc2132c376b78"), 
    "associate_tasks" : ObjectId("5ae96ef8ae3bb145f0103c38"), 
    "task_assignedTo" : ObjectId("5ae97d9920dcc2132c376b2f")
}
{ 
    "_id" : ObjectId("5ae97dba20dcc2132c376b7f"), 
    "associate_tasks" : ObjectId("5ad73bb134fbdd15077f7298"), 
    "task_assignedTo" : ObjectId("5ae97dba20dcc2132c376b7c")
}
{ 
    "_id" : ObjectId("5ae97dba20dcc2132c376b81"), 
    "associate_tasks" : ObjectId("5ad821ef4ec58435f225c70e"), 
    "task_assignedTo" : ObjectId("5ae97dba20dcc2132c376b7c")
}
{ 
    "_id" : ObjectId("5ae97dba20dcc2132c376b83"), 
    "associate_tasks" : ObjectId("5ad888c44955374178be9247"), 
    "task_assignedTo" : ObjectId("5ae97dba20dcc2132c376b7c")
}
{ 
    "_id" : ObjectId("5ae97dba20dcc2132c376b85"), 
    "associate_tasks" : ObjectId("5add63a558c28575101c8ab4"), 
    "task_assignedTo" : ObjectId("5ae97dba20dcc2132c376b7c")
}
{ 
    "_id" : ObjectId("5ae97dba20dcc2132c376b87"), 
    "associate_tasks" : ObjectId("5aded76558c28575101c8acd"), 
    "task_assignedTo" : ObjectId("5ae97dba20dcc2132c376b7c")
}
{ 
    "_id" : ObjectId("5ae97dba20dcc2132c376b89"), 
    "associate_tasks" : ObjectId("5aded85558c28575101c8ace"), 
    "task_assignedTo" : ObjectId("5ae97dba20dcc2132c376b7c")
}
{ 
    "_id" : ObjectId("5ae97dba20dcc2132c376b8b"), 
    "associate_tasks" : ObjectId("5aded8f558c28575101c8ad0"), 
    "task_assignedTo" : ObjectId("5ae97dba20dcc2132c376b7c")
}
{ 
    "_id" : ObjectId("5ae97dba20dcc2132c376b8d"), 
    "associate_tasks" : ObjectId("5aded92158c28575101c8ad2"), 
    "task_assignedTo" : ObjectId("5ae97dba20dcc2132c376b7c")
}
{ 
    "_id" : ObjectId("5ae97dba20dcc2132c376b8f"), 
    "associate_tasks" : ObjectId("5aded93e58c28575101c8ad4"), 
    "task_assignedTo" : ObjectId("5ae97dba20dcc2132c376b7c")
}
{ 
    "_id" : ObjectId("5ae97dba20dcc2132c376b91"), 
    "associate_tasks" : ObjectId("5aded97b58c28575101c8ad6"), 
    "task_assignedTo" : ObjectId("5ae97dba20dcc2132c376b7c")
}
{ 
    "_id" : ObjectId("5ae97dba20dcc2132c376b93"), 
    "associate_tasks" : ObjectId("5aded99958c28575101c8ad8"), 
    "task_assignedTo" : ObjectId("5ae97dba20dcc2132c376b7c")
}
{ 
    "_id" : ObjectId("5ae97dba20dcc2132c376b95"), 
    "associate_tasks" : ObjectId("5aded9df58c28575101c8ada"), 
    "task_assignedTo" : ObjectId("5ae97dba20dcc2132c376b7c")
}
{ 
    "_id" : ObjectId("5ae97dba20dcc2132c376b97"), 
    "associate_tasks" : ObjectId("5adeda0658c28575101c8adc"), 
    "task_assignedTo" : ObjectId("5ae97dba20dcc2132c376b7c")
}
{ 
    "_id" : ObjectId("5ae97dba20dcc2132c376b99"), 
    "associate_tasks" : ObjectId("5adeda2758c28575101c8ade"), 
    "task_assignedTo" : ObjectId("5ae97dba20dcc2132c376b7c")
}
{ 
    "_id" : ObjectId("5ae97dba20dcc2132c376b9b"), 
    "associate_tasks" : ObjectId("5adeda4b58c28575101c8ae0"), 
    "task_assignedTo" : ObjectId("5ae97dba20dcc2132c376b7c")
}
{ 
    "_id" : ObjectId("5ae97dba20dcc2132c376b9d"), 
    "associate_tasks" : ObjectId("5adeda6958c28575101c8ae2"), 
    "task_assignedTo" : ObjectId("5ae97dba20dcc2132c376b7c")
}
{ 
    "_id" : ObjectId("5ae97dba20dcc2132c376b9f"), 
    "associate_tasks" : ObjectId("5adeda9158c28575101c8ae4"), 
    "task_assignedTo" : ObjectId("5ae97dba20dcc2132c376b7c")
}
{ 
    "_id" : ObjectId("5ae97dba20dcc2132c376ba1"), 
    "associate_tasks" : ObjectId("5adedaca58c28575101c8ae8"), 
    "task_assignedTo" : ObjectId("5ae97dba20dcc2132c376b7c")
}
{ 
    "_id" : ObjectId("5ae97dba20dcc2132c376ba3"), 
    "associate_tasks" : ObjectId("5adedb2f58c28575101c8aec"), 
    "task_assignedTo" : ObjectId("5ae97dba20dcc2132c376b7c")
}
{ 
    "_id" : ObjectId("5ae97dba20dcc2132c376ba5"), 
    "associate_tasks" : ObjectId("5adedb4b58c28575101c8aee"), 
    "task_assignedTo" : ObjectId("5ae97dba20dcc2132c376b7c")
}
{ 
    "_id" : ObjectId("5ae97dba20dcc2132c376ba7"), 
    "associate_tasks" : ObjectId("5adedba758c28575101c8af3"), 
    "task_assignedTo" : ObjectId("5ae97dba20dcc2132c376b7c")
}
{ 
    "_id" : ObjectId("5ae97dba20dcc2132c376ba9"), 
    "associate_tasks" : ObjectId("5adede4658c28575101c8af8"), 
    "task_assignedTo" : ObjectId("5ae97dba20dcc2132c376b7c")
}
{ 
    "_id" : ObjectId("5ae97dba20dcc2132c376bab"), 
    "associate_tasks" : ObjectId("5adede6658c28575101c8afa"), 
    "task_assignedTo" : ObjectId("5ae97dba20dcc2132c376b7c")
}
{ 
    "_id" : ObjectId("5ae97dba20dcc2132c376bad"), 
    "associate_tasks" : ObjectId("5adede7b58c28575101c8afc"), 
    "task_assignedTo" : ObjectId("5ae97dba20dcc2132c376b7c")
}
{ 
    "_id" : ObjectId("5ae97dbb20dcc2132c376baf"), 
    "associate_tasks" : ObjectId("5adede9658c28575101c8afe"), 
    "task_assignedTo" : ObjectId("5ae97dba20dcc2132c376b7c")
}
{ 
    "_id" : ObjectId("5ae97dbb20dcc2132c376bb1"), 
    "associate_tasks" : ObjectId("5adedeb158c28575101c8b00"), 
    "task_assignedTo" : ObjectId("5ae97dba20dcc2132c376b7c")
}
{ 
    "_id" : ObjectId("5ae97dbb20dcc2132c376bb3"), 
    "associate_tasks" : ObjectId("5adedf3958c28575101c8b08"), 
    "task_assignedTo" : ObjectId("5ae97dba20dcc2132c376b7c")
}
{ 
    "_id" : ObjectId("5ae97dbb20dcc2132c376bb5"), 
    "associate_tasks" : ObjectId("5adedf5558c28575101c8b0a"), 
    "task_assignedTo" : ObjectId("5ae97dba20dcc2132c376b7c")
}
{ 
    "_id" : ObjectId("5ae97dbb20dcc2132c376bb7"), 
    "associate_tasks" : ObjectId("5adee15b58c28575101c8b0c"), 
    "task_assignedTo" : ObjectId("5ae97dba20dcc2132c376b7c")
}
{ 
    "_id" : ObjectId("5ae97dbb20dcc2132c376bb9"), 
    "associate_tasks" : ObjectId("5adeeeb758c28575101c8b38"), 
    "task_assignedTo" : ObjectId("5ae97dba20dcc2132c376b7c")
}
{ 
    "_id" : ObjectId("5ae97dbb20dcc2132c376bbb"), 
    "associate_tasks" : ObjectId("5adeeed058c28575101c8b3a"), 
    "task_assignedTo" : ObjectId("5ae97dba20dcc2132c376b7c")
}
{ 
    "_id" : ObjectId("5ae97dbb20dcc2132c376bbd"), 
    "associate_tasks" : ObjectId("5adeeee858c28575101c8b3c"), 
    "task_assignedTo" : ObjectId("5ae97dba20dcc2132c376b7c")
}
{ 
    "_id" : ObjectId("5ae97dbb20dcc2132c376bbf"), 
    "associate_tasks" : ObjectId("5adeef0558c28575101c8b3e"), 
    "task_assignedTo" : ObjectId("5ae97dba20dcc2132c376b7c")
}
{ 
    "_id" : ObjectId("5ae97dbb20dcc2132c376bc1"), 
    "associate_tasks" : ObjectId("5adef00f58c28575101c8b40"), 
    "task_assignedTo" : ObjectId("5ae97dba20dcc2132c376b7c")
}
{ 
    "_id" : ObjectId("5ae97dbb20dcc2132c376bc3"), 
    "associate_tasks" : ObjectId("5ae004f458c28575101c8dd2"), 
    "task_assignedTo" : ObjectId("5ae97dba20dcc2132c376b7c")
}
{ 
    "_id" : ObjectId("5ae97dbb20dcc2132c376bc5"), 
    "associate_tasks" : ObjectId("5ae96ef8ae3bb145f0103c38"), 
    "task_assignedTo" : ObjectId("5ae97dba20dcc2132c376b7c")
}
{ 
    "_id" : ObjectId("5ae97e4720dcc2132c376bdf"), 
    "associate_tasks" : ObjectId("5ad821ef4ec58435f225c70e"), 
    "task_assignedTo" : ObjectId("5ae97e4720dcc2132c376bdc")
}
{ 
    "_id" : ObjectId("5ae97e4720dcc2132c376be1"), 
    "associate_tasks" : ObjectId("5aded8f558c28575101c8ad0"), 
    "task_assignedTo" : ObjectId("5ae97e4720dcc2132c376bdc")
}
{ 
    "_id" : ObjectId("5ae97e4720dcc2132c376be3"), 
    "associate_tasks" : ObjectId("5aded9df58c28575101c8ada"), 
    "task_assignedTo" : ObjectId("5ae97e4720dcc2132c376bdc")
}
{ 
    "_id" : ObjectId("5ae97e4720dcc2132c376be5"), 
    "associate_tasks" : ObjectId("5adedaca58c28575101c8ae8"), 
    "task_assignedTo" : ObjectId("5ae97e4720dcc2132c376bdc")
}
{ 
    "_id" : ObjectId("5ae97e4820dcc2132c376be7"), 
    "associate_tasks" : ObjectId("5adedb4b58c28575101c8aee"), 
    "task_assignedTo" : ObjectId("5ae97e4720dcc2132c376bdc")
}
{ 
    "_id" : ObjectId("5ae97e4820dcc2132c376be9"), 
    "associate_tasks" : ObjectId("5adedba758c28575101c8af3"), 
    "task_assignedTo" : ObjectId("5ae97e4720dcc2132c376bdc")
}
{ 
    "_id" : ObjectId("5ae97e4820dcc2132c376beb"), 
    "associate_tasks" : ObjectId("5adef00f58c28575101c8b40"), 
    "task_assignedTo" : ObjectId("5ae97e4720dcc2132c376bdc")
}
{ 
    "_id" : ObjectId("5ae97e9320dcc2132c376bf2"), 
    "associate_tasks" : ObjectId("5ad821ef4ec58435f225c70e"), 
    "task_assignedTo" : ObjectId("5ae97e9320dcc2132c376bef")
}
{ 
    "_id" : ObjectId("5ae97e9320dcc2132c376bf4"), 
    "associate_tasks" : ObjectId("5aded76558c28575101c8acd"), 
    "task_assignedTo" : ObjectId("5ae97e9320dcc2132c376bef")
}
{ 
    "_id" : ObjectId("5ae97e9320dcc2132c376bf6"), 
    "associate_tasks" : ObjectId("5aded8f558c28575101c8ad0"), 
    "task_assignedTo" : ObjectId("5ae97e9320dcc2132c376bef")
}
{ 
    "_id" : ObjectId("5ae97e9320dcc2132c376bf8"), 
    "associate_tasks" : ObjectId("5aded9df58c28575101c8ada"), 
    "task_assignedTo" : ObjectId("5ae97e9320dcc2132c376bef")
}
{ 
    "_id" : ObjectId("5ae97e9320dcc2132c376bfa"), 
    "associate_tasks" : ObjectId("5adedaca58c28575101c8ae8"), 
    "task_assignedTo" : ObjectId("5ae97e9320dcc2132c376bef")
}
{ 
    "_id" : ObjectId("5ae97e9320dcc2132c376bfc"), 
    "associate_tasks" : ObjectId("5adedb4b58c28575101c8aee"), 
    "task_assignedTo" : ObjectId("5ae97e9320dcc2132c376bef")
}
{ 
    "_id" : ObjectId("5ae97e9320dcc2132c376bfe"), 
    "associate_tasks" : ObjectId("5adedba758c28575101c8af3"), 
    "task_assignedTo" : ObjectId("5ae97e9320dcc2132c376bef")
}
{ 
    "_id" : ObjectId("5ae97e9320dcc2132c376c00"), 
    "associate_tasks" : ObjectId("5adef00f58c28575101c8b40"), 
    "task_assignedTo" : ObjectId("5ae97e9320dcc2132c376bef")
}
{ 
    "_id" : ObjectId("5ae97eb620dcc2132c376c07"), 
    "associate_tasks" : ObjectId("5ad821ef4ec58435f225c70e"), 
    "task_assignedTo" : ObjectId("5ae97eb620dcc2132c376c04")
}
{ 
    "_id" : ObjectId("5ae97eb620dcc2132c376c09"), 
    "associate_tasks" : ObjectId("5aded8f558c28575101c8ad0"), 
    "task_assignedTo" : ObjectId("5ae97eb620dcc2132c376c04")
}
{ 
    "_id" : ObjectId("5ae97eb620dcc2132c376c0b"), 
    "associate_tasks" : ObjectId("5aded9df58c28575101c8ada"), 
    "task_assignedTo" : ObjectId("5ae97eb620dcc2132c376c04")
}
{ 
    "_id" : ObjectId("5ae97eb620dcc2132c376c0d"), 
    "associate_tasks" : ObjectId("5adedaca58c28575101c8ae8"), 
    "task_assignedTo" : ObjectId("5ae97eb620dcc2132c376c04")
}
{ 
    "_id" : ObjectId("5ae97eb620dcc2132c376c0f"), 
    "associate_tasks" : ObjectId("5adedb4b58c28575101c8aee"), 
    "task_assignedTo" : ObjectId("5ae97eb620dcc2132c376c04")
}
{ 
    "_id" : ObjectId("5ae97eb620dcc2132c376c11"), 
    "associate_tasks" : ObjectId("5adedba758c28575101c8af3"), 
    "task_assignedTo" : ObjectId("5ae97eb620dcc2132c376c04")
}
{ 
    "_id" : ObjectId("5ae97eb620dcc2132c376c13"), 
    "associate_tasks" : ObjectId("5adef00f58c28575101c8b40"), 
    "task_assignedTo" : ObjectId("5ae97eb620dcc2132c376c04")
}
{ 
    "_id" : ObjectId("5ae9814d3f06e716ae55bb52"), 
    "task_assignedTo" : ObjectId("5ae9814d3f06e716ae55bb4f"), 
    "associate_tasks" : ObjectId("5ad821ef4ec58435f225c70e")
}
{ 
    "_id" : ObjectId("5ae9814d3f06e716ae55bb54"), 
    "task_assignedTo" : ObjectId("5ae9814d3f06e716ae55bb4f"), 
    "associate_tasks" : ObjectId("5aded76558c28575101c8acd")
}
{ 
    "_id" : ObjectId("5ae9814e3f06e716ae55bb56"), 
    "task_assignedTo" : ObjectId("5ae9814d3f06e716ae55bb4f"), 
    "associate_tasks" : ObjectId("5aded8f558c28575101c8ad0")
}
{ 
    "_id" : ObjectId("5ae9814e3f06e716ae55bb58"), 
    "task_assignedTo" : ObjectId("5ae9814d3f06e716ae55bb4f"), 
    "associate_tasks" : ObjectId("5aded9df58c28575101c8ada")
}
{ 
    "_id" : ObjectId("5ae9814e3f06e716ae55bb5a"), 
    "task_assignedTo" : ObjectId("5ae9814d3f06e716ae55bb4f"), 
    "associate_tasks" : ObjectId("5adedaca58c28575101c8ae8")
}
{ 
    "_id" : ObjectId("5ae9814e3f06e716ae55bb5c"), 
    "task_assignedTo" : ObjectId("5ae9814d3f06e716ae55bb4f"), 
    "associate_tasks" : ObjectId("5adedb4b58c28575101c8aee")
}
{ 
    "_id" : ObjectId("5ae9814e3f06e716ae55bb5e"), 
    "task_assignedTo" : ObjectId("5ae9814d3f06e716ae55bb4f"), 
    "associate_tasks" : ObjectId("5adedba758c28575101c8af3")
}
{ 
    "_id" : ObjectId("5ae9814e3f06e716ae55bb60"), 
    "task_assignedTo" : ObjectId("5ae9814d3f06e716ae55bb4f"), 
    "associate_tasks" : ObjectId("5adef00f58c28575101c8b40")
}
{ 
    "_id" : ObjectId("5ae9869f3f06e716ae55bb65"), 
    "task_assignedTo" : ObjectId("5ae9869f3f06e716ae55bb64"), 
    "associate_tasks" : ObjectId("5aded85558c28575101c8ace")
}
{ 
    "_id" : ObjectId("5ae987383f06e716ae55bb6c"), 
    "task_assignedTo" : ObjectId("5ae987383f06e716ae55bb69"), 
    "associate_tasks" : ObjectId("5aded76558c28575101c8acd")
}
{ 
    "_id" : ObjectId("5ae9876c3f06e716ae55bb73"), 
    "task_assignedTo" : ObjectId("5ae9876c3f06e716ae55bb70"), 
    "associate_tasks" : ObjectId("5adedb4b58c28575101c8aee")
}
{ 
    "_id" : ObjectId("5ae989233f06e716ae55bb87"), 
    "task_assignedTo" : ObjectId("5ae989233f06e716ae55bb84"), 
    "associate_tasks" : ObjectId("5aded93e58c28575101c8ad4")
}
{ 
    "_id" : ObjectId("5ae989233f06e716ae55bb89"), 
    "task_assignedTo" : ObjectId("5ae989233f06e716ae55bb84"), 
    "associate_tasks" : ObjectId("5adedaca58c28575101c8ae8")
}
{ 
    "_id" : ObjectId("5ae989233f06e716ae55bb8b"), 
    "task_assignedTo" : ObjectId("5ae989233f06e716ae55bb84"), 
    "associate_tasks" : ObjectId("5adede9658c28575101c8afe")
}
{ 
    "_id" : ObjectId("5ae989233f06e716ae55bb8d"), 
    "task_assignedTo" : ObjectId("5ae989233f06e716ae55bb84"), 
    "associate_tasks" : ObjectId("5adef00f58c28575101c8b40")
}
{ 
    "_id" : ObjectId("5ae989393f06e716ae55bb94"), 
    "task_assignedTo" : ObjectId("5ae989393f06e716ae55bb91"), 
    "associate_tasks" : ObjectId("5aded93e58c28575101c8ad4")
}
{ 
    "_id" : ObjectId("5ae989393f06e716ae55bb96"), 
    "task_assignedTo" : ObjectId("5ae989393f06e716ae55bb91"), 
    "associate_tasks" : ObjectId("5adedaca58c28575101c8ae8")
}
{ 
    "_id" : ObjectId("5ae989393f06e716ae55bb98"), 
    "task_assignedTo" : ObjectId("5ae989393f06e716ae55bb91"), 
    "associate_tasks" : ObjectId("5adede9658c28575101c8afe")
}
{ 
    "_id" : ObjectId("5ae989393f06e716ae55bb9a"), 
    "task_assignedTo" : ObjectId("5ae989393f06e716ae55bb91"), 
    "associate_tasks" : ObjectId("5adef00f58c28575101c8b40")
}
{ 
    "_id" : ObjectId("5ae9894a3f06e716ae55bba1"), 
    "task_assignedTo" : ObjectId("5ae9894a3f06e716ae55bb9e"), 
    "associate_tasks" : ObjectId("5aded93e58c28575101c8ad4")
}
{ 
    "_id" : ObjectId("5ae9894a3f06e716ae55bba3"), 
    "task_assignedTo" : ObjectId("5ae9894a3f06e716ae55bb9e"), 
    "associate_tasks" : ObjectId("5adedaca58c28575101c8ae8")
}
{ 
    "_id" : ObjectId("5ae9894a3f06e716ae55bba5"), 
    "task_assignedTo" : ObjectId("5ae9894a3f06e716ae55bb9e"), 
    "associate_tasks" : ObjectId("5adede9658c28575101c8afe")
}
{ 
    "_id" : ObjectId("5ae9894a3f06e716ae55bba7"), 
    "task_assignedTo" : ObjectId("5ae9894a3f06e716ae55bb9e"), 
    "associate_tasks" : ObjectId("5adef00f58c28575101c8b40")
}
{ 
    "_id" : ObjectId("5ae9897f3f06e716ae55bbae"), 
    "task_assignedTo" : ObjectId("5ae9897f3f06e716ae55bbab"), 
    "associate_tasks" : ObjectId("5aded93e58c28575101c8ad4")
}
{ 
    "_id" : ObjectId("5ae9897f3f06e716ae55bbb0"), 
    "task_assignedTo" : ObjectId("5ae9897f3f06e716ae55bbab"), 
    "associate_tasks" : ObjectId("5adedaca58c28575101c8ae8")
}
{ 
    "_id" : ObjectId("5ae9897f3f06e716ae55bbb2"), 
    "task_assignedTo" : ObjectId("5ae9897f3f06e716ae55bbab"), 
    "associate_tasks" : ObjectId("5adede9658c28575101c8afe")
}
{ 
    "_id" : ObjectId("5ae9897f3f06e716ae55bbb4"), 
    "task_assignedTo" : ObjectId("5ae9897f3f06e716ae55bbab"), 
    "associate_tasks" : ObjectId("5adef00f58c28575101c8b40")
}
{ 
    "_id" : ObjectId("5ae989923f06e716ae55bbbb"), 
    "task_assignedTo" : ObjectId("5ae989923f06e716ae55bbb8"), 
    "associate_tasks" : ObjectId("5aded93e58c28575101c8ad4")
}
{ 
    "_id" : ObjectId("5ae989923f06e716ae55bbbd"), 
    "task_assignedTo" : ObjectId("5ae989923f06e716ae55bbb8"), 
    "associate_tasks" : ObjectId("5adedaca58c28575101c8ae8")
}
{ 
    "_id" : ObjectId("5ae989923f06e716ae55bbbf"), 
    "task_assignedTo" : ObjectId("5ae989923f06e716ae55bbb8"), 
    "associate_tasks" : ObjectId("5adede9658c28575101c8afe")
}
{ 
    "_id" : ObjectId("5ae989923f06e716ae55bbc1"), 
    "task_assignedTo" : ObjectId("5ae989923f06e716ae55bbb8"), 
    "associate_tasks" : ObjectId("5adef00f58c28575101c8b40")
}
{ 
    "_id" : ObjectId("5ae989a23f06e716ae55bbc9"), 
    "task_assignedTo" : ObjectId("5ae989a23f06e716ae55bbc6"), 
    "associate_tasks" : ObjectId("5aded93e58c28575101c8ad4")
}
{ 
    "_id" : ObjectId("5ae989a23f06e716ae55bbcb"), 
    "task_assignedTo" : ObjectId("5ae989a23f06e716ae55bbc6"), 
    "associate_tasks" : ObjectId("5adedaca58c28575101c8ae8")
}
{ 
    "_id" : ObjectId("5ae989a23f06e716ae55bbcd"), 
    "task_assignedTo" : ObjectId("5ae989a23f06e716ae55bbc6"), 
    "associate_tasks" : ObjectId("5adede9658c28575101c8afe")
}
{ 
    "_id" : ObjectId("5ae989a23f06e716ae55bbcf"), 
    "task_assignedTo" : ObjectId("5ae989a23f06e716ae55bbc6"), 
    "associate_tasks" : ObjectId("5adef00f58c28575101c8b40")
}
{ 
    "_id" : ObjectId("5ae989b33f06e716ae55bbd6"), 
    "task_assignedTo" : ObjectId("5ae989b33f06e716ae55bbd3"), 
    "associate_tasks" : ObjectId("5aded93e58c28575101c8ad4")
}
{ 
    "_id" : ObjectId("5ae989b33f06e716ae55bbd8"), 
    "task_assignedTo" : ObjectId("5ae989b33f06e716ae55bbd3"), 
    "associate_tasks" : ObjectId("5adedaca58c28575101c8ae8")
}
{ 
    "_id" : ObjectId("5ae989b33f06e716ae55bbda"), 
    "task_assignedTo" : ObjectId("5ae989b33f06e716ae55bbd3"), 
    "associate_tasks" : ObjectId("5adede9658c28575101c8afe")
}
{ 
    "_id" : ObjectId("5ae989b33f06e716ae55bbdc"), 
    "task_assignedTo" : ObjectId("5ae989b33f06e716ae55bbd3"), 
    "associate_tasks" : ObjectId("5adef00f58c28575101c8b40")
}
{ 
    "_id" : ObjectId("5ae989ff3f06e716ae55bbee"), 
    "task_assignedTo" : ObjectId("5ae989ff3f06e716ae55bbeb"), 
    "associate_tasks" : ObjectId("5aded93e58c28575101c8ad4")
}
{ 
    "_id" : ObjectId("5ae989ff3f06e716ae55bbf0"), 
    "task_assignedTo" : ObjectId("5ae989ff3f06e716ae55bbeb"), 
    "associate_tasks" : ObjectId("5adedb4b58c28575101c8aee")
}
{ 
    "_id" : ObjectId("5ae989ff3f06e716ae55bbf2"), 
    "task_assignedTo" : ObjectId("5ae989ff3f06e716ae55bbeb"), 
    "associate_tasks" : ObjectId("5adef00f58c28575101c8b40")
}
{ 
    "_id" : ObjectId("5ae98a353f06e716ae55bbfa"), 
    "task_assignedTo" : ObjectId("5ae98a353f06e716ae55bbf7"), 
    "associate_tasks" : ObjectId("5aded93e58c28575101c8ad4")
}
{ 
    "_id" : ObjectId("5ae98a353f06e716ae55bbfc"), 
    "task_assignedTo" : ObjectId("5ae98a353f06e716ae55bbf7"), 
    "associate_tasks" : ObjectId("5adedb4b58c28575101c8aee")
}
{ 
    "_id" : ObjectId("5ae98a353f06e716ae55bbfe"), 
    "task_assignedTo" : ObjectId("5ae98a353f06e716ae55bbf7"), 
    "associate_tasks" : ObjectId("5adef00f58c28575101c8b40")
}
{ 
    "_id" : ObjectId("5ae98a473f06e716ae55bc05"), 
    "task_assignedTo" : ObjectId("5ae98a463f06e716ae55bc02"), 
    "associate_tasks" : ObjectId("5aded93e58c28575101c8ad4")
}
{ 
    "_id" : ObjectId("5ae98a473f06e716ae55bc07"), 
    "task_assignedTo" : ObjectId("5ae98a463f06e716ae55bc02"), 
    "associate_tasks" : ObjectId("5adedb4b58c28575101c8aee")
}
{ 
    "_id" : ObjectId("5ae98a473f06e716ae55bc09"), 
    "task_assignedTo" : ObjectId("5ae98a463f06e716ae55bc02"), 
    "associate_tasks" : ObjectId("5adef00f58c28575101c8b40")
}
{ 
    "_id" : ObjectId("5ae98a593f06e716ae55bc10"), 
    "task_assignedTo" : ObjectId("5ae98a593f06e716ae55bc0d"), 
    "associate_tasks" : ObjectId("5aded93e58c28575101c8ad4")
}
{ 
    "_id" : ObjectId("5ae98a593f06e716ae55bc12"), 
    "task_assignedTo" : ObjectId("5ae98a593f06e716ae55bc0d"), 
    "associate_tasks" : ObjectId("5adedb4b58c28575101c8aee")
}
{ 
    "_id" : ObjectId("5ae98a593f06e716ae55bc14"), 
    "task_assignedTo" : ObjectId("5ae98a593f06e716ae55bc0d"), 
    "associate_tasks" : ObjectId("5adef00f58c28575101c8b40")
}
{ 
    "_id" : ObjectId("5ae98a673f06e716ae55bc1b"), 
    "task_assignedTo" : ObjectId("5ae98a673f06e716ae55bc18"), 
    "associate_tasks" : ObjectId("5aded93e58c28575101c8ad4")
}
{ 
    "_id" : ObjectId("5ae98a673f06e716ae55bc1d"), 
    "task_assignedTo" : ObjectId("5ae98a673f06e716ae55bc18"), 
    "associate_tasks" : ObjectId("5adedb4b58c28575101c8aee")
}
{ 
    "_id" : ObjectId("5ae98a673f06e716ae55bc1f"), 
    "task_assignedTo" : ObjectId("5ae98a673f06e716ae55bc18"), 
    "associate_tasks" : ObjectId("5adef00f58c28575101c8b40")
}
{ 
    "_id" : ObjectId("5ae98a783f06e716ae55bc26"), 
    "task_assignedTo" : ObjectId("5ae98a783f06e716ae55bc23"), 
    "associate_tasks" : ObjectId("5aded93e58c28575101c8ad4")
}
{ 
    "_id" : ObjectId("5ae98a783f06e716ae55bc28"), 
    "task_assignedTo" : ObjectId("5ae98a783f06e716ae55bc23"), 
    "associate_tasks" : ObjectId("5adedb4b58c28575101c8aee")
}
{ 
    "_id" : ObjectId("5ae98a783f06e716ae55bc2a"), 
    "task_assignedTo" : ObjectId("5ae98a783f06e716ae55bc23"), 
    "associate_tasks" : ObjectId("5adef00f58c28575101c8b40")
}
{ 
    "_id" : ObjectId("5ae98a893f06e716ae55bc31"), 
    "task_assignedTo" : ObjectId("5ae98a893f06e716ae55bc2e"), 
    "associate_tasks" : ObjectId("5aded93e58c28575101c8ad4")
}
{ 
    "_id" : ObjectId("5ae98a893f06e716ae55bc33"), 
    "task_assignedTo" : ObjectId("5ae98a893f06e716ae55bc2e"), 
    "associate_tasks" : ObjectId("5adedb4b58c28575101c8aee")
}
{ 
    "_id" : ObjectId("5ae98a893f06e716ae55bc35"), 
    "task_assignedTo" : ObjectId("5ae98a893f06e716ae55bc2e"), 
    "associate_tasks" : ObjectId("5adef00f58c28575101c8b40")
}
{ 
    "_id" : ObjectId("5ae98ad53f06e716ae55bc43"), 
    "task_assignedTo" : ObjectId("5ae98ad53f06e716ae55bc40"), 
    "associate_tasks" : ObjectId("5adeda9158c28575101c8ae4")
}
{ 
    "_id" : ObjectId("5ae98ad53f06e716ae55bc45"), 
    "task_assignedTo" : ObjectId("5ae98ad53f06e716ae55bc40"), 
    "associate_tasks" : ObjectId("5adef00f58c28575101c8b40")
}
{ 
    "_id" : ObjectId("5ae98ae43f06e716ae55bc4d"), 
    "task_assignedTo" : ObjectId("5ae98ae43f06e716ae55bc4a"), 
    "associate_tasks" : ObjectId("5adeda9158c28575101c8ae4")
}
{ 
    "_id" : ObjectId("5ae98ae43f06e716ae55bc4f"), 
    "task_assignedTo" : ObjectId("5ae98ae43f06e716ae55bc4a"), 
    "associate_tasks" : ObjectId("5adef00f58c28575101c8b40")
}
{ 
    "_id" : ObjectId("5ae98aeb3f06e716ae55bc54"), 
    "task_assignedTo" : ObjectId("5ae98aeb3f06e716ae55bc53"), 
    "associate_tasks" : ObjectId("5ae96ef8ae3bb145f0103c38")
}
{ 
    "_id" : ObjectId("5ae98af33f06e716ae55bc59"), 
    "task_assignedTo" : ObjectId("5ae98af33f06e716ae55bc56"), 
    "associate_tasks" : ObjectId("5adeda9158c28575101c8ae4")
}
{ 
    "_id" : ObjectId("5ae98af33f06e716ae55bc5b"), 
    "task_assignedTo" : ObjectId("5ae98af33f06e716ae55bc56"), 
    "associate_tasks" : ObjectId("5adef00f58c28575101c8b40")
}
{ 
    "_id" : ObjectId("5ae98b043f06e716ae55bc62"), 
    "task_assignedTo" : ObjectId("5ae98b043f06e716ae55bc5f"), 
    "associate_tasks" : ObjectId("5adeda9158c28575101c8ae4")
}
{ 
    "_id" : ObjectId("5ae98b043f06e716ae55bc64"), 
    "task_assignedTo" : ObjectId("5ae98b043f06e716ae55bc5f"), 
    "associate_tasks" : ObjectId("5adef00f58c28575101c8b40")
}
{ 
    "_id" : ObjectId("5ae98b123f06e716ae55bc6c"), 
    "task_assignedTo" : ObjectId("5ae98b123f06e716ae55bc69"), 
    "associate_tasks" : ObjectId("5adeda9158c28575101c8ae4")
}
{ 
    "_id" : ObjectId("5ae98b123f06e716ae55bc6e"), 
    "task_assignedTo" : ObjectId("5ae98b123f06e716ae55bc69"), 
    "associate_tasks" : ObjectId("5adef00f58c28575101c8b40")
}
{ 
    "_id" : ObjectId("5ae98b2c3f06e716ae55bc75"), 
    "task_assignedTo" : ObjectId("5ae98b2c3f06e716ae55bc72"), 
    "associate_tasks" : ObjectId("5adeda9158c28575101c8ae4")
}
{ 
    "_id" : ObjectId("5ae98b2c3f06e716ae55bc77"), 
    "task_assignedTo" : ObjectId("5ae98b2c3f06e716ae55bc72"), 
    "associate_tasks" : ObjectId("5adef00f58c28575101c8b40")
}
{ 
    "_id" : ObjectId("5ae98b3e3f06e716ae55bc7e"), 
    "task_assignedTo" : ObjectId("5ae98b3e3f06e716ae55bc7b"), 
    "associate_tasks" : ObjectId("5adeda9158c28575101c8ae4")
}
{ 
    "_id" : ObjectId("5ae98b3e3f06e716ae55bc80"), 
    "task_assignedTo" : ObjectId("5ae98b3e3f06e716ae55bc7b"), 
    "associate_tasks" : ObjectId("5adef00f58c28575101c8b40")
}
{ 
    "_id" : ObjectId("5ae98b863f06e716ae55bc8e"), 
    "task_assignedTo" : ObjectId("5ae98b863f06e716ae55bc8b"), 
    "associate_tasks" : ObjectId("5aded93e58c28575101c8ad4")
}
{ 
    "_id" : ObjectId("5ae98b863f06e716ae55bc90"), 
    "task_assignedTo" : ObjectId("5ae98b863f06e716ae55bc8b"), 
    "associate_tasks" : ObjectId("5adef00f58c28575101c8b40")
}
{ 
    "_id" : ObjectId("5ae98b923f06e716ae55bc97"), 
    "task_assignedTo" : ObjectId("5ae98b923f06e716ae55bc94"), 
    "associate_tasks" : ObjectId("5aded93e58c28575101c8ad4")
}
{ 
    "_id" : ObjectId("5ae98b933f06e716ae55bc99"), 
    "task_assignedTo" : ObjectId("5ae98b923f06e716ae55bc94"), 
    "associate_tasks" : ObjectId("5adef00f58c28575101c8b40")
}
{ 
    "_id" : ObjectId("5ae98ba23f06e716ae55bca0"), 
    "task_assignedTo" : ObjectId("5ae98ba23f06e716ae55bc9d"), 
    "associate_tasks" : ObjectId("5aded93e58c28575101c8ad4")
}
{ 
    "_id" : ObjectId("5ae98ba23f06e716ae55bca2"), 
    "task_assignedTo" : ObjectId("5ae98ba23f06e716ae55bc9d"), 
    "associate_tasks" : ObjectId("5adef00f58c28575101c8b40")
}
{ 
    "_id" : ObjectId("5ae98bb43f06e716ae55bca9"), 
    "task_assignedTo" : ObjectId("5ae98bb43f06e716ae55bca6"), 
    "associate_tasks" : ObjectId("5aded93e58c28575101c8ad4")
}
{ 
    "_id" : ObjectId("5ae98bb43f06e716ae55bcab"), 
    "task_assignedTo" : ObjectId("5ae98bb43f06e716ae55bca6"), 
    "associate_tasks" : ObjectId("5adef00f58c28575101c8b40")
}
{ 
    "_id" : ObjectId("5ae98bcc3f06e716ae55bcb2"), 
    "task_assignedTo" : ObjectId("5ae98bcc3f06e716ae55bcaf"), 
    "associate_tasks" : ObjectId("5aded93e58c28575101c8ad4")
}
{ 
    "_id" : ObjectId("5ae98bcc3f06e716ae55bcb4"), 
    "task_assignedTo" : ObjectId("5ae98bcc3f06e716ae55bcaf"), 
    "associate_tasks" : ObjectId("5adef00f58c28575101c8b40")
}
{ 
    "_id" : ObjectId("5ae98bdd3f06e716ae55bcbc"), 
    "task_assignedTo" : ObjectId("5ae98bdd3f06e716ae55bcb9"), 
    "associate_tasks" : ObjectId("5aded93e58c28575101c8ad4")
}
{ 
    "_id" : ObjectId("5ae98bdd3f06e716ae55bcbe"), 
    "task_assignedTo" : ObjectId("5ae98bdd3f06e716ae55bcb9"), 
    "associate_tasks" : ObjectId("5adef00f58c28575101c8b40")
}
{ 
    "_id" : ObjectId("5ae98bfe3f06e716ae55bcc5"), 
    "task_assignedTo" : ObjectId("5ae98bfe3f06e716ae55bcc2"), 
    "associate_tasks" : ObjectId("5aded93e58c28575101c8ad4")
}
{ 
    "_id" : ObjectId("5ae98bfe3f06e716ae55bcc7"), 
    "task_assignedTo" : ObjectId("5ae98bfe3f06e716ae55bcc2"), 
    "associate_tasks" : ObjectId("5adef00f58c28575101c8b40")
}
{ 
    "_id" : ObjectId("5ae997cc3f06e716ae55bcd1"), 
    "task_assignedTo" : ObjectId("5ae997cc3f06e716ae55bcd0"), 
    "associate_tasks" : ObjectId("5ae96ef8ae3bb145f0103c38")
}
{ 
    "_id" : ObjectId("5ae9a1053f06e716ae55bcd5"), 
    "task_assignedTo" : ObjectId("5ae9a1053f06e716ae55bcd4"), 
    "associate_tasks" : ObjectId("5adedb2f58c28575101c8aec")
}
{ 
    "_id" : ObjectId("5ae9b0b33f06e716ae55bcdd"), 
    "task_assignedTo" : ObjectId("5ae9b0b33f06e716ae55bcdc"), 
    "associate_tasks" : ObjectId("5adedf3958c28575101c8b08")
}
{ 
    "_id" : ObjectId("5ae9b7f53f06e716ae55bce5"), 
    "task_assignedTo" : ObjectId("5ae9b7f53f06e716ae55bce4"), 
    "associate_tasks" : ObjectId("5ae9b5953f06e716ae55bce3")
}
{ 
    "_id" : ObjectId("5ae9bde13f06e716ae55bcea"), 
    "task_assignedTo" : ObjectId("5ae9bde13f06e716ae55bce9"), 
    "associate_tasks" : ObjectId("5adedb4b58c28575101c8aee")
}
{ 
    "_id" : ObjectId("5ae9be0f3f06e716ae55bced"), 
    "task_assignedTo" : ObjectId("5ae9be0f3f06e716ae55bcec"), 
    "associate_tasks" : ObjectId("5adedb4b58c28575101c8aee")
}
{ 
    "_id" : ObjectId("5ae9be353f06e716ae55bcf0"), 
    "task_assignedTo" : ObjectId("5ae9be353f06e716ae55bcef"), 
    "associate_tasks" : ObjectId("5adedb4b58c28575101c8aee")
}
{ 
    "_id" : ObjectId("5ae9be4c3f06e716ae55bcf3"), 
    "task_assignedTo" : ObjectId("5ae9be4c3f06e716ae55bcf2"), 
    "associate_tasks" : ObjectId("5adedb4b58c28575101c8aee")
}
{ 
    "_id" : ObjectId("5ae9be6b3f06e716ae55bcf6"), 
    "task_assignedTo" : ObjectId("5ae9be6b3f06e716ae55bcf5"), 
    "associate_tasks" : ObjectId("5adedb4b58c28575101c8aee")
}
{ 
    "_id" : ObjectId("5ae9be7f3f06e716ae55bcf9"), 
    "task_assignedTo" : ObjectId("5ae9be7f3f06e716ae55bcf8"), 
    "associate_tasks" : ObjectId("5adedb4b58c28575101c8aee")
}
{ 
    "_id" : ObjectId("5ae9be913f06e716ae55bcfc"), 
    "task_assignedTo" : ObjectId("5ae9be913f06e716ae55bcfb"), 
    "associate_tasks" : ObjectId("5adedb4b58c28575101c8aee")
}
{ 
    "_id" : ObjectId("5ae9bea43f06e716ae55bcff"), 
    "task_assignedTo" : ObjectId("5ae9bea43f06e716ae55bcfe"), 
    "associate_tasks" : ObjectId("5adedb4b58c28575101c8aee")
}
{ 
    "_id" : ObjectId("5ae9bec23f06e716ae55bd02"), 
    "task_assignedTo" : ObjectId("5ae9bec23f06e716ae55bd01"), 
    "associate_tasks" : ObjectId("5adedb4b58c28575101c8aee")
}
{ 
    "_id" : ObjectId("5ae9bee93f06e716ae55bd05"), 
    "task_assignedTo" : ObjectId("5ae9bee93f06e716ae55bd04"), 
    "associate_tasks" : ObjectId("5adedb4b58c28575101c8aee")
}
{ 
    "_id" : ObjectId("5ae9befd3f06e716ae55bd08"), 
    "task_assignedTo" : ObjectId("5ae9befd3f06e716ae55bd07"), 
    "associate_tasks" : ObjectId("5adedb4b58c28575101c8aee")
}
{ 
    "_id" : ObjectId("5ae9bf2b3f06e716ae55bd0b"), 
    "task_assignedTo" : ObjectId("5ae9bf2b3f06e716ae55bd0a"), 
    "associate_tasks" : ObjectId("5adedb4b58c28575101c8aee")
}
{ 
    "_id" : ObjectId("5ae9bf3e3f06e716ae55bd0e"), 
    "task_assignedTo" : ObjectId("5ae9bf3e3f06e716ae55bd0d"), 
    "associate_tasks" : ObjectId("5adedb4b58c28575101c8aee")
}
{ 
    "_id" : ObjectId("5ae9bf593f06e716ae55bd11"), 
    "task_assignedTo" : ObjectId("5ae9bf593f06e716ae55bd10"), 
    "associate_tasks" : ObjectId("5adedb4b58c28575101c8aee")
}
{ 
    "_id" : ObjectId("5ae9bf7a3f06e716ae55bd14"), 
    "task_assignedTo" : ObjectId("5ae9bf7a3f06e716ae55bd13"), 
    "associate_tasks" : ObjectId("5adedb4b58c28575101c8aee")
}
{ 
    "_id" : ObjectId("5ae9bfc53f06e716ae55bd17"), 
    "task_assignedTo" : ObjectId("5ae9bfc53f06e716ae55bd16"), 
    "associate_tasks" : ObjectId("5adedb4b58c28575101c8aee")
}
{ 
    "_id" : ObjectId("5ae9bfdf3f06e716ae55bd1a"), 
    "task_assignedTo" : ObjectId("5ae9bfdf3f06e716ae55bd19"), 
    "associate_tasks" : ObjectId("5adedb4b58c28575101c8aee")
}
{ 
    "_id" : ObjectId("5ae9c0043f06e716ae55bd1d"), 
    "task_assignedTo" : ObjectId("5ae9c0043f06e716ae55bd1c"), 
    "associate_tasks" : ObjectId("5adedb4b58c28575101c8aee")
}
{ 
    "_id" : ObjectId("5ae9c0273f06e716ae55bd20"), 
    "task_assignedTo" : ObjectId("5ae9c0273f06e716ae55bd1f"), 
    "associate_tasks" : ObjectId("5adedb4b58c28575101c8aee")
}
{ 
    "_id" : ObjectId("5ae9c0433f06e716ae55bd23"), 
    "task_assignedTo" : ObjectId("5ae9c0433f06e716ae55bd22"), 
    "associate_tasks" : ObjectId("5adedb4b58c28575101c8aee")
}
{ 
    "_id" : ObjectId("5ae9c0553f06e716ae55bd26"), 
    "task_assignedTo" : ObjectId("5ae9c0553f06e716ae55bd25"), 
    "associate_tasks" : ObjectId("5adedb4b58c28575101c8aee")
}
{ 
    "_id" : ObjectId("5aeada973f06e716ae55bd32"), 
    "task_assignedTo" : ObjectId("5aeada973f06e716ae55bd31"), 
    "associate_tasks" : ObjectId("5adedf3958c28575101c8b08")
}
{ 
    "_id" : ObjectId("5aeadf893f06e716ae55bd38"), 
    "task_assignedTo" : ObjectId("5aeadf893f06e716ae55bd37"), 
    "associate_tasks" : ObjectId("5aded97b58c28575101c8ad6")
}
{ 
    "_id" : ObjectId("5aeadfc83f06e716ae55bd3b"), 
    "task_assignedTo" : ObjectId("5aeadfc83f06e716ae55bd3a"), 
    "associate_tasks" : ObjectId("5aded97b58c28575101c8ad6")
}
{ 
    "_id" : ObjectId("5aeadff33f06e716ae55bd3e"), 
    "task_assignedTo" : ObjectId("5aeadff33f06e716ae55bd3d"), 
    "associate_tasks" : ObjectId("5aded97b58c28575101c8ad6")
}
{ 
    "_id" : ObjectId("5aeae02a3f06e716ae55bd41"), 
    "task_assignedTo" : ObjectId("5aeae02a3f06e716ae55bd40"), 
    "associate_tasks" : ObjectId("5aded97b58c28575101c8ad6")
}
{ 
    "_id" : ObjectId("5aeae2ce3f06e716ae55bd54"), 
    "task_assignedTo" : ObjectId("5aeae2ce3f06e716ae55bd51"), 
    "associate_tasks" : ObjectId("5adeda6958c28575101c8ae2")
}
{ 
    "_id" : ObjectId("5aeae3493f06e716ae55bd5b"), 
    "task_assignedTo" : ObjectId("5aeae3493f06e716ae55bd58"), 
    "associate_tasks" : ObjectId("5adedeb158c28575101c8b00")
}
{ 
    "_id" : ObjectId("5aeae39b3f06e716ae55bd62"), 
    "task_assignedTo" : ObjectId("5aeae39b3f06e716ae55bd5f"), 
    "associate_tasks" : ObjectId("5aded97b58c28575101c8ad6")
}
{ 
    "_id" : ObjectId("5aeae3ce3f06e716ae55bd6b"), 
    "task_assignedTo" : ObjectId("5aeae3ce3f06e716ae55bd68"), 
    "associate_tasks" : ObjectId("5adedeb158c28575101c8b00")
}
{ 
    "_id" : ObjectId("5aeae3e43f06e716ae55bd72"), 
    "task_assignedTo" : ObjectId("5aeae3e43f06e716ae55bd6f"), 
    "associate_tasks" : ObjectId("5aded76558c28575101c8acd")
}
{ 
    "_id" : ObjectId("5aeae45a3f06e716ae55bd79"), 
    "task_assignedTo" : ObjectId("5aeae45a3f06e716ae55bd76"), 
    "associate_tasks" : ObjectId("5adeda0658c28575101c8adc")
}
{ 
    "_id" : ObjectId("5aeafe753f06e716ae55bd80"), 
    "task_assignedTo" : ObjectId("5aeafe753f06e716ae55bd7f"), 
    "associate_tasks" : ObjectId("5adedf3958c28575101c8b08")
}
{ 
    "_id" : ObjectId("5aeb04e53f06e716ae55bd83"), 
    "task_assignedTo" : ObjectId("5aeb04e53f06e716ae55bd82"), 
    "associate_tasks" : ObjectId("5aded85558c28575101c8ace")
}
{ 
    "_id" : ObjectId("5aeb0b343f06e716ae55bd93"), 
    "task_assignedTo" : ObjectId("5aeb0b343f06e716ae55bd90"), 
    "associate_tasks" : ObjectId("5ae96ef8ae3bb145f0103c38")
}
{ 
    "_id" : ObjectId("5aeb0bcb3f06e716ae55bd9a"), 
    "task_assignedTo" : ObjectId("5aeb0bcb3f06e716ae55bd97"), 
    "associate_tasks" : ObjectId("5ae96ef8ae3bb145f0103c38")
}
{ 
    "_id" : ObjectId("5aeb0c2f3f06e716ae55bda1"), 
    "task_assignedTo" : ObjectId("5aeb0c2f3f06e716ae55bd9e"), 
    "associate_tasks" : ObjectId("5ae96ef8ae3bb145f0103c38")
}
{ 
    "_id" : ObjectId("5aeb0c773f06e716ae55bda8"), 
    "task_assignedTo" : ObjectId("5aeb0c773f06e716ae55bda5"), 
    "associate_tasks" : ObjectId("5ae96ef8ae3bb145f0103c38")
}
{ 
    "_id" : ObjectId("5aeb0c8a3f06e716ae55bdaf"), 
    "task_assignedTo" : ObjectId("5aeb0c8a3f06e716ae55bdac"), 
    "associate_tasks" : ObjectId("5ae96ef8ae3bb145f0103c38")
}
{ 
    "_id" : ObjectId("5aeb0cbd3f06e716ae55bdb6"), 
    "task_assignedTo" : ObjectId("5aeb0cbd3f06e716ae55bdb3"), 
    "associate_tasks" : ObjectId("5ad73bb134fbdd15077f7298")
}
{ 
    "_id" : ObjectId("5aeb0cbd3f06e716ae55bdb8"), 
    "task_assignedTo" : ObjectId("5aeb0cbd3f06e716ae55bdb3"), 
    "associate_tasks" : ObjectId("5ad821ef4ec58435f225c70e")
}
{ 
    "_id" : ObjectId("5aeb0cbd3f06e716ae55bdba"), 
    "task_assignedTo" : ObjectId("5aeb0cbd3f06e716ae55bdb3"), 
    "associate_tasks" : ObjectId("5ad888c44955374178be9247")
}
{ 
    "_id" : ObjectId("5aeb0cbd3f06e716ae55bdbc"), 
    "task_assignedTo" : ObjectId("5aeb0cbd3f06e716ae55bdb3"), 
    "associate_tasks" : ObjectId("5add63a558c28575101c8ab4")
}
{ 
    "_id" : ObjectId("5aeb0cbd3f06e716ae55bdbe"), 
    "task_assignedTo" : ObjectId("5aeb0cbd3f06e716ae55bdb3"), 
    "associate_tasks" : ObjectId("5aded76558c28575101c8acd")
}
{ 
    "_id" : ObjectId("5aeb0cbd3f06e716ae55bdc0"), 
    "task_assignedTo" : ObjectId("5aeb0cbd3f06e716ae55bdb3"), 
    "associate_tasks" : ObjectId("5aded85558c28575101c8ace")
}
{ 
    "_id" : ObjectId("5aeb0cbd3f06e716ae55bdc2"), 
    "task_assignedTo" : ObjectId("5aeb0cbd3f06e716ae55bdb3"), 
    "associate_tasks" : ObjectId("5aded8f558c28575101c8ad0")
}
{ 
    "_id" : ObjectId("5aeb0cbd3f06e716ae55bdc4"), 
    "task_assignedTo" : ObjectId("5aeb0cbd3f06e716ae55bdb3"), 
    "associate_tasks" : ObjectId("5aded92158c28575101c8ad2")
}
{ 
    "_id" : ObjectId("5aeb0cbd3f06e716ae55bdc6"), 
    "task_assignedTo" : ObjectId("5aeb0cbd3f06e716ae55bdb3"), 
    "associate_tasks" : ObjectId("5aded93e58c28575101c8ad4")
}
{ 
    "_id" : ObjectId("5aeb0cbd3f06e716ae55bdc8"), 
    "task_assignedTo" : ObjectId("5aeb0cbd3f06e716ae55bdb3"), 
    "associate_tasks" : ObjectId("5aded97b58c28575101c8ad6")
}
{ 
    "_id" : ObjectId("5aeb0cbd3f06e716ae55bdca"), 
    "task_assignedTo" : ObjectId("5aeb0cbd3f06e716ae55bdb3"), 
    "associate_tasks" : ObjectId("5aded99958c28575101c8ad8")
}
{ 
    "_id" : ObjectId("5aeb0cbd3f06e716ae55bdcc"), 
    "task_assignedTo" : ObjectId("5aeb0cbd3f06e716ae55bdb3"), 
    "associate_tasks" : ObjectId("5aded9df58c28575101c8ada")
}
{ 
    "_id" : ObjectId("5aeb0cbd3f06e716ae55bdce"), 
    "task_assignedTo" : ObjectId("5aeb0cbd3f06e716ae55bdb3"), 
    "associate_tasks" : ObjectId("5adeda0658c28575101c8adc")
}
{ 
    "_id" : ObjectId("5aeb0cbd3f06e716ae55bdd0"), 
    "task_assignedTo" : ObjectId("5aeb0cbd3f06e716ae55bdb3"), 
    "associate_tasks" : ObjectId("5adeda2758c28575101c8ade")
}
{ 
    "_id" : ObjectId("5aeb0cbd3f06e716ae55bdd2"), 
    "task_assignedTo" : ObjectId("5aeb0cbd3f06e716ae55bdb3"), 
    "associate_tasks" : ObjectId("5adeda4b58c28575101c8ae0")
}
{ 
    "_id" : ObjectId("5aeb0cbd3f06e716ae55bdd4"), 
    "task_assignedTo" : ObjectId("5aeb0cbd3f06e716ae55bdb3"), 
    "associate_tasks" : ObjectId("5adeda6958c28575101c8ae2")
}
{ 
    "_id" : ObjectId("5aeb0cbd3f06e716ae55bdd6"), 
    "task_assignedTo" : ObjectId("5aeb0cbd3f06e716ae55bdb3"), 
    "associate_tasks" : ObjectId("5adeda9158c28575101c8ae4")
}
{ 
    "_id" : ObjectId("5aeb0cbd3f06e716ae55bdd8"), 
    "task_assignedTo" : ObjectId("5aeb0cbd3f06e716ae55bdb3"), 
    "associate_tasks" : ObjectId("5adedaca58c28575101c8ae8")
}
{ 
    "_id" : ObjectId("5aeb0cbd3f06e716ae55bdda"), 
    "task_assignedTo" : ObjectId("5aeb0cbd3f06e716ae55bdb3"), 
    "associate_tasks" : ObjectId("5adedb2f58c28575101c8aec")
}
{ 
    "_id" : ObjectId("5aeb0cbd3f06e716ae55bddc"), 
    "task_assignedTo" : ObjectId("5aeb0cbd3f06e716ae55bdb3"), 
    "associate_tasks" : ObjectId("5adedb4b58c28575101c8aee")
}
{ 
    "_id" : ObjectId("5aeb0cbd3f06e716ae55bdde"), 
    "task_assignedTo" : ObjectId("5aeb0cbd3f06e716ae55bdb3"), 
    "associate_tasks" : ObjectId("5adedba758c28575101c8af3")
}
{ 
    "_id" : ObjectId("5aeb0cbd3f06e716ae55bde0"), 
    "task_assignedTo" : ObjectId("5aeb0cbd3f06e716ae55bdb3"), 
    "associate_tasks" : ObjectId("5adede4658c28575101c8af8")
}
{ 
    "_id" : ObjectId("5aeb0cbd3f06e716ae55bde2"), 
    "task_assignedTo" : ObjectId("5aeb0cbd3f06e716ae55bdb3"), 
    "associate_tasks" : ObjectId("5adede6658c28575101c8afa")
}
{ 
    "_id" : ObjectId("5aeb0cbd3f06e716ae55bde4"), 
    "task_assignedTo" : ObjectId("5aeb0cbd3f06e716ae55bdb3"), 
    "associate_tasks" : ObjectId("5adede7b58c28575101c8afc")
}
{ 
    "_id" : ObjectId("5aeb0cbd3f06e716ae55bde6"), 
    "task_assignedTo" : ObjectId("5aeb0cbd3f06e716ae55bdb3"), 
    "associate_tasks" : ObjectId("5adede9658c28575101c8afe")
}
{ 
    "_id" : ObjectId("5aeb0cbd3f06e716ae55bde8"), 
    "task_assignedTo" : ObjectId("5aeb0cbd3f06e716ae55bdb3"), 
    "associate_tasks" : ObjectId("5adedeb158c28575101c8b00")
}
{ 
    "_id" : ObjectId("5aeb0cbd3f06e716ae55bdea"), 
    "task_assignedTo" : ObjectId("5aeb0cbd3f06e716ae55bdb3"), 
    "associate_tasks" : ObjectId("5adedf3958c28575101c8b08")
}
{ 
    "_id" : ObjectId("5aeb0cbd3f06e716ae55bdec"), 
    "task_assignedTo" : ObjectId("5aeb0cbd3f06e716ae55bdb3"), 
    "associate_tasks" : ObjectId("5adedf5558c28575101c8b0a")
}
{ 
    "_id" : ObjectId("5aeb0cbd3f06e716ae55bdee"), 
    "task_assignedTo" : ObjectId("5aeb0cbd3f06e716ae55bdb3"), 
    "associate_tasks" : ObjectId("5adee15b58c28575101c8b0c")
}
{ 
    "_id" : ObjectId("5aeb0cbd3f06e716ae55bdf0"), 
    "task_assignedTo" : ObjectId("5aeb0cbd3f06e716ae55bdb3"), 
    "associate_tasks" : ObjectId("5adeeeb758c28575101c8b38")
}
{ 
    "_id" : ObjectId("5aeb0cbd3f06e716ae55bdf2"), 
    "task_assignedTo" : ObjectId("5aeb0cbd3f06e716ae55bdb3"), 
    "associate_tasks" : ObjectId("5adeeed058c28575101c8b3a")
}
{ 
    "_id" : ObjectId("5aeb0cbd3f06e716ae55bdf4"), 
    "task_assignedTo" : ObjectId("5aeb0cbd3f06e716ae55bdb3"), 
    "associate_tasks" : ObjectId("5adeeee858c28575101c8b3c")
}
{ 
    "_id" : ObjectId("5aeb0cbd3f06e716ae55bdf6"), 
    "task_assignedTo" : ObjectId("5aeb0cbd3f06e716ae55bdb3"), 
    "associate_tasks" : ObjectId("5adeef0558c28575101c8b3e")
}
{ 
    "_id" : ObjectId("5aeb0cbd3f06e716ae55bdf8"), 
    "task_assignedTo" : ObjectId("5aeb0cbd3f06e716ae55bdb3"), 
    "associate_tasks" : ObjectId("5adef00f58c28575101c8b40")
}
{ 
    "_id" : ObjectId("5aeb0cbd3f06e716ae55bdfa"), 
    "task_assignedTo" : ObjectId("5aeb0cbd3f06e716ae55bdb3"), 
    "associate_tasks" : ObjectId("5ae004f458c28575101c8dd2")
}
{ 
    "_id" : ObjectId("5aeb0cbd3f06e716ae55bdfc"), 
    "task_assignedTo" : ObjectId("5aeb0cbd3f06e716ae55bdb3"), 
    "associate_tasks" : ObjectId("5ae96ef8ae3bb145f0103c38")
}
{ 
    "_id" : ObjectId("5aebed333f06e716ae55be18"), 
    "task_assignedTo" : ObjectId("5aebed333f06e716ae55be15"), 
    "associate_tasks" : ObjectId("5ad73bb134fbdd15077f7298")
}
{ 
    "_id" : ObjectId("5aebed5e3f06e716ae55be1f"), 
    "task_assignedTo" : ObjectId("5aebed5e3f06e716ae55be1c"), 
    "associate_tasks" : ObjectId("5ad73bb134fbdd15077f7298")
}
{ 
    "_id" : ObjectId("5aebeda03f06e716ae55be26"), 
    "task_assignedTo" : ObjectId("5aebeda03f06e716ae55be23"), 
    "associate_tasks" : ObjectId("5ae004f458c28575101c8dd2")
}
{ 
    "_id" : ObjectId("5aebedce3f06e716ae55be2d"), 
    "task_assignedTo" : ObjectId("5aebedce3f06e716ae55be2a"), 
    "associate_tasks" : ObjectId("5aded85558c28575101c8ace")
}
{ 
    "_id" : ObjectId("5aebee213f06e716ae55be34"), 
    "task_assignedTo" : ObjectId("5aebee213f06e716ae55be31"), 
    "associate_tasks" : ObjectId("5ad73bb134fbdd15077f7298")
}
{ 
    "_id" : ObjectId("5aebee213f06e716ae55be36"), 
    "task_assignedTo" : ObjectId("5aebee213f06e716ae55be31"), 
    "associate_tasks" : ObjectId("5aded85558c28575101c8ace")
}
{ 
    "_id" : ObjectId("5aebee213f06e716ae55be38"), 
    "task_assignedTo" : ObjectId("5aebee213f06e716ae55be31"), 
    "associate_tasks" : ObjectId("5aded99958c28575101c8ad8")
}
{ 
    "_id" : ObjectId("5aebee213f06e716ae55be3a"), 
    "task_assignedTo" : ObjectId("5aebee213f06e716ae55be31"), 
    "associate_tasks" : ObjectId("5ae004f458c28575101c8dd2")
}
{ 
    "_id" : ObjectId("5aebee3c3f06e716ae55be3e"), 
    "task_assignedTo" : ObjectId("5aebedce3f06e716ae55be2a"), 
    "associate_tasks" : ObjectId("5aded99958c28575101c8ad8")
}
{ 
    "_id" : ObjectId("5aebeecc3f06e716ae55be4c"), 
    "task_assignedTo" : ObjectId("5aebeecc3f06e716ae55be49"), 
    "associate_tasks" : ObjectId("5aded85558c28575101c8ace")
}
{ 
    "_id" : ObjectId("5aebeecc3f06e716ae55be4e"), 
    "task_assignedTo" : ObjectId("5aebeecc3f06e716ae55be49"), 
    "associate_tasks" : ObjectId("5adedf3958c28575101c8b08")
}
{ 
    "_id" : ObjectId("5aebeecc3f06e716ae55be50"), 
    "task_assignedTo" : ObjectId("5aebeecc3f06e716ae55be49"), 
    "associate_tasks" : ObjectId("5ae004f458c28575101c8dd2")
}
{ 
    "_id" : ObjectId("5aec5e2b3f06e716ae55be6f"), 
    "task_assignedTo" : ObjectId("5aec5e2b3f06e716ae55be6e"), 
    "associate_tasks" : ObjectId("5aded8f558c28575101c8ad0")
}
{ 
    "_id" : ObjectId("5aec5e743f06e716ae55be72"), 
    "task_assignedTo" : ObjectId("5aec5e743f06e716ae55be71"), 
    "associate_tasks" : ObjectId("5aded8f558c28575101c8ad0")
}
{ 
    "_id" : ObjectId("5aec5eb03f06e716ae55be75"), 
    "task_assignedTo" : ObjectId("5aec5eb03f06e716ae55be74"), 
    "associate_tasks" : ObjectId("5aded8f558c28575101c8ad0")
}
{ 
    "_id" : ObjectId("5aec60683f06e716ae55be78"), 
    "task_assignedTo" : ObjectId("5aec60683f06e716ae55be77"), 
    "associate_tasks" : ObjectId("5aded8f558c28575101c8ad0")
}
{ 
    "_id" : ObjectId("5aec60db3f06e716ae55be7b"), 
    "task_assignedTo" : ObjectId("5aec60db3f06e716ae55be7a"), 
    "associate_tasks" : ObjectId("5aded8f558c28575101c8ad0")
}
{ 
    "_id" : ObjectId("5aec611b3f06e716ae55be80"), 
    "task_assignedTo" : ObjectId("5aec611b3f06e716ae55be7f"), 
    "associate_tasks" : ObjectId("5aded8f558c28575101c8ad0")
}
{ 
    "_id" : ObjectId("5aec614f3f06e716ae55be83"), 
    "task_assignedTo" : ObjectId("5aec614f3f06e716ae55be82"), 
    "associate_tasks" : ObjectId("5aded8f558c28575101c8ad0")
}
{ 
    "_id" : ObjectId("5aec61813f06e716ae55be88"), 
    "task_assignedTo" : ObjectId("5aec61813f06e716ae55be87"), 
    "associate_tasks" : ObjectId("5aded8f558c28575101c8ad0")
}
{ 
    "_id" : ObjectId("5aec61b23f06e716ae55be8b"), 
    "task_assignedTo" : ObjectId("5aec61b23f06e716ae55be8a"), 
    "associate_tasks" : ObjectId("5aded8f558c28575101c8ad0")
}
{ 
    "_id" : ObjectId("5aec61f23f06e716ae55be90"), 
    "task_assignedTo" : ObjectId("5aec61f23f06e716ae55be8f"), 
    "associate_tasks" : ObjectId("5aded8f558c28575101c8ad0")
}
{ 
    "_id" : ObjectId("5aec622f3f06e716ae55be93"), 
    "task_assignedTo" : ObjectId("5aec622f3f06e716ae55be92"), 
    "associate_tasks" : ObjectId("5aded8f558c28575101c8ad0")
}
{ 
    "_id" : ObjectId("5aec62873f06e716ae55be96"), 
    "task_assignedTo" : ObjectId("5aec62873f06e716ae55be95"), 
    "associate_tasks" : ObjectId("5aded8f558c28575101c8ad0")
}
{ 
    "_id" : ObjectId("5aec62c23f06e716ae55be99"), 
    "task_assignedTo" : ObjectId("5aec62c23f06e716ae55be98"), 
    "associate_tasks" : ObjectId("5aded8f558c28575101c8ad0")
}
{ 
    "_id" : ObjectId("5aec62e53f06e716ae55be9c"), 
    "task_assignedTo" : ObjectId("5aec62e53f06e716ae55be9b"), 
    "associate_tasks" : ObjectId("5aded8f558c28575101c8ad0")
}
{ 
    "_id" : ObjectId("5aec632c3f06e716ae55be9f"), 
    "task_assignedTo" : ObjectId("5aec632c3f06e716ae55be9e"), 
    "associate_tasks" : ObjectId("5aded8f558c28575101c8ad0")
}
{ 
    "_id" : ObjectId("5aec634a3f06e716ae55bea2"), 
    "task_assignedTo" : ObjectId("5aec634a3f06e716ae55bea1"), 
    "associate_tasks" : ObjectId("5aded8f558c28575101c8ad0")
}
