{ 
    "_id" : ObjectId("5ad8385b4ec58435f225c728"), 
    "associate_Projects" : ObjectId("5ad821ef4ec58435f225c70e"), 
    "project_membares" : ObjectId("5ad838454ec58435f225c725")
}
{ 
    "_id" : ObjectId("5ad847144ec58435f225c732"), 
    "associate_Projects" : ObjectId("5ad73bb134fbdd15077f7298"), 
    "project_membares" : ObjectId("5ad846c54ec58435f225c72f")
}
{ 
    "_id" : ObjectId("5ad848954ec58435f225c73b"), 
    "associate_Projects" : ObjectId("5ad73b4834fbdd15077f7294"), 
    "project_membares" : ObjectId("5ad8223b4ec58435f225c70f")
}
{ 
    "_id" : ObjectId("5ad8692f4ec58435f225c746"), 
    "associate_Projects" : ObjectId("5ad73b4834fbdd15077f7294"), 
    "project_membares" : ObjectId("5ad868a14ec58435f225c741")
}
{ 
    "_id" : ObjectId("5ad8692f4ec58435f225c748"), 
    "associate_Projects" : ObjectId("5ad73bb134fbdd15077f7298"), 
    "project_membares" : ObjectId("5ad868a14ec58435f225c741")
}
{ 
    "_id" : ObjectId("5ad8692f4ec58435f225c74a"), 
    "associate_Projects" : ObjectId("5ad821ef4ec58435f225c70e"), 
    "project_membares" : ObjectId("5ad868a14ec58435f225c741")
}
{ 
    "_id" : ObjectId("5ad88b8da58ef2433330f315"), 
    "associate_Projects" : ObjectId("5ad821ef4ec58435f225c70e"), 
    "project_membares" : ObjectId("5ad88b7ba58ef2433330f312")
}
{ 
    "_id" : ObjectId("5ad917b1a0588a59dbcef315"), 
    "associate_Projects" : ObjectId("5ad73bb134fbdd15077f7298"), 
    "project_membares" : ObjectId("5ad91756a0588a59dbcef30e")
}
{ 
    "_id" : ObjectId("5add60ed58c28575101c8aa9"), 
    "associate_Projects" : ObjectId("5ad821ef4ec58435f225c70e"), 
    "project_membares" : ObjectId("5ad868a14ec58435f225c741")
}
{ 
    "_id" : ObjectId("5add610758c28575101c8aab"), 
    "associate_Projects" : ObjectId("5ad821ef4ec58435f225c70e"), 
    "project_membares" : ObjectId("5ad868a14ec58435f225c741")
}
{ 
    "_id" : ObjectId("5add616758c28575101c8aaf"), 
    "associate_Projects" : ObjectId("5ad73bb134fbdd15077f7298"), 
    "project_membares" : ObjectId("5ad88b7ba58ef2433330f312")
}
{ 
    "_id" : ObjectId("5adebd1858c28575101c8ac6"), 
    "associate_Projects" : ObjectId("5ad821ef4ec58435f225c70e"), 
    "project_membares" : ObjectId("5adeb38758c28575101c8abe")
}
{ 
    "_id" : ObjectId("5adebd1858c28575101c8ac8"), 
    "associate_Projects" : ObjectId("5ad888c44955374178be9247"), 
    "project_membares" : ObjectId("5adeb38758c28575101c8abe")
}
{ 
    "_id" : ObjectId("5adee35358c28575101c8b10"), 
    "associate_Projects" : ObjectId("5aded8f558c28575101c8ad0"), 
    "project_membares" : ObjectId("5adee32d58c28575101c8b0d")
}
{ 
    "_id" : ObjectId("5adee35358c28575101c8b12"), 
    "associate_Projects" : ObjectId("5aded93e58c28575101c8ad4"), 
    "project_membares" : ObjectId("5adee32d58c28575101c8b0d")
}
{ 
    "_id" : ObjectId("5adee35458c28575101c8b14"), 
    "associate_Projects" : ObjectId("5aded9df58c28575101c8ada"), 
    "project_membares" : ObjectId("5adee32d58c28575101c8b0d")
}
{ 
    "_id" : ObjectId("5adee35458c28575101c8b16"), 
    "associate_Projects" : ObjectId("5adedaca58c28575101c8ae8"), 
    "project_membares" : ObjectId("5adee32d58c28575101c8b0d")
}
{ 
    "_id" : ObjectId("5adee35458c28575101c8b18"), 
    "associate_Projects" : ObjectId("5adedb4b58c28575101c8aee"), 
    "project_membares" : ObjectId("5adee32d58c28575101c8b0d")
}
{ 
    "_id" : ObjectId("5adee4e258c28575101c8b2e"), 
    "associate_Projects" : ObjectId("5aded76558c28575101c8acd"), 
    "project_membares" : ObjectId("5adee32d58c28575101c8b0d")
}
{ 
    "_id" : ObjectId("5adee5b158c28575101c8b32"), 
    "associate_Projects" : ObjectId("5ad821ef4ec58435f225c70e"), 
    "project_membares" : ObjectId("5adee5a858c28575101c8b30")
}
{ 
    "_id" : ObjectId("5adef2ee58c28575101c8b60"), 
    "associate_Projects" : ObjectId("5adedba758c28575101c8af3"), 
    "project_membares" : ObjectId("5adee32d58c28575101c8b0d")
}
{ 
    "_id" : ObjectId("5adef38b58c28575101c8b62"), 
    "associate_Projects" : ObjectId("5ad821ef4ec58435f225c70e"), 
    "project_membares" : ObjectId("5addeb4e58c28575101c8aba")
}
{ 
    "_id" : ObjectId("5adf026e58c28575101c8b6b"), 
    "associate_Projects" : ObjectId("5adef00f58c28575101c8b40"), 
    "project_membares" : ObjectId("5adee32d58c28575101c8b0d")
}
{ 
    "_id" : ObjectId("5adf029658c28575101c8b6f"), 
    "associate_Projects" : ObjectId("5adedba758c28575101c8af3"), 
    "project_membares" : ObjectId("5adee32d58c28575101c8b0d")
}
{ 
    "_id" : ObjectId("5adf089858c28575101c8b8a"), 
    "associate_Projects" : ObjectId("5adedb4b58c28575101c8aee"), 
    "project_membares" : ObjectId("5adf088a58c28575101c8b87")
}
{ 
    "_id" : ObjectId("5adf08e958c28575101c8b8f"), 
    "associate_Projects" : ObjectId("5aded85558c28575101c8ace"), 
    "project_membares" : ObjectId("5adf08dd58c28575101c8b8c")
}
{ 
    "_id" : ObjectId("5adf08ee58c28575101c8b91"), 
    "associate_Projects" : ObjectId("5ad73bb134fbdd15077f7298"), 
    "project_membares" : ObjectId("5adf08dd58c28575101c8b8c")
}
{ 
    "_id" : ObjectId("5adf09ef58c28575101c8b9f"), 
    "associate_Projects" : ObjectId("5aded76558c28575101c8acd"), 
    "project_membares" : ObjectId("5adf08dd58c28575101c8b8c")
}
{ 
    "_id" : ObjectId("5adf0af358c28575101c8bb0"), 
    "associate_Projects" : ObjectId("5aded8f558c28575101c8ad0"), 
    "project_membares" : ObjectId("5adf088a58c28575101c8b87")
}
{ 
    "_id" : ObjectId("5adf0af958c28575101c8bb2"), 
    "associate_Projects" : ObjectId("5adeda9158c28575101c8ae4"), 
    "project_membares" : ObjectId("5adf088a58c28575101c8b87")
}
{ 
    "_id" : ObjectId("5adf169858c28575101c8bc7"), 
    "associate_Projects" : ObjectId("5aded92158c28575101c8ad2"), 
    "project_membares" : ObjectId("5adf166458c28575101c8bc4")
}
{ 
    "_id" : ObjectId("5adf169958c28575101c8bc9"), 
    "associate_Projects" : ObjectId("5aded97b58c28575101c8ad6"), 
    "project_membares" : ObjectId("5adf166458c28575101c8bc4")
}
{ 
    "_id" : ObjectId("5adf169958c28575101c8bcb"), 
    "associate_Projects" : ObjectId("5adeda0658c28575101c8adc"), 
    "project_membares" : ObjectId("5adf166458c28575101c8bc4")
}
{ 
    "_id" : ObjectId("5adf169958c28575101c8bcd"), 
    "associate_Projects" : ObjectId("5adeda6958c28575101c8ae2"), 
    "project_membares" : ObjectId("5adf166458c28575101c8bc4")
}
{ 
    "_id" : ObjectId("5adf169958c28575101c8bcf"), 
    "associate_Projects" : ObjectId("5adeda9158c28575101c8ae4"), 
    "project_membares" : ObjectId("5adf166458c28575101c8bc4")
}
{ 
    "_id" : ObjectId("5adf169958c28575101c8bd1"), 
    "associate_Projects" : ObjectId("5adede7b58c28575101c8afc"), 
    "project_membares" : ObjectId("5adf166458c28575101c8bc4")
}
{ 
    "_id" : ObjectId("5adf169958c28575101c8bd3"), 
    "associate_Projects" : ObjectId("5adedeb158c28575101c8b00"), 
    "project_membares" : ObjectId("5adf166458c28575101c8bc4")
}
{ 
    "_id" : ObjectId("5adf19dd58c28575101c8c26"), 
    "associate_Projects" : ObjectId("5adedb2f58c28575101c8aec"), 
    "project_membares" : ObjectId("5adf19ca58c28575101c8c22")
}
{ 
    "_id" : ObjectId("5adf19e358c28575101c8c28"), 
    "associate_Projects" : ObjectId("5adede9658c28575101c8afe"), 
    "project_membares" : ObjectId("5adf19ca58c28575101c8c22")
}
{ 
    "_id" : ObjectId("5adf1d8a58c28575101c8c45"), 
    "associate_Projects" : ObjectId("5adedf3958c28575101c8b08"), 
    "project_membares" : ObjectId("5adf088a58c28575101c8b87")
}
{ 
    "_id" : ObjectId("5adf288c58c28575101c8c54"), 
    "associate_Projects" : ObjectId("5aded93e58c28575101c8ad4"), 
    "project_membares" : ObjectId("5adf285e58c28575101c8c50")
}
{ 
    "_id" : ObjectId("5adf288c58c28575101c8c56"), 
    "associate_Projects" : ObjectId("5adedaca58c28575101c8ae8"), 
    "project_membares" : ObjectId("5adf285e58c28575101c8c50")
}
{ 
    "_id" : ObjectId("5adf288c58c28575101c8c58"), 
    "associate_Projects" : ObjectId("5adede9658c28575101c8afe"), 
    "project_membares" : ObjectId("5adf285e58c28575101c8c50")
}
{ 
    "_id" : ObjectId("5adf288d58c28575101c8c5a"), 
    "associate_Projects" : ObjectId("5adef00f58c28575101c8b40"), 
    "project_membares" : ObjectId("5adf285e58c28575101c8c50")
}
{ 
    "_id" : ObjectId("5adf29a358c28575101c8cbb"), 
    "associate_Projects" : ObjectId("5aded93e58c28575101c8ad4"), 
    "project_membares" : ObjectId("5adf296e58c28575101c8cb8")
}
{ 
    "_id" : ObjectId("5adf29a358c28575101c8cbd"), 
    "associate_Projects" : ObjectId("5adedb4b58c28575101c8aee"), 
    "project_membares" : ObjectId("5adf296e58c28575101c8cb8")
}
{ 
    "_id" : ObjectId("5adf29a358c28575101c8cbf"), 
    "associate_Projects" : ObjectId("5adef00f58c28575101c8b40"), 
    "project_membares" : ObjectId("5adf296e58c28575101c8cb8")
}
{ 
    "_id" : ObjectId("5adf2ad058c28575101c8d11"), 
    "associate_Projects" : ObjectId("5adef00f58c28575101c8b40"), 
    "project_membares" : ObjectId("5adf2ac358c28575101c8d0e")
}
{ 
    "_id" : ObjectId("5adf2ad758c28575101c8d13"), 
    "associate_Projects" : ObjectId("5adeda9158c28575101c8ae4"), 
    "project_membares" : ObjectId("5adf2ac358c28575101c8d0e")
}
{ 
    "_id" : ObjectId("5adf2b8758c28575101c8d57"), 
    "associate_Projects" : ObjectId("5adef00f58c28575101c8b40"), 
    "project_membares" : ObjectId("5adf2b7658c28575101c8d54")
}
{ 
    "_id" : ObjectId("5adf2b8f58c28575101c8d59"), 
    "associate_Projects" : ObjectId("5aded93e58c28575101c8ad4"), 
    "project_membares" : ObjectId("5adf2b7658c28575101c8d54")
}
{ 
    "_id" : ObjectId("5adf3a1f58c28575101c8db6"), 
    "associate_Projects" : ObjectId("5adede9658c28575101c8afe"), 
    "project_membares" : ObjectId("5adf088a58c28575101c8b87")
}
{ 
    "_id" : ObjectId("5adf3a2758c28575101c8db8"), 
    "associate_Projects" : ObjectId("5adeeeb758c28575101c8b38"), 
    "project_membares" : ObjectId("5adf088a58c28575101c8b87")
}
{ 
    "_id" : ObjectId("5adf3a6758c28575101c8dba"), 
    "associate_Projects" : ObjectId("5adede4658c28575101c8af8"), 
    "project_membares" : ObjectId("5adf088a58c28575101c8b87")
}
{ 
    "_id" : ObjectId("5adf3b9e58c28575101c8dc9"), 
    "associate_Projects" : ObjectId("5adedb2f58c28575101c8aec"), 
    "project_membares" : ObjectId("5adf088a58c28575101c8b87")
}
{ 
    "_id" : ObjectId("5ae970aaae3bb145f0103c40"), 
    "associate_Projects" : ObjectId("5aded92158c28575101c8ad2"), 
    "project_membares" : ObjectId("5ae96dadae3bb145f0103c2e")
}
{ 
    "_id" : ObjectId("5ae97d4e20dcc2132c376a9a"), 
    "associate_Projects" : ObjectId("5ad73bb134fbdd15077f7298"), 
    "project_membares" : ObjectId("5ae97d3320dcc2132c376a97")
}
{ 
    "_id" : ObjectId("5ae97d4e20dcc2132c376a9c"), 
    "associate_Projects" : ObjectId("5ad821ef4ec58435f225c70e"), 
    "project_membares" : ObjectId("5ae97d3320dcc2132c376a97")
}
{ 
    "_id" : ObjectId("5ae97d4e20dcc2132c376a9e"), 
    "associate_Projects" : ObjectId("5ad888c44955374178be9247"), 
    "project_membares" : ObjectId("5ae97d3320dcc2132c376a97")
}
{ 
    "_id" : ObjectId("5ae97d4e20dcc2132c376aa0"), 
    "associate_Projects" : ObjectId("5add63a558c28575101c8ab4"), 
    "project_membares" : ObjectId("5ae97d3320dcc2132c376a97")
}
{ 
    "_id" : ObjectId("5ae97d4e20dcc2132c376aa2"), 
    "associate_Projects" : ObjectId("5aded76558c28575101c8acd"), 
    "project_membares" : ObjectId("5ae97d3320dcc2132c376a97")
}
{ 
    "_id" : ObjectId("5ae97d4e20dcc2132c376aa4"), 
    "associate_Projects" : ObjectId("5aded85558c28575101c8ace"), 
    "project_membares" : ObjectId("5ae97d3320dcc2132c376a97")
}
{ 
    "_id" : ObjectId("5ae97d4e20dcc2132c376aa6"), 
    "associate_Projects" : ObjectId("5aded8f558c28575101c8ad0"), 
    "project_membares" : ObjectId("5ae97d3320dcc2132c376a97")
}
{ 
    "_id" : ObjectId("5ae97d4e20dcc2132c376aa8"), 
    "associate_Projects" : ObjectId("5aded92158c28575101c8ad2"), 
    "project_membares" : ObjectId("5ae97d3320dcc2132c376a97")
}
{ 
    "_id" : ObjectId("5ae97d4e20dcc2132c376aaa"), 
    "associate_Projects" : ObjectId("5aded93e58c28575101c8ad4"), 
    "project_membares" : ObjectId("5ae97d3320dcc2132c376a97")
}
{ 
    "_id" : ObjectId("5ae97d4e20dcc2132c376aac"), 
    "associate_Projects" : ObjectId("5aded97b58c28575101c8ad6"), 
    "project_membares" : ObjectId("5ae97d3320dcc2132c376a97")
}
{ 
    "_id" : ObjectId("5ae97d4e20dcc2132c376aae"), 
    "associate_Projects" : ObjectId("5aded99958c28575101c8ad8"), 
    "project_membares" : ObjectId("5ae97d3320dcc2132c376a97")
}
{ 
    "_id" : ObjectId("5ae97d4e20dcc2132c376ab0"), 
    "associate_Projects" : ObjectId("5aded9df58c28575101c8ada"), 
    "project_membares" : ObjectId("5ae97d3320dcc2132c376a97")
}
{ 
    "_id" : ObjectId("5ae97d4e20dcc2132c376ab2"), 
    "associate_Projects" : ObjectId("5adeda0658c28575101c8adc"), 
    "project_membares" : ObjectId("5ae97d3320dcc2132c376a97")
}
{ 
    "_id" : ObjectId("5ae97d4e20dcc2132c376ab4"), 
    "associate_Projects" : ObjectId("5adeda2758c28575101c8ade"), 
    "project_membares" : ObjectId("5ae97d3320dcc2132c376a97")
}
{ 
    "_id" : ObjectId("5ae97d4e20dcc2132c376ab6"), 
    "associate_Projects" : ObjectId("5adeda4b58c28575101c8ae0"), 
    "project_membares" : ObjectId("5ae97d3320dcc2132c376a97")
}
{ 
    "_id" : ObjectId("5ae97d4e20dcc2132c376ab8"), 
    "associate_Projects" : ObjectId("5adeda6958c28575101c8ae2"), 
    "project_membares" : ObjectId("5ae97d3320dcc2132c376a97")
}
{ 
    "_id" : ObjectId("5ae97d4e20dcc2132c376aba"), 
    "associate_Projects" : ObjectId("5adeda9158c28575101c8ae4"), 
    "project_membares" : ObjectId("5ae97d3320dcc2132c376a97")
}
{ 
    "_id" : ObjectId("5ae97d4e20dcc2132c376abc"), 
    "associate_Projects" : ObjectId("5adedaca58c28575101c8ae8"), 
    "project_membares" : ObjectId("5ae97d3320dcc2132c376a97")
}
{ 
    "_id" : ObjectId("5ae97d4e20dcc2132c376abe"), 
    "associate_Projects" : ObjectId("5adedb2f58c28575101c8aec"), 
    "project_membares" : ObjectId("5ae97d3320dcc2132c376a97")
}
{ 
    "_id" : ObjectId("5ae97d4e20dcc2132c376ac0"), 
    "associate_Projects" : ObjectId("5adedb4b58c28575101c8aee"), 
    "project_membares" : ObjectId("5ae97d3320dcc2132c376a97")
}
{ 
    "_id" : ObjectId("5ae97d4e20dcc2132c376ac2"), 
    "associate_Projects" : ObjectId("5adedba758c28575101c8af3"), 
    "project_membares" : ObjectId("5ae97d3320dcc2132c376a97")
}
{ 
    "_id" : ObjectId("5ae97d4e20dcc2132c376ac4"), 
    "associate_Projects" : ObjectId("5adede4658c28575101c8af8"), 
    "project_membares" : ObjectId("5ae97d3320dcc2132c376a97")
}
{ 
    "_id" : ObjectId("5ae97d4e20dcc2132c376ac6"), 
    "associate_Projects" : ObjectId("5adede6658c28575101c8afa"), 
    "project_membares" : ObjectId("5ae97d3320dcc2132c376a97")
}
{ 
    "_id" : ObjectId("5ae97d4e20dcc2132c376ac8"), 
    "associate_Projects" : ObjectId("5adede7b58c28575101c8afc"), 
    "project_membares" : ObjectId("5ae97d3320dcc2132c376a97")
}
{ 
    "_id" : ObjectId("5ae97d4e20dcc2132c376aca"), 
    "associate_Projects" : ObjectId("5adede9658c28575101c8afe"), 
    "project_membares" : ObjectId("5ae97d3320dcc2132c376a97")
}
{ 
    "_id" : ObjectId("5ae97d4e20dcc2132c376acc"), 
    "associate_Projects" : ObjectId("5adedeb158c28575101c8b00"), 
    "project_membares" : ObjectId("5ae97d3320dcc2132c376a97")
}
{ 
    "_id" : ObjectId("5ae97d4e20dcc2132c376ace"), 
    "associate_Projects" : ObjectId("5adedf3958c28575101c8b08"), 
    "project_membares" : ObjectId("5ae97d3320dcc2132c376a97")
}
{ 
    "_id" : ObjectId("5ae97d4e20dcc2132c376ad0"), 
    "associate_Projects" : ObjectId("5adedf5558c28575101c8b0a"), 
    "project_membares" : ObjectId("5ae97d3320dcc2132c376a97")
}
{ 
    "_id" : ObjectId("5ae97d4e20dcc2132c376ad2"), 
    "associate_Projects" : ObjectId("5adee15b58c28575101c8b0c"), 
    "project_membares" : ObjectId("5ae97d3320dcc2132c376a97")
}
{ 
    "_id" : ObjectId("5ae97d4e20dcc2132c376ad4"), 
    "associate_Projects" : ObjectId("5adeeeb758c28575101c8b38"), 
    "project_membares" : ObjectId("5ae97d3320dcc2132c376a97")
}
{ 
    "_id" : ObjectId("5ae97d4e20dcc2132c376ad6"), 
    "associate_Projects" : ObjectId("5adeeed058c28575101c8b3a"), 
    "project_membares" : ObjectId("5ae97d3320dcc2132c376a97")
}
{ 
    "_id" : ObjectId("5ae97d4e20dcc2132c376ad8"), 
    "associate_Projects" : ObjectId("5adeeee858c28575101c8b3c"), 
    "project_membares" : ObjectId("5ae97d3320dcc2132c376a97")
}
{ 
    "_id" : ObjectId("5ae97d4e20dcc2132c376ada"), 
    "associate_Projects" : ObjectId("5adeef0558c28575101c8b3e"), 
    "project_membares" : ObjectId("5ae97d3320dcc2132c376a97")
}
{ 
    "_id" : ObjectId("5ae97d4e20dcc2132c376adc"), 
    "associate_Projects" : ObjectId("5adef00f58c28575101c8b40"), 
    "project_membares" : ObjectId("5ae97d3320dcc2132c376a97")
}
{ 
    "_id" : ObjectId("5ae97d4e20dcc2132c376ade"), 
    "associate_Projects" : ObjectId("5ae004f458c28575101c8dd2"), 
    "project_membares" : ObjectId("5ae97d3320dcc2132c376a97")
}
{ 
    "_id" : ObjectId("5ae97d4e20dcc2132c376ae0"), 
    "associate_Projects" : ObjectId("5ae96ef8ae3bb145f0103c38"), 
    "project_membares" : ObjectId("5ae97d3320dcc2132c376a97")
}
{ 
    "_id" : ObjectId("5ae97e1020dcc2132c376bcc"), 
    "associate_Projects" : ObjectId("5ad821ef4ec58435f225c70e"), 
    "project_membares" : ObjectId("5ae97de620dcc2132c376bc9")
}
{ 
    "_id" : ObjectId("5ae97e1020dcc2132c376bce"), 
    "associate_Projects" : ObjectId("5adedaca58c28575101c8ae8"), 
    "project_membares" : ObjectId("5ae97de620dcc2132c376bc9")
}
{ 
    "_id" : ObjectId("5ae97e1020dcc2132c376bd0"), 
    "associate_Projects" : ObjectId("5adedb4b58c28575101c8aee"), 
    "project_membares" : ObjectId("5ae97de620dcc2132c376bc9")
}
{ 
    "_id" : ObjectId("5ae97e1020dcc2132c376bd2"), 
    "associate_Projects" : ObjectId("5adedba758c28575101c8af3"), 
    "project_membares" : ObjectId("5ae97de620dcc2132c376bc9")
}
{ 
    "_id" : ObjectId("5ae97e1020dcc2132c376bd4"), 
    "associate_Projects" : ObjectId("5adef00f58c28575101c8b40"), 
    "project_membares" : ObjectId("5ae97de620dcc2132c376bc9")
}
{ 
    "_id" : ObjectId("5ae97e1920dcc2132c376bd6"), 
    "associate_Projects" : ObjectId("5aded9df58c28575101c8ada"), 
    "project_membares" : ObjectId("5ae97de620dcc2132c376bc9")
}
{ 
    "_id" : ObjectId("5ae97e1d20dcc2132c376bd8"), 
    "associate_Projects" : ObjectId("5aded76558c28575101c8acd"), 
    "project_membares" : ObjectId("5ae97de620dcc2132c376bc9")
}
{ 
    "_id" : ObjectId("5ae97e2c20dcc2132c376bda"), 
    "associate_Projects" : ObjectId("5aded8f558c28575101c8ad0"), 
    "project_membares" : ObjectId("5ae97de620dcc2132c376bc9")
}
{ 
    "_id" : ObjectId("5ae9877e3f06e716ae55bb77"), 
    "project_membares" : ObjectId("5ae97d3320dcc2132c376a97"), 
    "associate_Projects" : ObjectId("5adede4658c28575101c8af8")
}
{ 
    "_id" : ObjectId("5ae988f83f06e716ae55bb7c"), 
    "project_membares" : ObjectId("5ae988e93f06e716ae55bb79"), 
    "associate_Projects" : ObjectId("5adef00f58c28575101c8b40")
}
{ 
    "_id" : ObjectId("5ae989003f06e716ae55bb7e"), 
    "project_membares" : ObjectId("5ae988e93f06e716ae55bb79"), 
    "associate_Projects" : ObjectId("5adedaca58c28575101c8ae8")
}
{ 
    "_id" : ObjectId("5ae989093f06e716ae55bb80"), 
    "project_membares" : ObjectId("5ae988e93f06e716ae55bb79"), 
    "associate_Projects" : ObjectId("5aded93e58c28575101c8ad4")
}
{ 
    "_id" : ObjectId("5ae989103f06e716ae55bb82"), 
    "project_membares" : ObjectId("5ae988e93f06e716ae55bb79"), 
    "associate_Projects" : ObjectId("5adede9658c28575101c8afe")
}
{ 
    "_id" : ObjectId("5ae989e23f06e716ae55bbe5"), 
    "project_membares" : ObjectId("5ae989d43f06e716ae55bbe2"), 
    "associate_Projects" : ObjectId("5adef00f58c28575101c8b40")
}
{ 
    "_id" : ObjectId("5ae989e83f06e716ae55bbe7"), 
    "project_membares" : ObjectId("5ae989d43f06e716ae55bbe2"), 
    "associate_Projects" : ObjectId("5aded93e58c28575101c8ad4")
}
{ 
    "_id" : ObjectId("5ae989ec3f06e716ae55bbe9"), 
    "project_membares" : ObjectId("5ae989d43f06e716ae55bbe2"), 
    "associate_Projects" : ObjectId("5adedb4b58c28575101c8aee")
}
{ 
    "_id" : ObjectId("5ae98ac33f06e716ae55bc3c"), 
    "project_membares" : ObjectId("5ae98ab63f06e716ae55bc39"), 
    "associate_Projects" : ObjectId("5adef00f58c28575101c8b40")
}
{ 
    "_id" : ObjectId("5ae98ac83f06e716ae55bc3e"), 
    "project_membares" : ObjectId("5ae98ab63f06e716ae55bc39"), 
    "associate_Projects" : ObjectId("5adeda9158c28575101c8ae4")
}
{ 
    "_id" : ObjectId("5ae98b6f3f06e716ae55bc87"), 
    "project_membares" : ObjectId("5ae98b663f06e716ae55bc84"), 
    "associate_Projects" : ObjectId("5adef00f58c28575101c8b40")
}
{ 
    "_id" : ObjectId("5ae98b753f06e716ae55bc89"), 
    "project_membares" : ObjectId("5ae98b663f06e716ae55bc84"), 
    "associate_Projects" : ObjectId("5aded93e58c28575101c8ad4")
}
{ 
    "_id" : ObjectId("5aeae2473f06e716ae55bd43"), 
    "project_membares" : ObjectId("5ae96dadae3bb145f0103c2e"), 
    "associate_Projects" : ObjectId("5adeda6958c28575101c8ae2")
}
{ 
    "_id" : ObjectId("5aeae24d3f06e716ae55bd45"), 
    "project_membares" : ObjectId("5ae96dadae3bb145f0103c2e"), 
    "associate_Projects" : ObjectId("5adeda0658c28575101c8adc")
}
{ 
    "_id" : ObjectId("5aeae2553f06e716ae55bd47"), 
    "project_membares" : ObjectId("5ae96dadae3bb145f0103c2e"), 
    "associate_Projects" : ObjectId("5aded97b58c28575101c8ad6")
}
{ 
    "_id" : ObjectId("5aeae25b3f06e716ae55bd49"), 
    "project_membares" : ObjectId("5ae96dadae3bb145f0103c2e"), 
    "associate_Projects" : ObjectId("5adedeb158c28575101c8b00")
}
{ 
    "_id" : ObjectId("5aeae26c3f06e716ae55bd4b"), 
    "project_membares" : ObjectId("5ae96dadae3bb145f0103c2e"), 
    "associate_Projects" : ObjectId("5adeda2758c28575101c8ade")
}
{ 
    "_id" : ObjectId("5aeae2853f06e716ae55bd4d"), 
    "project_membares" : ObjectId("5ae96dadae3bb145f0103c2e"), 
    "associate_Projects" : ObjectId("5ae98b0b3f06e716ae55bc68")
}
{ 
    "_id" : ObjectId("5aeae2853f06e716ae55bd4f"), 
    "project_membares" : ObjectId("5ae96dadae3bb145f0103c2e"), 
    "associate_Projects" : ObjectId("5ae98b0b3f06e716ae55bc68")
}
{ 
    "_id" : ObjectId("5aeae3a03f06e716ae55bd66"), 
    "project_membares" : ObjectId("5ae96dadae3bb145f0103c2e"), 
    "associate_Projects" : ObjectId("5aded76558c28575101c8acd")
}
{ 
    "_id" : ObjectId("5aeb0b0a3f06e716ae55bd8e"), 
    "project_membares" : ObjectId("5aeb0af83f06e716ae55bd8b"), 
    "associate_Projects" : ObjectId("5ae96ef8ae3bb145f0103c38")
}
{ 
    "_id" : ObjectId("5aebeca13f06e716ae55be0d"), 
    "project_membares" : ObjectId("5ae98c1a3f06e716ae55bccb"), 
    "associate_Projects" : ObjectId("5ae004f458c28575101c8dd2")
}
{ 
    "_id" : ObjectId("5aebecad3f06e716ae55be0f"), 
    "project_membares" : ObjectId("5ae98c1a3f06e716ae55bccb"), 
    "associate_Projects" : ObjectId("5ad73bb134fbdd15077f7298")
}
{ 
    "_id" : ObjectId("5aebecb53f06e716ae55be11"), 
    "project_membares" : ObjectId("5ae98c1a3f06e716ae55bccb"), 
    "associate_Projects" : ObjectId("5aded85558c28575101c8ace")
}
{ 
    "_id" : ObjectId("5aebecc63f06e716ae55be13"), 
    "project_membares" : ObjectId("5ae98c1a3f06e716ae55bccb"), 
    "associate_Projects" : ObjectId("5aded99958c28575101c8ad8")
}
{ 
    "_id" : ObjectId("5aebeea23f06e716ae55be43"), 
    "project_membares" : ObjectId("5aebee9a3f06e716ae55be40"), 
    "associate_Projects" : ObjectId("5aded85558c28575101c8ace")
}
{ 
    "_id" : ObjectId("5aebeeab3f06e716ae55be45"), 
    "project_membares" : ObjectId("5aebee9a3f06e716ae55be40"), 
    "associate_Projects" : ObjectId("5ae004f458c28575101c8dd2")
}
{ 
    "_id" : ObjectId("5aebeeb43f06e716ae55be47"), 
    "project_membares" : ObjectId("5aebee9a3f06e716ae55be40"), 
    "associate_Projects" : ObjectId("5adedf3958c28575101c8b08")
}
