{ 
    "_id" : ObjectId("5ad5c16779e7326794f0afd0"), 
    "createdAt" : "2018-04-17T09:41:59.431Z", 
    "updatedAt" : "2018-04-19T04:26:31.747Z", 
    "isDeleted" : false, 
    "profileId" : ObjectId("5ad5c16779e7326794f0afcf")
}
{ 
    "_id" : ObjectId("5ad73b2934fbdd15077f7292"), 
    "createdAt" : "2018-04-18T12:33:45.572Z", 
    "updatedAt" : "2018-04-18T12:33:45.572Z", 
    "isDeleted" : false, 
    "profileId" : ObjectId("5ad73b2934fbdd15077f7291")
}
{ 
    "_id" : ObjectId("5ad73b9034fbdd15077f7296"), 
    "createdAt" : "2018-04-18T12:35:28.060Z", 
    "updatedAt" : "2018-04-19T14:08:42.717Z", 
    "isDeleted" : false, 
    "profileId" : ObjectId("5ad73b9034fbdd15077f7295")
}
{ 
    "_id" : ObjectId("5ad7403e34fbdd15077f729a"), 
    "createdAt" : "2018-04-18T12:55:26.128Z", 
    "updatedAt" : "2018-04-19T04:56:53.230Z", 
    "isDeleted" : false, 
    "profileId" : ObjectId("5ad7403e34fbdd15077f7299")
}
{ 
    "_id" : ObjectId("5ad8205a4ec58435f225c708"), 
    "createdAt" : "2018-04-19T04:51:38.349Z", 
    "updatedAt" : "2018-04-19T04:51:38.349Z", 
    "isDeleted" : false, 
    "profileId" : ObjectId("5ad8205a4ec58435f225c707")
}
{ 
    "_id" : ObjectId("5adeded958c28575101c8b02"), 
    "createdAt" : "2018-04-24T07:38:01.516Z", 
    "updatedAt" : "2018-04-24T07:38:01.516Z", 
    "isDeleted" : false, 
    "profileId" : ObjectId("5adeded958c28575101c8b01")
}
{ 
    "_id" : ObjectId("5adedf0158c28575101c8b04"), 
    "createdAt" : "2018-04-24T07:38:41.885Z", 
    "updatedAt" : "2018-04-24T07:38:41.885Z", 
    "isDeleted" : false, 
    "profileId" : ObjectId("5adedf0158c28575101c8b03")
}
{ 
    "_id" : ObjectId("5adedf2258c28575101c8b06"), 
    "createdAt" : "2018-04-24T07:39:14.870Z", 
    "updatedAt" : "2018-04-24T07:39:14.870Z", 
    "isDeleted" : false, 
    "profileId" : ObjectId("5adedf2258c28575101c8b05")
}
{ 
    "_id" : ObjectId("5ae0063a58c28575101c8dd3"), 
    "createdAt" : "2018-04-25T04:38:18.552Z", 
    "updatedAt" : "2018-04-25T04:38:18.552Z", 
    "isDeleted" : false, 
    "profileId" : ObjectId("5adede6658c28575101c8af9")
}
