{ 
    "_id" : ObjectId("5ad73b0734fbdd15077f7290"), 
    "createdAt" : "2018-04-18T12:33:11.017Z", 
    "updatedAt" : "2018-05-02T08:02:16.358Z", 
    "isDeleted" : true, 
    "profileId" : ObjectId("5ad73b0734fbdd15077f728f")
}
{ 
    "_id" : ObjectId("5ad7b8ae34fbdd15077f729c"), 
    "createdAt" : "2018-04-18T21:29:18.524Z", 
    "updatedAt" : "2018-04-19T04:26:42.789Z", 
    "isDeleted" : true, 
    "profileId" : ObjectId("5ad7b8ae34fbdd15077f729b")
}
{ 
    "_id" : ObjectId("5ad821784ec58435f225c70a"), 
    "createdAt" : "2018-04-19T04:56:24.924Z", 
    "updatedAt" : "2018-04-19T04:56:24.924Z", 
    "isDeleted" : false, 
    "profileId" : ObjectId("5ad821784ec58435f225c709")
}
{ 
    "_id" : ObjectId("5ad821cd4ec58435f225c70c"), 
    "createdAt" : "2018-04-19T04:57:49.134Z", 
    "updatedAt" : "2018-05-02T08:02:26.711Z", 
    "isDeleted" : true, 
    "profileId" : ObjectId("5ad821cd4ec58435f225c70b")
}
{ 
    "_id" : ObjectId("5ad837ef4ec58435f225c724"), 
    "createdAt" : "2018-04-19T06:32:15.544Z", 
    "updatedAt" : "2018-05-02T09:54:50.977Z", 
    "isDeleted" : true, 
    "profileId" : ObjectId("5ad837ef4ec58435f225c723")
}
{ 
    "_id" : ObjectId("5ad8a1a4b8d8dd4b4b79f50a"), 
    "createdAt" : "2018-04-19T14:03:16.950Z", 
    "updatedAt" : "2018-05-02T10:01:50.408Z", 
    "isDeleted" : true, 
    "profileId" : ObjectId("5ad821ef4ec58435f225c70d")
}
{ 
    "_id" : ObjectId("5ad8a2f7eaf6084b9d26dcb8"), 
    "createdAt" : "2018-04-19T14:08:55.417Z", 
    "updatedAt" : "2018-05-02T09:54:26.998Z", 
    "isDeleted" : true, 
    "profileId" : ObjectId("5ad73b9034fbdd15077f7295")
}
{ 
    "_id" : ObjectId("5add636c58c28575101c8ab2"), 
    "createdAt" : "2018-04-23T04:39:08.691Z", 
    "updatedAt" : "2018-04-23T04:40:53.076Z", 
    "isDeleted" : true, 
    "profileId" : ObjectId("5add636c58c28575101c8ab1")
}
{ 
    "_id" : ObjectId("5add63b058c28575101c8ab5"), 
    "createdAt" : "2018-04-23T04:40:16.953Z", 
    "updatedAt" : "2018-04-23T04:40:44.113Z", 
    "isDeleted" : true, 
    "profileId" : ObjectId("5add63a558c28575101c8ab3")
}
{ 
    "_id" : ObjectId("5adda23058c28575101c8ab7"), 
    "createdAt" : "2018-04-23T09:06:56.062Z", 
    "updatedAt" : "2018-04-23T09:07:14.608Z", 
    "isDeleted" : true, 
    "profileId" : ObjectId("5adda23058c28575101c8ab6")
}
{ 
    "_id" : ObjectId("5adda25158c28575101c8ab9"), 
    "createdAt" : "2018-04-23T09:07:29.018Z", 
    "updatedAt" : "2018-05-02T09:55:40.925Z", 
    "isDeleted" : true, 
    "profileId" : ObjectId("5adda25158c28575101c8ab8")
}
{ 
    "_id" : ObjectId("5adedab158c28575101c8ae6"), 
    "createdAt" : "2018-04-24T07:20:17.464Z", 
    "updatedAt" : "2018-04-24T07:20:17.464Z", 
    "isDeleted" : false, 
    "profileId" : ObjectId("5adedab158c28575101c8ae5")
}
{ 
    "_id" : ObjectId("5adedafd58c28575101c8aea"), 
    "createdAt" : "2018-04-24T07:21:33.509Z", 
    "updatedAt" : "2018-04-24T07:21:33.509Z", 
    "isDeleted" : false, 
    "profileId" : ObjectId("5adedafd58c28575101c8ae9")
}
